Section,Activity,Contractor,Start,Finish,Duration
,Activity,,2025-08-24,2026-06-30,222
1,L1 apartment fit out cluster 1,,2025-12-07,2025-12-08,1
1,L1 apartment fit out cluster 1,,2025-12-14,2025-12-15,1
1,L1 apartment fit out cluster 1,,2025-12-21,2025-12-22,1
1,L1 apartment fit out cluster 1,,2025-12-28,2025-12-29,1
1,L1 apartment fit out cluster 1,,2026-01-05,2026-01-06,2
1,L1 apartment fit out cluster 1,,2026-01-12,2026-01-13,2
1,L1 apartment fit out cluster 1,,2026-01-19,2026-01-20,2
1,L1 apartment fit out cluster 1,,2026-01-26,2026-01-27,2
1,L1 apartment fit out cluster 1,,2026-02-02,2026-02-03,2
1,L1 apartment fit out cluster 1,,2026-02-09,2026-02-10,2
1,L1 apartment fit out cluster 1,,2026-02-16,2026-02-17,2
1,L1 apartment fit out cluster 1,,2026-02-23,2026-02-25,3
1,L1 apartment fit out cluster 1,,2026-03-06,2026-03-07,1
1,L1 apartment fit out cluster 1,,2026-03-13,2026-03-14,1
1,L1 apartment fit out cluster 1,,2026-03-20,2026-03-21,1
1,L1 apartment fit out cluster 1,,2026-03-27,2026-03-28,1
1,L1 apartment fit out cluster 1,,2026-04-04,2026-04-05,1
1,L1 apartment fit out cluster 1,,2026-04-11,2026-04-12,1
1,L1 apartment fit out cluster 1,,2026-04-18,2026-04-19,1
1,L1 apartment fit out cluster 1,,2026-04-25,2026-04-26,1
1,L1 apartment fit out cluster 1,,2026-05-01,2026-05-02,1
1,L1 apartment fit out cluster 1,,2026-05-08,2026-05-09,1
1,L1 apartment fit out cluster 1,,2026-05-15,2026-05-16,1
1,L1 apartment fit out cluster 1,,2026-05-22,2026-05-23,1
1,L1 apartment fit out cluster 1,,2026-05-29,2026-05-30,1
1,L1 apartment fit out cluster 1,,2026-06-06,2026-06-07,1
1,L1 apartment fit out cluster 1,,2026-06-13,2026-06-14,1
1,L1 apartment fit out cluster 1,,2026-06-20,2026-06-21,1
1,L1 apartment fit out cluster 1,,2026-06-25,2026-06-28,2
2,"kitchen 1st fix,units tops & appliances",,2025-12-07,2025-12-08,1
2,"kitchen 1st fix,units tops & appliances",,2025-12-14,2025-12-15,1
2,"kitchen 1st fix,units tops & appliances",,2025-12-21,2025-12-22,1
2,"kitchen 1st fix,units tops & appliances",,2025-12-28,2025-12-29,1
2,"kitchen 1st fix,units tops & appliances",,2026-01-05,2026-01-06,2
2,"kitchen 1st fix,units tops & appliances",,2026-01-12,2026-01-13,2
2,"kitchen 1st fix,units tops & appliances",,2026-01-19,2026-01-20,2
2,"kitchen 1st fix,units tops & appliances",,2026-01-26,2026-01-27,2
2,"kitchen 1st fix,units tops & appliances",,2026-02-02,2026-02-03,2
2,"kitchen 1st fix,units tops & appliances",,2026-02-09,2026-02-10,2
2,"kitchen 1st fix,units tops & appliances",,2026-02-16,2026-02-17,2
2,"kitchen 1st fix,units tops & appliances",,2026-02-23,2026-02-25,3
2,"kitchen 1st fix,units tops & appliances",,2026-03-06,2026-03-07,1
2,"kitchen 1st fix,units tops & appliances",,2026-03-13,2026-03-14,1
2,"kitchen 1st fix,units tops & appliances",,2026-03-20,2026-03-21,1
2,"kitchen 1st fix,units tops & appliances",,2026-03-27,2026-03-28,1
2,"kitchen 1st fix,units tops & appliances",,2026-04-04,2026-04-05,1
2,"kitchen 1st fix,units tops & appliances",,2026-04-11,2026-04-12,1
2,"kitchen 1st fix,units tops & appliances",,2026-04-18,2026-04-19,1
2,"kitchen 1st fix,units tops & appliances",,2026-04-25,2026-04-26,1
2,"kitchen 1st fix,units tops & appliances",,2026-05-01,2026-05-02,1
2,"kitchen 1st fix,units tops & appliances",,2026-05-08,2026-05-09,1
2,"kitchen 1st fix,units tops & appliances",,2026-05-15,2026-05-16,1
2,"kitchen 1st fix,units tops & appliances",,2026-05-22,2026-05-23,1
2,"kitchen 1st fix,units tops & appliances",,2026-05-29,2026-05-30,1
2,"kitchen 1st fix,units tops & appliances",,2026-06-06,2026-06-07,1
2,"kitchen 1st fix,units tops & appliances",,2026-06-13,2026-06-14,1
2,"kitchen 1st fix,units tops & appliances",,2026-06-20,2026-06-21,1
2,"kitchen 1st fix,units tops & appliances",,2026-06-25,2026-06-28,2
3,PANACEA,,2025-12-07,2025-12-08,1
3,PANACEA,,2025-12-14,2025-12-15,1
3,PANACEA,,2025-12-21,2025-12-22,1
3,PANACEA,,2025-12-28,2025-12-29,1
3,PANACEA,,2026-01-05,2026-01-06,2
3,PANACEA,,2026-01-12,2026-01-13,2
3,PANACEA,,2026-01-19,2026-01-20,2
3,PANACEA,,2026-01-26,2026-01-27,2
3,PANACEA,,2026-02-02,2026-02-03,2
3,PANACEA,,2026-02-09,2026-02-10,2
3,PANACEA,,2026-02-16,2026-02-17,2
3,PANACEA,,2026-02-23,2026-02-25,3
3,PANACEA,,2026-03-06,2026-03-07,1
3,PANACEA,,2026-03-13,2026-03-14,1
3,PANACEA,,2026-03-20,2026-03-21,1
3,PANACEA,,2026-03-27,2026-03-28,1
3,PANACEA,,2026-04-04,2026-04-05,1
3,PANACEA,,2026-04-11,2026-04-12,1
3,PANACEA,,2026-04-18,2026-04-19,1
3,PANACEA,,2026-04-25,2026-04-26,1
3,PANACEA,,2026-05-01,2026-05-02,1
3,PANACEA,,2026-05-08,2026-05-09,1
3,PANACEA,,2026-05-15,2026-05-16,1
3,PANACEA,,2026-05-22,2026-05-23,1
3,PANACEA,,2026-05-29,2026-05-30,1
3,PANACEA,,2026-06-06,2026-06-07,1
3,PANACEA,,2026-06-13,2026-06-14,1
3,PANACEA,,2026-06-20,2026-06-21,1
3,PANACEA,,2026-06-25,2026-06-28,2
4,Wall & floor tiling  JD tiling,,2025-12-07,2025-12-08,1
4,Wall & floor tiling  JD tiling,,2025-12-14,2025-12-15,1
4,Wall & floor tiling  JD tiling,,2025-12-21,2025-12-22,1
4,Wall & floor tiling  JD tiling,,2025-12-28,2025-12-29,1
4,Wall & floor tiling  JD tiling,,2026-01-05,2026-01-06,2
4,Wall & floor tiling  JD tiling,,2026-01-12,2026-01-13,2
4,Wall & floor tiling  JD tiling,,2026-01-19,2026-01-20,2
4,Wall & floor tiling  JD tiling,,2026-01-26,2026-01-27,2
4,Wall & floor tiling  JD tiling,,2026-02-02,2026-02-03,2
4,Wall & floor tiling  JD tiling,,2026-02-09,2026-02-17,7
4,Wall & floor tiling  JD tiling,,2026-02-23,2026-02-25,3
4,Wall & floor tiling  JD tiling,,2026-03-06,2026-03-07,1
4,Wall & floor tiling  JD tiling,,2026-03-13,2026-03-14,1
4,Wall & floor tiling  JD tiling,,2026-03-20,2026-03-21,1
4,Wall & floor tiling  JD tiling,,2026-03-27,2026-03-28,1
4,Wall & floor tiling  JD tiling,,2026-04-04,2026-04-05,1
4,Wall & floor tiling  JD tiling,,2026-04-11,2026-04-12,1
4,Wall & floor tiling  JD tiling,,2026-04-18,2026-04-19,1
4,Wall & floor tiling  JD tiling,,2026-04-25,2026-04-26,1
4,Wall & floor tiling  JD tiling,,2026-05-01,2026-05-02,1
4,Wall & floor tiling  JD tiling,,2026-05-08,2026-05-09,1
4,Wall & floor tiling  JD tiling,,2026-05-15,2026-05-16,1
4,Wall & floor tiling  JD tiling,,2026-05-22,2026-05-23,1
4,Wall & floor tiling  JD tiling,,2026-05-29,2026-05-30,1
4,Wall & floor tiling  JD tiling,,2026-06-06,2026-06-07,1
4,Wall & floor tiling  JD tiling,,2026-06-13,2026-06-14,1
4,Wall & floor tiling  JD tiling,,2026-06-20,2026-06-21,1
4,Wall & floor tiling  JD tiling,,2026-06-25,2026-06-28,2
5,TECL,,2025-12-07,2025-12-08,1
5,TECL,,2025-12-14,2025-12-15,1
5,TECL,,2025-12-21,2025-12-22,1
5,TECL,,2025-12-28,2025-12-29,1
5,TECL,,2026-01-05,2026-01-06,2
5,TECL,,2026-01-12,2026-01-13,2
5,TECL,,2026-01-19,2026-01-20,2
5,TECL,,2026-01-26,2026-01-27,2
5,TECL,,2026-02-02,2026-02-03,2
5,TECL,,2026-02-09,2026-02-10,2
5,TECL,,2026-02-16,2026-02-17,2
5,TECL,,2026-02-23,2026-02-25,3
5,TECL,,2026-03-06,2026-03-07,1
5,TECL,,2026-03-13,2026-03-14,1
5,TECL,,2026-03-20,2026-03-21,1
5,TECL,,2026-03-27,2026-03-28,1
5,TECL,,2026-04-04,2026-04-05,1
5,TECL,,2026-04-11,2026-04-12,1
5,TECL,,2026-04-18,2026-04-19,1
5,TECL,,2026-04-25,2026-04-26,1
5,TECL,,2026-05-01,2026-05-02,1
5,TECL,,2026-05-08,2026-05-09,1
5,TECL,,2026-05-15,2026-05-16,1
5,TECL,,2026-05-22,2026-05-23,1
5,TECL,,2026-05-29,2026-05-30,1
5,TECL,,2026-06-06,2026-06-07,1
5,TECL,,2026-06-13,2026-06-14,1
5,TECL,,2026-06-20,2026-06-21,1
5,TECL,,2026-06-25,2026-06-28,2
,Service cupboard board ceiling &finish,,2025-12-07,2025-12-08,1
,Service cupboard board ceiling &finish,,2025-12-14,2025-12-15,1
,Service cupboard board ceiling &finish,,2025-12-21,2025-12-22,1
,Service cupboard board ceiling &finish,,2025-12-28,2025-12-29,1
,Service cupboard board ceiling &finish,,2026-01-05,2026-01-06,2
,Service cupboard board ceiling &finish,,2026-01-12,2026-01-13,2
,Service cupboard board ceiling &finish,,2026-01-19,2026-01-20,2
,Service cupboard board ceiling &finish,,2026-01-26,2026-01-27,2
,Service cupboard board ceiling &finish,,2026-02-02,2026-02-03,2
,Service cupboard board ceiling &finish,,2026-02-09,2026-02-10,2
,Service cupboard board ceiling &finish,,2026-02-12,2026-02-14,2
,Service cupboard board ceiling &finish,,2026-02-16,2026-02-17,2
,Service cupboard board ceiling &finish,,2026-02-23,2026-02-25,3
,Service cupboard board ceiling &finish,,2026-03-06,2026-03-07,1
,Service cupboard board ceiling &finish,,2026-03-13,2026-03-14,1
,Service cupboard board ceiling &finish,,2026-03-20,2026-03-21,1
,Service cupboard board ceiling &finish,,2026-03-27,2026-03-28,1
,Service cupboard board ceiling &finish,,2026-04-04,2026-04-05,1
,Service cupboard board ceiling &finish,,2026-04-11,2026-04-12,1
,Service cupboard board ceiling &finish,,2026-04-18,2026-04-19,1
,Service cupboard board ceiling &finish,,2026-04-25,2026-04-26,1
,Service cupboard board ceiling &finish,,2026-05-01,2026-05-02,1
,Service cupboard board ceiling &finish,,2026-05-08,2026-05-09,1
,Service cupboard board ceiling &finish,,2026-05-15,2026-05-16,1
,Service cupboard board ceiling &finish,,2026-05-22,2026-05-23,1
,Service cupboard board ceiling &finish,,2026-05-29,2026-05-30,1
,Service cupboard board ceiling &finish,,2026-06-06,2026-06-07,1
,Service cupboard board ceiling &finish,,2026-06-13,2026-06-14,1
,Service cupboard board ceiling &finish,,2026-06-20,2026-06-21,1
,Service cupboard board ceiling &finish,,2026-06-25,2026-06-28,2
6,service cupboard decoration,,2025-12-07,2025-12-08,1
6,service cupboard decoration,,2025-12-14,2025-12-15,1
6,service cupboard decoration,,2025-12-21,2025-12-22,1
6,service cupboard decoration,,2025-12-28,2025-12-29,1
6,service cupboard decoration,,2026-01-05,2026-01-06,2
6,service cupboard decoration,,2026-01-12,2026-01-13,2
6,service cupboard decoration,,2026-01-19,2026-01-20,2
6,service cupboard decoration,,2026-01-26,2026-01-27,2
6,service cupboard decoration,,2026-02-02,2026-02-03,2
6,service cupboard decoration,,2026-02-09,2026-02-10,2
6,service cupboard decoration,,2026-02-15,2026-02-17,2
6,service cupboard decoration,,2026-02-23,2026-02-25,3
6,service cupboard decoration,,2026-03-06,2026-03-07,1
6,service cupboard decoration,,2026-03-13,2026-03-14,1
6,service cupboard decoration,,2026-03-20,2026-03-21,1
6,service cupboard decoration,,2026-03-27,2026-03-28,1
6,service cupboard decoration,,2026-04-04,2026-04-05,1
6,service cupboard decoration,,2026-04-11,2026-04-12,1
6,service cupboard decoration,,2026-04-18,2026-04-19,1
6,service cupboard decoration,,2026-04-25,2026-04-26,1
6,service cupboard decoration,,2026-05-01,2026-05-02,1
6,service cupboard decoration,,2026-05-08,2026-05-09,1
6,service cupboard decoration,,2026-05-15,2026-05-16,1
6,service cupboard decoration,,2026-05-22,2026-05-23,1
6,service cupboard decoration,,2026-05-29,2026-05-30,1
6,service cupboard decoration,,2026-06-06,2026-06-07,1
6,service cupboard decoration,,2026-06-13,2026-06-14,1
6,service cupboard decoration,,2026-06-20,2026-06-21,1
6,service cupboard decoration,,2026-06-25,2026-06-28,2
7,CARA,,2025-12-07,2025-12-08,1
7,CARA,,2025-12-14,2025-12-15,1
7,CARA,,2025-12-21,2025-12-22,1
7,CARA,,2025-12-28,2025-12-29,1
7,CARA,,2026-01-05,2026-01-06,2
7,CARA,,2026-01-12,2026-01-13,2
7,CARA,,2026-01-19,2026-01-20,2
7,CARA,,2026-01-26,2026-01-27,2
7,CARA,,2026-02-02,2026-02-03,2
7,CARA,,2026-02-09,2026-02-10,2
7,CARA,,2026-02-16,2026-02-25,8
7,CARA,,2026-03-06,2026-03-07,1
7,CARA,,2026-03-13,2026-03-14,1
7,CARA,,2026-03-20,2026-03-21,1
7,CARA,,2026-03-27,2026-03-28,1
7,CARA,,2026-04-04,2026-04-05,1
7,CARA,,2026-04-11,2026-04-12,1
7,CARA,,2026-04-18,2026-04-19,1
7,CARA,,2026-04-25,2026-04-26,1
7,CARA,,2026-05-01,2026-05-02,1
7,CARA,,2026-05-08,2026-05-09,1
7,CARA,,2026-05-15,2026-05-16,1
7,CARA,,2026-05-22,2026-05-23,1
7,CARA,,2026-05-29,2026-05-30,1
7,CARA,,2026-06-06,2026-06-07,1
7,CARA,,2026-06-13,2026-06-14,1
7,CARA,,2026-06-20,2026-06-21,1
7,CARA,,2026-06-25,2026-06-28,2
,Amtico flooring /Bathrooms,,2025-12-07,2025-12-08,1
,Amtico flooring /Bathrooms,,2025-12-14,2025-12-15,1
,Amtico flooring /Bathrooms,,2025-12-21,2025-12-22,1
,Amtico flooring /Bathrooms,,2025-12-28,2025-12-29,1
,Amtico flooring /Bathrooms,,2026-01-05,2026-01-06,2
,Amtico flooring /Bathrooms,,2026-01-12,2026-01-13,2
,Amtico flooring /Bathrooms,,2026-01-19,2026-01-20,2
,Amtico flooring /Bathrooms,,2026-01-26,2026-01-27,2
,Amtico flooring /Bathrooms,,2026-02-02,2026-02-03,2
,Amtico flooring /Bathrooms,,2026-02-09,2026-02-10,2
,Amtico flooring /Bathrooms,,2026-02-13,2026-02-17,3
,Amtico flooring /Bathrooms,,2026-02-23,2026-02-25,3
,Amtico flooring /Bathrooms,,2026-03-06,2026-03-07,1
,Amtico flooring /Bathrooms,,2026-03-13,2026-03-14,1
,Amtico flooring /Bathrooms,,2026-03-20,2026-03-21,1
,Amtico flooring /Bathrooms,,2026-03-27,2026-03-28,1
,Amtico flooring /Bathrooms,,2026-04-04,2026-04-05,1
,Amtico flooring /Bathrooms,,2026-04-11,2026-04-12,1
,Amtico flooring /Bathrooms,,2026-04-18,2026-04-19,1
,Amtico flooring /Bathrooms,,2026-04-25,2026-04-26,1
,Amtico flooring /Bathrooms,,2026-05-01,2026-05-02,1
,Amtico flooring /Bathrooms,,2026-05-08,2026-05-09,1
,Amtico flooring /Bathrooms,,2026-05-15,2026-05-16,1
,Amtico flooring /Bathrooms,,2026-05-22,2026-05-23,1
,Amtico flooring /Bathrooms,,2026-05-29,2026-05-30,1
,Amtico flooring /Bathrooms,,2026-06-06,2026-06-07,1
,Amtico flooring /Bathrooms,,2026-06-13,2026-06-14,1
,Amtico flooring /Bathrooms,,2026-06-20,2026-06-21,1
,Amtico flooring /Bathrooms,,2026-06-25,2026-06-28,2
8,Plumbing final/shower screens,,2025-12-07,2025-12-08,1
8,Plumbing final/shower screens,,2025-12-14,2025-12-15,1
8,Plumbing final/shower screens,,2025-12-21,2025-12-22,1
8,Plumbing final/shower screens,,2025-12-28,2025-12-29,1
8,Plumbing final/shower screens,,2026-01-05,2026-01-06,2
8,Plumbing final/shower screens,,2026-01-12,2026-01-13,2
8,Plumbing final/shower screens,,2026-01-19,2026-01-20,2
8,Plumbing final/shower screens,,2026-01-26,2026-01-27,2
8,Plumbing final/shower screens,,2026-02-02,2026-02-03,2
8,Plumbing final/shower screens,,2026-02-09,2026-02-10,2
8,Plumbing final/shower screens,,2026-02-14,2026-02-20,5
8,Plumbing final/shower screens,,2026-02-23,2026-02-25,3
8,Plumbing final/shower screens,,2026-03-06,2026-03-07,1
8,Plumbing final/shower screens,,2026-03-13,2026-03-14,1
8,Plumbing final/shower screens,,2026-03-20,2026-03-21,1
8,Plumbing final/shower screens,,2026-03-27,2026-03-28,1
8,Plumbing final/shower screens,,2026-04-04,2026-04-05,1
8,Plumbing final/shower screens,,2026-04-11,2026-04-12,1
8,Plumbing final/shower screens,,2026-04-18,2026-04-19,1
8,Plumbing final/shower screens,,2026-04-25,2026-04-26,1
8,Plumbing final/shower screens,,2026-05-01,2026-05-02,1
8,Plumbing final/shower screens,,2026-05-08,2026-05-09,1
8,Plumbing final/shower screens,,2026-05-15,2026-05-16,1
8,Plumbing final/shower screens,,2026-05-22,2026-05-23,1
8,Plumbing final/shower screens,,2026-05-29,2026-05-30,1
8,Plumbing final/shower screens,,2026-06-06,2026-06-07,1
8,Plumbing final/shower screens,,2026-06-13,2026-06-14,1
8,Plumbing final/shower screens,,2026-06-20,2026-06-21,1
8,Plumbing final/shower screens,,2026-06-25,2026-06-28,2
8,PANACEA,,2025-12-07,2025-12-08,1
8,PANACEA,,2025-12-14,2025-12-15,1
8,PANACEA,,2025-12-21,2025-12-22,1
8,PANACEA,,2025-12-28,2025-12-29,1
8,PANACEA,,2026-01-05,2026-01-06,2
8,PANACEA,,2026-01-12,2026-01-13,2
8,PANACEA,,2026-01-19,2026-01-20,2
8,PANACEA,,2026-01-26,2026-01-27,2
8,PANACEA,,2026-02-02,2026-02-03,2
8,PANACEA,,2026-02-09,2026-02-10,2
8,PANACEA,,2026-02-16,2026-02-17,2
8,PANACEA,,2026-02-20,2026-02-27,6
8,PANACEA,,2026-03-06,2026-03-07,1
8,PANACEA,,2026-03-13,2026-03-14,1
8,PANACEA,,2026-03-20,2026-03-21,1
8,PANACEA,,2026-03-27,2026-03-28,1
8,PANACEA,,2026-04-04,2026-04-05,1
8,PANACEA,,2026-04-11,2026-04-12,1
8,PANACEA,,2026-04-18,2026-04-19,1
8,PANACEA,,2026-04-25,2026-04-26,1
8,PANACEA,,2026-05-01,2026-05-02,1
8,PANACEA,,2026-05-08,2026-05-09,1
8,PANACEA,,2026-05-15,2026-05-16,1
8,PANACEA,,2026-05-22,2026-05-23,1
8,PANACEA,,2026-05-29,2026-05-30,1
8,PANACEA,,2026-06-06,2026-06-07,1
8,PANACEA,,2026-06-13,2026-06-14,1
8,PANACEA,,2026-06-20,2026-06-21,1
8,PANACEA,,2026-06-25,2026-06-28,2
,Power on,,2025-12-07,2025-12-08,1
,Power on,,2025-12-14,2025-12-15,1
,Power on,,2025-12-21,2025-12-22,1
,Power on,,2025-12-28,2025-12-29,1
,Power on,,2026-01-05,2026-01-06,2
,Power on,,2026-01-12,2026-01-13,2
,Power on,,2026-01-19,2026-01-20,2
,Power on,,2026-01-26,2026-01-27,2
,Power on,,2026-02-02,2026-02-03,2
,Power on,,2026-02-09,2026-02-10,2
,Power on,,2026-02-16,2026-02-17,2
,Power on,,2026-02-23,2026-02-25,3
,Power on,,2026-03-06,2026-03-07,1
,Power on,,2026-03-13,2026-03-14,1
,Power on,,2026-03-20,2026-03-21,1
,Power on,,2026-03-27,2026-03-28,1
,Power on,,2026-04-04,2026-04-05,1
,Power on,,2026-04-11,2026-04-12,1
,Power on,,2026-04-18,2026-04-19,1
,Power on,,2026-04-25,2026-04-26,1
,Power on,,2026-05-01,2026-05-02,1
,Power on,,2026-05-08,2026-05-09,1
,Power on,,2026-05-15,2026-05-16,1
,Power on,,2026-05-22,2026-05-23,1
,Power on,,2026-05-29,2026-05-30,1
,Power on,,2026-06-06,2026-06-07,1
,Power on,,2026-06-13,2026-06-14,1
,Power on,,2026-06-20,2026-06-21,1
,Power on,,2026-06-25,2026-06-28,2
,Water on,,2025-12-07,2025-12-08,1
,Water on,,2025-12-14,2025-12-15,1
,Water on,,2025-12-21,2025-12-22,1
,Water on,,2025-12-28,2025-12-29,1
,Water on,,2026-01-05,2026-01-06,2
,Water on,,2026-01-12,2026-01-13,2
,Water on,,2026-01-19,2026-01-20,2
,Water on,,2026-01-26,2026-01-27,2
,Water on,,2026-02-02,2026-02-03,2
,Water on,,2026-02-09,2026-02-10,2
,Water on,,2026-02-16,2026-02-17,2
,Water on,,2026-02-23,2026-02-25,3
,Water on,,2026-03-06,2026-03-07,1
,Water on,,2026-03-13,2026-03-14,1
,Water on,,2026-03-20,2026-03-21,1
,Water on,,2026-03-27,2026-03-28,1
,Water on,,2026-04-04,2026-04-05,1
,Water on,,2026-04-11,2026-04-12,1
,Water on,,2026-04-18,2026-04-19,1
,Water on,,2026-04-25,2026-04-26,1
,Water on,,2026-05-01,2026-05-02,1
,Water on,,2026-05-08,2026-05-09,1
,Water on,,2026-05-15,2026-05-16,1
,Water on,,2026-05-22,2026-05-23,1
,Water on,,2026-05-29,2026-05-30,1
,Water on,,2026-06-06,2026-06-07,1
,Water on,,2026-06-13,2026-06-14,1
,Water on,,2026-06-20,2026-06-21,1
,Water on,,2026-06-25,2026-06-28,2
9,Edencroft,,2025-12-07,2025-12-08,1
9,Edencroft,,2025-12-14,2025-12-15,1
9,Edencroft,,2025-12-21,2025-12-22,1
9,Edencroft,,2025-12-28,2025-12-29,1
9,Edencroft,,2026-01-05,2026-01-06,2
9,Edencroft,,2026-01-12,2026-01-13,2
9,Edencroft,,2026-01-19,2026-01-20,2
9,Edencroft,,2026-01-26,2026-01-27,2
9,Edencroft,,2026-02-02,2026-02-03,2
9,Edencroft,,2026-02-09,2026-02-10,2
9,Edencroft,,2026-02-16,2026-02-17,2
9,Edencroft,,2026-02-21,2026-02-25,3
9,Edencroft,,2026-03-06,2026-03-07,1
9,Edencroft,,2026-03-13,2026-03-14,1
9,Edencroft,,2026-03-20,2026-03-21,1
9,Edencroft,,2026-03-27,2026-03-28,1
9,Edencroft,,2026-04-04,2026-04-05,1
9,Edencroft,,2026-04-11,2026-04-12,1
9,Edencroft,,2026-04-18,2026-04-19,1
9,Edencroft,,2026-04-25,2026-04-26,1
9,Edencroft,,2026-05-01,2026-05-02,1
9,Edencroft,,2026-05-08,2026-05-09,1
9,Edencroft,,2026-05-15,2026-05-16,1
9,Edencroft,,2026-05-22,2026-05-23,1
9,Edencroft,,2026-05-29,2026-05-30,1
9,Edencroft,,2026-06-06,2026-06-07,1
9,Edencroft,,2026-06-13,2026-06-14,1
9,Edencroft,,2026-06-20,2026-06-21,1
9,Edencroft,,2026-06-25,2026-06-28,2
10,CPL,,2025-12-07,2025-12-08,1
10,CPL,,2025-12-14,2025-12-15,1
10,CPL,,2025-12-21,2025-12-22,1
10,CPL,,2025-12-28,2025-12-29,1
10,CPL,,2026-01-05,2026-01-06,2
10,CPL,,2026-01-12,2026-01-13,2
10,CPL,,2026-01-19,2026-01-20,2
10,CPL,,2026-01-26,2026-01-27,2
10,CPL,,2026-02-02,2026-02-03,2
10,CPL,,2026-02-09,2026-02-10,2
10,CPL,,2026-02-16,2026-02-17,2
10,CPL,,2026-02-21,2026-02-25,3
10,CPL,,2026-03-06,2026-03-07,1
10,CPL,,2026-03-13,2026-03-14,1
10,CPL,,2026-03-20,2026-03-21,1
10,CPL,,2026-03-27,2026-03-28,1
10,CPL,,2026-04-04,2026-04-05,1
10,CPL,,2026-04-11,2026-04-12,1
10,CPL,,2026-04-18,2026-04-19,1
10,CPL,,2026-04-25,2026-04-26,1
10,CPL,,2026-05-01,2026-05-02,1
10,CPL,,2026-05-08,2026-05-09,1
10,CPL,,2026-05-15,2026-05-16,1
10,CPL,,2026-05-22,2026-05-23,1
10,CPL,,2026-05-29,2026-05-30,1
10,CPL,,2026-06-06,2026-06-07,1
10,CPL,,2026-06-13,2026-06-14,1
10,CPL,,2026-06-20,2026-06-21,1
10,CPL,,2026-06-25,2026-06-28,2
11,Armstrong,,2025-12-07,2025-12-08,1
11,Armstrong,,2025-12-14,2025-12-15,1
11,Armstrong,,2025-12-21,2025-12-22,1
11,Armstrong,,2025-12-28,2025-12-29,1
11,Armstrong,,2026-01-05,2026-01-06,2
11,Armstrong,,2026-01-12,2026-01-13,2
11,Armstrong,,2026-01-19,2026-01-20,2
11,Armstrong,,2026-01-26,2026-01-27,2
11,Armstrong,,2026-02-02,2026-02-03,2
11,Armstrong,,2026-02-09,2026-02-10,2
11,Armstrong,,2026-02-16,2026-02-17,2
11,Armstrong,,2026-02-23,2026-03-02,6
11,Armstrong,,2026-03-06,2026-03-07,1
11,Armstrong,,2026-03-13,2026-03-14,1
11,Armstrong,,2026-03-20,2026-03-21,1
11,Armstrong,,2026-03-27,2026-03-28,1
11,Armstrong,,2026-04-04,2026-04-05,1
11,Armstrong,,2026-04-11,2026-04-12,1
11,Armstrong,,2026-04-18,2026-04-19,1
11,Armstrong,,2026-04-25,2026-04-26,1
11,Armstrong,,2026-05-01,2026-05-02,1
11,Armstrong,,2026-05-08,2026-05-09,1
11,Armstrong,,2026-05-15,2026-05-16,1
11,Armstrong,,2026-05-22,2026-05-23,1
11,Armstrong,,2026-05-29,2026-05-30,1
11,Armstrong,,2026-06-06,2026-06-07,1
11,Armstrong,,2026-06-13,2026-06-14,1
11,Armstrong,,2026-06-20,2026-06-21,1
11,Armstrong,,2026-06-25,2026-06-28,2
,Final fix/sprinkler heads /panel heaters,,2025-12-07,2025-12-08,1
,Final fix/sprinkler heads /panel heaters,,2025-12-14,2025-12-15,1
,Final fix/sprinkler heads /panel heaters,,2025-12-21,2025-12-22,1
,Final fix/sprinkler heads /panel heaters,,2025-12-28,2025-12-29,1
,Final fix/sprinkler heads /panel heaters,,2026-01-05,2026-01-06,2
,Final fix/sprinkler heads /panel heaters,,2026-01-12,2026-01-13,2
,Final fix/sprinkler heads /panel heaters,,2026-01-19,2026-01-20,2
,Final fix/sprinkler heads /panel heaters,,2026-01-26,2026-01-27,2
,Final fix/sprinkler heads /panel heaters,,2026-02-02,2026-02-03,2
,Final fix/sprinkler heads /panel heaters,,2026-02-09,2026-02-10,2
,Final fix/sprinkler heads /panel heaters,,2026-02-16,2026-02-17,2
,Final fix/sprinkler heads /panel heaters,,2026-02-23,2026-02-25,3
,Final fix/sprinkler heads /panel heaters,,2026-03-01,2026-03-07,5
,Final fix/sprinkler heads /panel heaters,,2026-03-13,2026-03-14,1
,Final fix/sprinkler heads /panel heaters,,2026-03-20,2026-03-21,1
,Final fix/sprinkler heads /panel heaters,,2026-03-27,2026-03-28,1
,Final fix/sprinkler heads /panel heaters,,2026-04-04,2026-04-05,1
,Final fix/sprinkler heads /panel heaters,,2026-04-11,2026-04-12,1
,Final fix/sprinkler heads /panel heaters,,2026-04-18,2026-04-19,1
,Final fix/sprinkler heads /panel heaters,,2026-04-25,2026-04-26,1
,Final fix/sprinkler heads /panel heaters,,2026-05-01,2026-05-02,1
,Final fix/sprinkler heads /panel heaters,,2026-05-08,2026-05-09,1
,Final fix/sprinkler heads /panel heaters,,2026-05-15,2026-05-16,1
,Final fix/sprinkler heads /panel heaters,,2026-05-22,2026-05-23,1
,Final fix/sprinkler heads /panel heaters,,2026-05-29,2026-05-30,1
,Final fix/sprinkler heads /panel heaters,,2026-06-06,2026-06-07,1
,Final fix/sprinkler heads /panel heaters,,2026-06-13,2026-06-14,1
,Final fix/sprinkler heads /panel heaters,,2026-06-20,2026-06-21,1
,Final fix/sprinkler heads /panel heaters,,2026-06-25,2026-06-28,2
12,Amtico flooring /Carpets,,2025-12-07,2025-12-08,1
12,Amtico flooring /Carpets,,2025-12-14,2025-12-15,1
12,Amtico flooring /Carpets,,2025-12-21,2025-12-22,1
12,Amtico flooring /Carpets,,2025-12-28,2025-12-29,1
12,Amtico flooring /Carpets,,2026-01-05,2026-01-06,2
12,Amtico flooring /Carpets,,2026-01-12,2026-01-13,2
12,Amtico flooring /Carpets,,2026-01-19,2026-01-20,2
12,Amtico flooring /Carpets,,2026-01-26,2026-01-27,2
12,Amtico flooring /Carpets,,2026-02-02,2026-02-03,2
12,Amtico flooring /Carpets,,2026-02-09,2026-02-10,2
12,Amtico flooring /Carpets,,2026-02-16,2026-02-17,2
12,Amtico flooring /Carpets,,2026-02-23,2026-02-25,3
12,Amtico flooring /Carpets,,2026-03-06,2026-03-14,6
12,Amtico flooring /Carpets,,2026-03-20,2026-03-21,1
12,Amtico flooring /Carpets,,2026-03-27,2026-03-28,1
12,Amtico flooring /Carpets,,2026-04-04,2026-04-05,1
12,Amtico flooring /Carpets,,2026-04-11,2026-04-12,1
12,Amtico flooring /Carpets,,2026-04-18,2026-04-19,1
12,Amtico flooring /Carpets,,2026-04-25,2026-04-26,1
12,Amtico flooring /Carpets,,2026-05-01,2026-05-02,1
12,Amtico flooring /Carpets,,2026-05-08,2026-05-09,1
12,Amtico flooring /Carpets,,2026-05-15,2026-05-16,1
12,Amtico flooring /Carpets,,2026-05-22,2026-05-23,1
12,Amtico flooring /Carpets,,2026-05-29,2026-05-30,1
12,Amtico flooring /Carpets,,2026-06-06,2026-06-07,1
12,Amtico flooring /Carpets,,2026-06-13,2026-06-14,1
12,Amtico flooring /Carpets,,2026-06-20,2026-06-21,1
12,Amtico flooring /Carpets,,2026-06-25,2026-06-28,2
13,MCL,,2025-12-07,2025-12-08,1
13,MCL,,2025-12-14,2025-12-15,1
13,MCL,,2025-12-21,2025-12-22,1
13,MCL,,2025-12-28,2025-12-29,1
13,MCL,,2026-01-05,2026-01-06,2
13,MCL,,2026-01-12,2026-01-13,2
13,MCL,,2026-01-19,2026-01-20,2
13,MCL,,2026-01-26,2026-01-27,2
13,MCL,,2026-02-02,2026-02-03,2
13,MCL,,2026-02-09,2026-02-10,2
13,MCL,,2026-02-16,2026-02-17,2
13,MCL,,2026-02-23,2026-02-25,3
13,MCL,,2026-03-06,2026-03-07,1
13,MCL,,2026-03-13,2026-03-24,8
13,MCL,,2026-03-27,2026-03-28,1
13,MCL,,2026-04-04,2026-04-05,1
13,MCL,,2026-04-11,2026-04-12,1
13,MCL,,2026-04-18,2026-04-19,1
13,MCL,,2026-04-25,2026-04-26,1
13,MCL,,2026-05-01,2026-05-02,1
13,MCL,,2026-05-08,2026-05-09,1
13,MCL,,2026-05-15,2026-05-16,1
13,MCL,,2026-05-22,2026-05-23,1
13,MCL,,2026-05-29,2026-05-30,1
13,MCL,,2026-06-06,2026-06-07,1
13,MCL,,2026-06-13,2026-06-14,1
13,MCL,,2026-06-20,2026-06-21,1
13,MCL,,2026-06-25,2026-06-28,2
14,PANACEA,,2025-12-07,2025-12-08,1
14,PANACEA,,2025-12-14,2025-12-15,1
14,PANACEA,,2025-12-21,2025-12-22,1
14,PANACEA,,2025-12-28,2025-12-29,1
14,PANACEA,,2026-01-05,2026-01-06,2
14,PANACEA,,2026-01-12,2026-01-13,2
14,PANACEA,,2026-01-19,2026-01-20,2
14,PANACEA,,2026-01-26,2026-01-27,2
14,PANACEA,,2026-02-02,2026-02-03,2
14,PANACEA,,2026-02-09,2026-02-10,2
14,PANACEA,,2026-02-16,2026-02-17,2
14,PANACEA,,2026-02-23,2026-02-25,3
14,PANACEA,,2026-03-06,2026-03-07,1
14,PANACEA,,2026-03-13,2026-03-14,1
14,PANACEA,,2026-03-20,2026-03-21,1
14,PANACEA,,2026-03-25,2026-03-28,3
14,PANACEA,,2026-04-04,2026-04-05,1
14,PANACEA,,2026-04-11,2026-04-12,1
14,PANACEA,,2026-04-18,2026-04-19,1
14,PANACEA,,2026-04-25,2026-04-26,1
14,PANACEA,,2026-05-01,2026-05-02,1
14,PANACEA,,2026-05-08,2026-05-09,1
14,PANACEA,,2026-05-15,2026-05-16,1
14,PANACEA,,2026-05-22,2026-05-23,1
14,PANACEA,,2026-05-29,2026-05-30,1
14,PANACEA,,2026-06-06,2026-06-07,1
14,PANACEA,,2026-06-13,2026-06-14,1
14,PANACEA,,2026-06-20,2026-06-21,1
14,PANACEA,,2026-06-25,2026-06-28,2
,Mastic,,2025-12-07,2025-12-08,1
,Mastic,,2025-12-14,2025-12-15,1
,Mastic,,2025-12-21,2025-12-22,1
,Mastic,,2025-12-28,2025-12-29,1
,Mastic,,2026-01-05,2026-01-06,2
,Mastic,,2026-01-12,2026-01-13,2
,Mastic,,2026-01-19,2026-01-20,2
,Mastic,,2026-01-26,2026-01-27,2
,Mastic,,2026-02-02,2026-02-03,2
,Mastic,,2026-02-09,2026-02-10,2
,Mastic,,2026-02-16,2026-02-17,2
,Mastic,,2026-02-23,2026-02-25,3
,Mastic,,2026-03-06,2026-03-07,1
,Mastic,,2026-03-13,2026-03-14,1
,Mastic,,2026-03-20,2026-03-21,1
,Mastic,,2026-03-27,2026-03-30,2
,Mastic,,2026-04-04,2026-04-05,1
,Mastic,,2026-04-11,2026-04-12,1
,Mastic,,2026-04-18,2026-04-19,1
,Mastic,,2026-04-25,2026-04-26,1
,Mastic,,2026-05-01,2026-05-02,1
,Mastic,,2026-05-08,2026-05-09,1
,Mastic,,2026-05-15,2026-05-16,1
,Mastic,,2026-05-22,2026-05-23,1
,Mastic,,2026-05-29,2026-05-30,1
,Mastic,,2026-06-06,2026-06-07,1
,Mastic,,2026-06-13,2026-06-14,1
,Mastic,,2026-06-20,2026-06-21,1
,Mastic,,2026-06-25,2026-06-28,2
,Handover to client,,2025-12-07,2025-12-08,1
,Handover to client,,2025-12-14,2025-12-15,1
,Handover to client,,2025-12-21,2025-12-22,1
,Handover to client,,2025-12-28,2025-12-29,1
,Handover to client,,2026-01-05,2026-01-06,2
,Handover to client,,2026-01-12,2026-01-13,2
,Handover to client,,2026-01-19,2026-01-20,2
,Handover to client,,2026-01-26,2026-01-27,2
,Handover to client,,2026-02-02,2026-02-03,2
,Handover to client,,2026-02-09,2026-02-10,2
,Handover to client,,2026-02-16,2026-02-17,2
,Handover to client,,2026-02-23,2026-02-25,3
,Handover to client,,2026-03-06,2026-03-07,1
,Handover to client,,2026-03-13,2026-03-14,1
,Handover to client,,2026-03-20,2026-03-21,1
,Handover to client,,2026-03-27,2026-03-28,1
,Handover to client,,2026-04-04,2026-04-06,1
,Handover to client,,2026-04-11,2026-04-12,1
,Handover to client,,2026-04-18,2026-04-19,1
,Handover to client,,2026-04-25,2026-04-26,1
,Handover to client,,2026-05-01,2026-05-02,1
,Handover to client,,2026-05-08,2026-05-09,1
,Handover to client,,2026-05-15,2026-05-16,1
,Handover to client,,2026-05-22,2026-05-23,1
,Handover to client,,2026-05-29,2026-05-30,1
,Handover to client,,2026-06-06,2026-06-07,1
,Handover to client,,2026-06-13,2026-06-14,1
,Handover to client,,2026-06-20,2026-06-21,1
,Handover to client,,2026-06-25,2026-06-28,2
16,Level 1 Apartment fit out cluster 2,,2025-12-07,2025-12-08,1
16,Level 1 Apartment fit out cluster 2,,2025-12-14,2025-12-15,1
16,Level 1 Apartment fit out cluster 2,,2025-12-21,2025-12-22,1
16,Level 1 Apartment fit out cluster 2,,2025-12-28,2025-12-29,1
16,Level 1 Apartment fit out cluster 2,,2026-01-05,2026-01-06,2
16,Level 1 Apartment fit out cluster 2,,2026-01-12,2026-01-13,2
16,Level 1 Apartment fit out cluster 2,,2026-01-19,2026-01-20,2
16,Level 1 Apartment fit out cluster 2,,2026-01-26,2026-01-27,2
16,Level 1 Apartment fit out cluster 2,,2026-02-02,2026-02-03,2
16,Level 1 Apartment fit out cluster 2,,2026-02-09,2026-02-10,2
16,Level 1 Apartment fit out cluster 2,,2026-02-16,2026-02-17,2
16,Level 1 Apartment fit out cluster 2,,2026-02-23,2026-02-25,3
16,Level 1 Apartment fit out cluster 2,,2026-03-06,2026-03-07,1
16,Level 1 Apartment fit out cluster 2,,2026-03-13,2026-03-14,1
16,Level 1 Apartment fit out cluster 2,,2026-03-20,2026-03-21,1
16,Level 1 Apartment fit out cluster 2,,2026-03-27,2026-03-28,1
16,Level 1 Apartment fit out cluster 2,,2026-04-04,2026-04-05,1
16,Level 1 Apartment fit out cluster 2,,2026-04-11,2026-04-12,1
16,Level 1 Apartment fit out cluster 2,,2026-04-18,2026-04-19,1
16,Level 1 Apartment fit out cluster 2,,2026-04-25,2026-04-26,1
16,Level 1 Apartment fit out cluster 2,,2026-05-01,2026-05-02,1
16,Level 1 Apartment fit out cluster 2,,2026-05-08,2026-05-09,1
16,Level 1 Apartment fit out cluster 2,,2026-05-15,2026-05-16,1
16,Level 1 Apartment fit out cluster 2,,2026-05-22,2026-05-23,1
16,Level 1 Apartment fit out cluster 2,,2026-05-29,2026-05-30,1
16,Level 1 Apartment fit out cluster 2,,2026-06-06,2026-06-07,1
16,Level 1 Apartment fit out cluster 2,,2026-06-13,2026-06-14,1
16,Level 1 Apartment fit out cluster 2,,2026-06-20,2026-06-21,1
16,Level 1 Apartment fit out cluster 2,,2026-06-25,2026-06-28,2
17,MCL,,2025-12-07,2025-12-08,1
17,MCL,,2025-12-14,2025-12-15,1
17,MCL,,2025-12-21,2025-12-22,1
17,MCL,,2025-12-28,2025-12-29,1
17,MCL,,2026-01-05,2026-01-06,2
17,MCL,,2026-01-12,2026-01-13,2
17,MCL,,2026-01-19,2026-01-20,2
17,MCL,,2026-01-26,2026-01-27,2
17,MCL,,2026-02-02,2026-02-03,2
17,MCL,,2026-02-09,2026-02-10,2
17,MCL,,2026-02-16,2026-02-17,2
17,MCL,,2026-02-19,2026-02-26,6
17,MCL,,2026-03-06,2026-03-07,1
17,MCL,,2026-03-13,2026-03-14,1
17,MCL,,2026-03-20,2026-03-21,1
17,MCL,,2026-03-27,2026-03-28,1
17,MCL,,2026-04-04,2026-04-05,1
17,MCL,,2026-04-11,2026-04-12,1
17,MCL,,2026-04-18,2026-04-19,1
17,MCL,,2026-04-25,2026-04-26,1
17,MCL,,2026-05-01,2026-05-02,1
17,MCL,,2026-05-08,2026-05-09,1
17,MCL,,2026-05-15,2026-05-16,1
17,MCL,,2026-05-22,2026-05-23,1
17,MCL,,2026-05-29,2026-05-30,1
17,MCL,,2026-06-06,2026-06-07,1
17,MCL,,2026-06-13,2026-06-14,1
17,MCL,,2026-06-20,2026-06-21,1
17,MCL,,2026-06-25,2026-06-28,2
18,Armstrong,,2025-12-07,2025-12-08,1
18,Armstrong,,2025-12-14,2025-12-15,1
18,Armstrong,,2025-12-17,2025-12-22,4
18,Armstrong,,2025-12-28,2025-12-29,1
18,Armstrong,,2026-01-05,2026-01-06,2
18,Armstrong,,2026-01-12,2026-01-13,2
18,Armstrong,,2026-01-19,2026-01-20,2
18,Armstrong,,2026-01-26,2026-01-27,2
18,Armstrong,,2026-02-02,2026-02-03,2
18,Armstrong,,2026-02-09,2026-02-14,5
18,Armstrong,,2026-02-16,2026-02-17,2
18,Armstrong,,2026-02-23,2026-02-25,3
18,Armstrong,,2026-03-06,2026-03-07,1
18,Armstrong,,2026-03-13,2026-03-14,1
18,Armstrong,,2026-03-20,2026-03-21,1
18,Armstrong,,2026-03-27,2026-03-28,1
18,Armstrong,,2026-04-04,2026-04-05,1
18,Armstrong,,2026-04-11,2026-04-12,1
18,Armstrong,,2026-04-18,2026-04-19,1
18,Armstrong,,2026-04-25,2026-04-26,1
18,Armstrong,,2026-05-01,2026-05-02,1
18,Armstrong,,2026-05-08,2026-05-09,1
18,Armstrong,,2026-05-15,2026-05-16,1
18,Armstrong,,2026-05-22,2026-05-23,1
18,Armstrong,,2026-05-29,2026-05-30,1
18,Armstrong,,2026-06-06,2026-06-07,1
18,Armstrong,,2026-06-13,2026-06-14,1
18,Armstrong,,2026-06-20,2026-06-21,1
18,Armstrong,,2026-06-25,2026-06-28,2
19,PANACEA,,2025-12-07,2025-12-15,6
19,PANACEA,,2025-12-21,2025-12-22,1
19,PANACEA,,2025-12-28,2025-12-29,1
19,PANACEA,,2026-01-05,2026-01-06,2
19,PANACEA,,2026-01-12,2026-01-13,2
19,PANACEA,,2026-01-19,2026-01-20,2
19,PANACEA,,2026-01-26,2026-01-27,2
19,PANACEA,,2026-02-02,2026-02-03,2
19,PANACEA,,2026-02-09,2026-02-17,7
19,PANACEA,,2026-02-23,2026-02-25,3
19,PANACEA,,2026-03-06,2026-03-07,1
19,PANACEA,,2026-03-13,2026-03-14,1
19,PANACEA,,2026-03-20,2026-03-21,1
19,PANACEA,,2026-03-27,2026-03-28,1
19,PANACEA,,2026-04-04,2026-04-05,1
19,PANACEA,,2026-04-11,2026-04-12,1
19,PANACEA,,2026-04-18,2026-04-19,1
19,PANACEA,,2026-04-25,2026-04-26,1
19,PANACEA,,2026-05-01,2026-05-02,1
19,PANACEA,,2026-05-08,2026-05-09,1
19,PANACEA,,2026-05-15,2026-05-16,1
19,PANACEA,,2026-05-22,2026-05-23,1
19,PANACEA,,2026-05-29,2026-05-30,1
19,PANACEA,,2026-06-06,2026-06-07,1
19,PANACEA,,2026-06-13,2026-06-14,1
19,PANACEA,,2026-06-20,2026-06-21,1
19,PANACEA,,2026-06-25,2026-06-28,2
,Service cupboard board ceiling &finish,,2025-12-07,2025-12-15,6
,Service cupboard board ceiling &finish,,2025-12-21,2025-12-22,1
,Service cupboard board ceiling &finish,,2025-12-28,2025-12-29,1
,Service cupboard board ceiling &finish,,2026-01-05,2026-01-06,2
,Service cupboard board ceiling &finish,,2026-01-12,2026-01-13,2
,Service cupboard board ceiling &finish,,2026-01-19,2026-01-20,2
,Service cupboard board ceiling &finish,,2026-01-26,2026-01-27,2
,Service cupboard board ceiling &finish,,2026-02-02,2026-02-03,2
,Service cupboard board ceiling &finish,,2026-02-09,2026-02-10,2
,Service cupboard board ceiling &finish,,2026-02-16,2026-02-17,2
,Service cupboard board ceiling &finish,,2026-02-23,2026-02-25,3
,Service cupboard board ceiling &finish,,2026-03-06,2026-03-07,1
,Service cupboard board ceiling &finish,,2026-03-13,2026-03-14,1
,Service cupboard board ceiling &finish,,2026-03-20,2026-03-21,1
,Service cupboard board ceiling &finish,,2026-03-27,2026-03-28,1
,Service cupboard board ceiling &finish,,2026-04-04,2026-04-05,1
,Service cupboard board ceiling &finish,,2026-04-11,2026-04-12,1
,Service cupboard board ceiling &finish,,2026-04-18,2026-04-19,1
,Service cupboard board ceiling &finish,,2026-04-25,2026-04-26,1
,Service cupboard board ceiling &finish,,2026-05-01,2026-05-02,1
,Service cupboard board ceiling &finish,,2026-05-08,2026-05-09,1
,Service cupboard board ceiling &finish,,2026-05-15,2026-05-16,1
,Service cupboard board ceiling &finish,,2026-05-22,2026-05-23,1
,Service cupboard board ceiling &finish,,2026-05-29,2026-05-30,1
,Service cupboard board ceiling &finish,,2026-06-06,2026-06-07,1
,Service cupboard board ceiling &finish,,2026-06-13,2026-06-14,1
,Service cupboard board ceiling &finish,,2026-06-20,2026-06-21,1
,Service cupboard board ceiling &finish,,2026-06-25,2026-06-28,2
Board ceilings,service cupbaord -plywood flooring,,2025-12-07,2025-12-08,1
Board ceilings,service cupbaord -plywood flooring,,2025-12-14,2025-12-15,1
Board ceilings,service cupbaord -plywood flooring,,2025-12-21,2026-01-01,9
Board ceilings,service cupbaord -plywood flooring,,2026-01-05,2026-01-06,2
Board ceilings,service cupbaord -plywood flooring,,2026-01-12,2026-01-13,2
Board ceilings,service cupbaord -plywood flooring,,2026-01-19,2026-01-20,2
Board ceilings,service cupbaord -plywood flooring,,2026-01-26,2026-01-27,2
Board ceilings,service cupbaord -plywood flooring,,2026-02-02,2026-02-03,2
Board ceilings,service cupbaord -plywood flooring,,2026-02-09,2026-02-10,2
Board ceilings,service cupbaord -plywood flooring,,2026-02-13,2026-02-14,1
Board ceilings,service cupbaord -plywood flooring,,2026-02-16,2026-02-17,2
Board ceilings,service cupbaord -plywood flooring,,2026-02-23,2026-02-25,3
Board ceilings,service cupbaord -plywood flooring,,2026-03-06,2026-03-07,1
Board ceilings,service cupbaord -plywood flooring,,2026-03-13,2026-03-14,1
Board ceilings,service cupbaord -plywood flooring,,2026-03-20,2026-03-21,1
Board ceilings,service cupbaord -plywood flooring,,2026-03-27,2026-03-28,1
Board ceilings,service cupbaord -plywood flooring,,2026-04-04,2026-04-05,1
Board ceilings,service cupbaord -plywood flooring,,2026-04-11,2026-04-12,1
Board ceilings,service cupbaord -plywood flooring,,2026-04-18,2026-04-19,1
Board ceilings,service cupbaord -plywood flooring,,2026-04-25,2026-04-26,1
Board ceilings,service cupbaord -plywood flooring,,2026-05-01,2026-05-02,1
Board ceilings,service cupbaord -plywood flooring,,2026-05-08,2026-05-09,1
Board ceilings,service cupbaord -plywood flooring,,2026-05-15,2026-05-16,1
Board ceilings,service cupbaord -plywood flooring,,2026-05-22,2026-05-23,1
Board ceilings,service cupbaord -plywood flooring,,2026-05-29,2026-05-30,1
Board ceilings,service cupbaord -plywood flooring,,2026-06-06,2026-06-07,1
Board ceilings,service cupbaord -plywood flooring,,2026-06-13,2026-06-14,1
Board ceilings,service cupbaord -plywood flooring,,2026-06-20,2026-06-21,1
Board ceilings,service cupbaord -plywood flooring,,2026-06-25,2026-06-28,2
20,PANACEA,,2025-12-07,2025-12-08,1
20,PANACEA,,2025-12-14,2025-12-15,1
20,PANACEA,,2025-12-21,2025-12-22,1
20,PANACEA,,2025-12-28,2025-12-29,1
20,PANACEA,,2026-01-02,2026-01-13,8
20,PANACEA,,2026-01-19,2026-01-20,2
20,PANACEA,,2026-01-26,2026-01-27,2
20,PANACEA,,2026-02-02,2026-02-03,2
20,PANACEA,,2026-02-09,2026-02-10,2
20,PANACEA,,2026-02-15,2026-02-17,2
20,PANACEA,,2026-02-23,2026-02-25,3
20,PANACEA,,2026-03-06,2026-03-07,1
20,PANACEA,,2026-03-13,2026-03-14,1
20,PANACEA,,2026-03-20,2026-03-21,1
20,PANACEA,,2026-03-27,2026-03-28,1
20,PANACEA,,2026-04-04,2026-04-05,1
20,PANACEA,,2026-04-11,2026-04-12,1
20,PANACEA,,2026-04-18,2026-04-19,1
20,PANACEA,,2026-04-25,2026-04-26,1
20,PANACEA,,2026-05-01,2026-05-02,1
20,PANACEA,,2026-05-08,2026-05-09,1
20,PANACEA,,2026-05-15,2026-05-16,1
20,PANACEA,,2026-05-22,2026-05-23,1
20,PANACEA,,2026-05-29,2026-05-30,1
20,PANACEA,,2026-06-06,2026-06-07,1
20,PANACEA,,2026-06-13,2026-06-14,1
20,PANACEA,,2026-06-20,2026-06-21,1
20,PANACEA,,2026-06-25,2026-06-28,2
21,Active flooring,,2025-12-07,2025-12-08,1
21,Active flooring,,2025-12-14,2025-12-15,1
21,Active flooring,,2025-12-21,2025-12-22,1
21,Active flooring,,2025-12-28,2025-12-29,1
21,Active flooring,,2026-01-05,2026-01-06,2
21,Active flooring,,2026-01-10,2026-01-16,5
21,Active flooring,,2026-01-19,2026-01-20,2
21,Active flooring,,2026-01-26,2026-01-27,2
21,Active flooring,,2026-02-02,2026-02-03,2
21,Active flooring,,2026-02-09,2026-02-10,2
21,Active flooring,,2026-02-16,2026-02-17,2
21,Active flooring,,2026-02-23,2026-02-25,3
21,Active flooring,,2026-03-06,2026-03-07,1
21,Active flooring,,2026-03-13,2026-03-14,1
21,Active flooring,,2026-03-20,2026-03-21,1
21,Active flooring,,2026-03-27,2026-03-28,1
21,Active flooring,,2026-04-04,2026-04-05,1
21,Active flooring,,2026-04-11,2026-04-12,1
21,Active flooring,,2026-04-18,2026-04-19,1
21,Active flooring,,2026-04-25,2026-04-26,1
21,Active flooring,,2026-05-01,2026-05-02,1
21,Active flooring,,2026-05-08,2026-05-09,1
21,Active flooring,,2026-05-15,2026-05-16,1
21,Active flooring,,2026-05-22,2026-05-23,1
21,Active flooring,,2026-05-29,2026-05-30,1
21,Active flooring,,2026-06-06,2026-06-07,1
21,Active flooring,,2026-06-13,2026-06-14,1
21,Active flooring,,2026-06-20,2026-06-21,1
21,Active flooring,,2026-06-25,2026-06-28,2
,Amtico flooring /Bathrooms,,2025-12-07,2025-12-08,1
,Amtico flooring /Bathrooms,,2025-12-14,2025-12-15,1
,Amtico flooring /Bathrooms,,2025-12-21,2025-12-22,1
,Amtico flooring /Bathrooms,,2025-12-28,2025-12-29,1
,Amtico flooring /Bathrooms,,2026-01-05,2026-01-06,2
,Amtico flooring /Bathrooms,,2026-01-10,2026-01-16,5
,Amtico flooring /Bathrooms,,2026-01-19,2026-01-20,2
,Amtico flooring /Bathrooms,,2026-01-26,2026-01-27,2
,Amtico flooring /Bathrooms,,2026-02-02,2026-02-03,2
,Amtico flooring /Bathrooms,,2026-02-09,2026-02-10,2
,Amtico flooring /Bathrooms,,2026-02-16,2026-02-25,8
,Amtico flooring /Bathrooms,,2026-03-06,2026-03-07,1
,Amtico flooring /Bathrooms,,2026-03-13,2026-03-14,1
,Amtico flooring /Bathrooms,,2026-03-20,2026-03-21,1
,Amtico flooring /Bathrooms,,2026-03-27,2026-03-28,1
,Amtico flooring /Bathrooms,,2026-04-04,2026-04-05,1
,Amtico flooring /Bathrooms,,2026-04-11,2026-04-12,1
,Amtico flooring /Bathrooms,,2026-04-18,2026-04-19,1
,Amtico flooring /Bathrooms,,2026-04-25,2026-04-26,1
,Amtico flooring /Bathrooms,,2026-05-01,2026-05-02,1
,Amtico flooring /Bathrooms,,2026-05-08,2026-05-09,1
,Amtico flooring /Bathrooms,,2026-05-15,2026-05-16,1
,Amtico flooring /Bathrooms,,2026-05-22,2026-05-23,1
,Amtico flooring /Bathrooms,,2026-05-29,2026-05-30,1
,Amtico flooring /Bathrooms,,2026-06-06,2026-06-07,1
,Amtico flooring /Bathrooms,,2026-06-13,2026-06-14,1
,Amtico flooring /Bathrooms,,2026-06-20,2026-06-21,1
,Amtico flooring /Bathrooms,,2026-06-25,2026-06-28,2
RICKWORK,MCL,,2025-12-07,2025-12-08,1
RICKWORK,MCL,,2025-12-14,2025-12-15,1
RICKWORK,MCL,,2025-12-21,2025-12-22,1
RICKWORK,MCL,,2025-12-28,2025-12-29,1
RICKWORK,MCL,,2026-01-05,2026-01-06,2
RICKWORK,MCL,,2026-01-12,2026-01-17,5
RICKWORK,MCL,,2026-01-19,2026-01-20,2
RICKWORK,MCL,,2026-01-26,2026-01-27,2
RICKWORK,MCL,,2026-02-02,2026-02-03,2
RICKWORK,MCL,,2026-02-09,2026-02-10,2
RICKWORK,MCL,,2026-02-16,2026-02-17,2
RICKWORK,MCL,,2026-02-20,2026-02-27,6
RICKWORK,MCL,,2026-03-06,2026-03-07,1
RICKWORK,MCL,,2026-03-13,2026-03-14,1
RICKWORK,MCL,,2026-03-20,2026-03-21,1
RICKWORK,MCL,,2026-03-27,2026-03-28,1
RICKWORK,MCL,,2026-04-04,2026-04-05,1
RICKWORK,MCL,,2026-04-11,2026-04-12,1
RICKWORK,MCL,,2026-04-18,2026-04-19,1
RICKWORK,MCL,,2026-04-25,2026-04-26,1
RICKWORK,MCL,,2026-05-01,2026-05-02,1
RICKWORK,MCL,,2026-05-08,2026-05-09,1
RICKWORK,MCL,,2026-05-15,2026-05-16,1
RICKWORK,MCL,,2026-05-22,2026-05-23,1
RICKWORK,MCL,,2026-05-29,2026-05-30,1
RICKWORK,MCL,,2026-06-06,2026-06-07,1
RICKWORK,MCL,,2026-06-13,2026-06-14,1
RICKWORK,MCL,,2026-06-20,2026-06-21,1
RICKWORK,MCL,,2026-06-25,2026-06-28,2
23,Smiths,,2025-12-07,2025-12-08,1
23,Smiths,,2025-12-14,2025-12-15,1
23,Smiths,,2025-12-21,2025-12-22,1
23,Smiths,,2025-12-28,2025-12-29,1
23,Smiths,,2026-01-05,2026-01-06,2
23,Smiths,,2026-01-12,2026-01-13,2
23,Smiths,,2026-01-16,2026-01-20,3
23,Smiths,,2026-01-26,2026-01-27,2
23,Smiths,,2026-02-02,2026-02-03,2
23,Smiths,,2026-02-09,2026-02-10,2
23,Smiths,,2026-02-16,2026-02-17,2
23,Smiths,,2026-02-23,2026-02-25,3
23,Smiths,,2026-02-28,2026-03-03,2
23,Smiths,,2026-03-06,2026-03-07,1
23,Smiths,,2026-03-13,2026-03-14,1
23,Smiths,,2026-03-20,2026-03-21,1
23,Smiths,,2026-03-27,2026-03-28,1
23,Smiths,,2026-04-04,2026-04-05,1
23,Smiths,,2026-04-11,2026-04-12,1
23,Smiths,,2026-04-18,2026-04-19,1
23,Smiths,,2026-04-25,2026-04-26,1
23,Smiths,,2026-05-01,2026-05-02,1
23,Smiths,,2026-05-08,2026-05-09,1
23,Smiths,,2026-05-15,2026-05-16,1
23,Smiths,,2026-05-22,2026-05-23,1
23,Smiths,,2026-05-29,2026-05-30,1
23,Smiths,,2026-06-06,2026-06-07,1
23,Smiths,,2026-06-13,2026-06-14,1
23,Smiths,,2026-06-20,2026-06-21,1
23,Smiths,,2026-06-25,2026-06-28,2
,Power on,,2025-12-07,2025-12-08,1
,Power on,,2025-12-14,2025-12-15,1
,Power on,,2025-12-21,2025-12-22,1
,Power on,,2025-12-28,2025-12-29,1
,Power on,,2026-01-05,2026-01-06,2
,Power on,,2026-01-12,2026-01-13,2
,Power on,,2026-01-16,2026-01-20,3
,Power on,,2026-01-26,2026-01-27,2
,Power on,,2026-02-02,2026-02-03,2
,Power on,,2026-02-09,2026-02-10,2
,Power on,,2026-02-16,2026-02-17,2
,Power on,,2026-02-23,2026-02-25,3
,Power on,,2026-03-06,2026-03-07,1
,Power on,,2026-03-13,2026-03-14,1
,Power on,,2026-03-20,2026-03-21,1
,Power on,,2026-03-27,2026-03-28,1
,Power on,,2026-04-04,2026-04-05,1
,Power on,,2026-04-11,2026-04-12,1
,Power on,,2026-04-18,2026-04-19,1
,Power on,,2026-04-25,2026-04-26,1
,Power on,,2026-05-01,2026-05-02,1
,Power on,,2026-05-08,2026-05-09,1
,Power on,,2026-05-15,2026-05-16,1
,Power on,,2026-05-22,2026-05-23,1
,Power on,,2026-05-29,2026-05-30,1
,Power on,,2026-06-06,2026-06-07,1
,Power on,,2026-06-13,2026-06-14,1
,Power on,,2026-06-20,2026-06-21,1
,Power on,,2026-06-25,2026-06-28,2
,Water on,,2025-12-07,2025-12-08,1
,Water on,,2025-12-14,2025-12-15,1
,Water on,,2025-12-21,2025-12-22,1
,Water on,,2025-12-28,2025-12-29,1
,Water on,,2026-01-05,2026-01-06,2
,Water on,,2026-01-12,2026-01-13,2
,Water on,,2026-01-16,2026-01-20,3
,Water on,,2026-01-26,2026-01-27,2
,Water on,,2026-02-02,2026-02-03,2
,Water on,,2026-02-09,2026-02-10,2
,Water on,,2026-02-16,2026-02-17,2
,Water on,,2026-02-23,2026-02-25,3
,Water on,,2026-03-06,2026-03-07,1
,Water on,,2026-03-13,2026-03-14,1
,Water on,,2026-03-20,2026-03-21,1
,Water on,,2026-03-27,2026-03-28,1
,Water on,,2026-04-04,2026-04-05,1
,Water on,,2026-04-11,2026-04-12,1
,Water on,,2026-04-18,2026-04-19,1
,Water on,,2026-04-25,2026-04-26,1
,Water on,,2026-05-01,2026-05-02,1
,Water on,,2026-05-08,2026-05-09,1
,Water on,,2026-05-15,2026-05-16,1
,Water on,,2026-05-22,2026-05-23,1
,Water on,,2026-05-29,2026-05-30,1
,Water on,,2026-06-06,2026-06-07,1
,Water on,,2026-06-13,2026-06-14,1
,Water on,,2026-06-20,2026-06-21,1
,Water on,,2026-06-25,2026-06-28,2
24,MCL,,2025-12-07,2025-12-08,1
24,MCL,,2025-12-14,2025-12-15,1
24,MCL,,2025-12-21,2025-12-22,1
24,MCL,,2025-12-28,2025-12-29,1
24,MCL,,2026-01-05,2026-01-06,2
24,MCL,,2026-01-12,2026-01-13,2
24,MCL,,2026-01-19,2026-01-20,2
24,MCL,,2026-01-26,2026-01-27,2
24,MCL,,2026-02-02,2026-02-03,2
24,MCL,,2026-02-09,2026-02-10,2
24,MCL,,2026-02-16,2026-02-17,2
24,MCL,,2026-02-23,2026-02-25,3
24,MCL,,2026-03-06,2026-03-07,1
24,MCL,,2026-03-13,2026-03-14,1
24,MCL,,2026-03-20,2026-03-21,1
24,MCL,,2026-03-27,2026-03-28,1
24,MCL,,2026-04-04,2026-04-05,1
24,MCL,,2026-04-11,2026-04-12,1
24,MCL,,2026-04-18,2026-04-19,1
24,MCL,,2026-04-25,2026-04-26,1
24,MCL,,2026-05-01,2026-05-02,1
24,MCL,,2026-05-08,2026-05-09,1
24,MCL,,2026-05-15,2026-05-16,1
24,MCL,,2026-05-22,2026-05-23,1
24,MCL,,2026-05-29,2026-05-30,1
24,MCL,,2026-06-06,2026-06-07,1
24,MCL,,2026-06-13,2026-06-14,1
24,MCL,,2026-06-20,2026-06-21,1
24,MCL,,2026-06-25,2026-06-28,2
25,Active flooring,,2025-12-07,2025-12-08,1
25,Active flooring,,2025-12-14,2025-12-15,1
25,Active flooring,,2025-12-21,2025-12-22,1
25,Active flooring,,2025-12-28,2025-12-29,1
25,Active flooring,,2026-01-05,2026-01-06,2
25,Active flooring,,2026-01-12,2026-01-16,5
25,Active flooring,,2026-01-19,2026-01-20,2
25,Active flooring,,2026-01-26,2026-01-27,2
25,Active flooring,,2026-02-02,2026-02-03,2
25,Active flooring,,2026-02-09,2026-02-10,2
25,Active flooring,,2026-02-16,2026-02-17,2
25,Active flooring,,2026-02-23,2026-02-25,3
25,Active flooring,,2026-03-06,2026-03-07,1
25,Active flooring,,2026-03-13,2026-03-14,1
25,Active flooring,,2026-03-20,2026-03-21,1
25,Active flooring,,2026-03-27,2026-03-28,1
25,Active flooring,,2026-04-04,2026-04-05,1
25,Active flooring,,2026-04-11,2026-04-12,1
25,Active flooring,,2026-04-18,2026-04-19,1
25,Active flooring,,2026-04-25,2026-04-26,1
25,Active flooring,,2026-05-01,2026-05-02,1
25,Active flooring,,2026-05-08,2026-05-09,1
25,Active flooring,,2026-05-15,2026-05-16,1
25,Active flooring,,2026-05-22,2026-05-23,1
25,Active flooring,,2026-05-29,2026-05-30,1
25,Active flooring,,2026-06-06,2026-06-07,1
25,Active flooring,,2026-06-13,2026-06-14,1
25,Active flooring,,2026-06-20,2026-06-21,1
25,Active flooring,,2026-06-25,2026-06-28,2
26,Branniff,,2025-12-07,2025-12-08,1
26,Branniff,,2025-12-14,2025-12-15,1
26,Branniff,,2025-12-21,2025-12-22,1
26,Branniff,,2025-12-28,2025-12-29,1
26,Branniff,,2026-01-05,2026-01-06,2
26,Branniff,,2026-01-12,2026-01-20,7
26,Branniff,,2026-01-26,2026-01-27,2
26,Branniff,,2026-02-02,2026-02-03,2
26,Branniff,,2026-02-09,2026-02-10,2
26,Branniff,,2026-02-16,2026-02-17,2
26,Branniff,,2026-02-23,2026-02-25,3
26,Branniff,,2026-03-02,2026-03-09,6
26,Branniff,,2026-03-13,2026-03-14,1
26,Branniff,,2026-03-20,2026-03-21,1
26,Branniff,,2026-03-27,2026-03-28,1
26,Branniff,,2026-04-04,2026-04-05,1
26,Branniff,,2026-04-11,2026-04-12,1
26,Branniff,,2026-04-18,2026-04-19,1
26,Branniff,,2026-04-25,2026-04-26,1
26,Branniff,,2026-05-01,2026-05-02,1
26,Branniff,,2026-05-08,2026-05-09,1
26,Branniff,,2026-05-15,2026-05-16,1
26,Branniff,,2026-05-22,2026-05-23,1
26,Branniff,,2026-05-29,2026-05-30,1
26,Branniff,,2026-06-06,2026-06-07,1
26,Branniff,,2026-06-13,2026-06-14,1
26,Branniff,,2026-06-20,2026-06-21,1
26,Branniff,,2026-06-25,2026-06-28,2
Amtico flooring /Carpets,Wren,,2025-12-07,2025-12-08,1
Amtico flooring /Carpets,Wren,,2025-12-14,2025-12-15,1
Amtico flooring /Carpets,Wren,,2025-12-21,2025-12-22,1
Amtico flooring /Carpets,Wren,,2025-12-28,2025-12-29,1
Amtico flooring /Carpets,Wren,,2026-01-05,2026-01-06,2
Amtico flooring /Carpets,Wren,,2026-01-12,2026-01-13,2
Amtico flooring /Carpets,Wren,,2026-01-19,2026-01-20,2
Amtico flooring /Carpets,Wren,,2026-01-23,2026-01-29,5
Amtico flooring /Carpets,Wren,,2026-02-02,2026-02-03,2
Amtico flooring /Carpets,Wren,,2026-02-09,2026-02-10,2
Amtico flooring /Carpets,Wren,,2026-02-16,2026-02-17,2
Amtico flooring /Carpets,Wren,,2026-02-23,2026-02-25,3
Amtico flooring /Carpets,Wren,,2026-03-06,2026-03-14,6
Amtico flooring /Carpets,Wren,,2026-03-20,2026-03-21,1
Amtico flooring /Carpets,Wren,,2026-03-27,2026-03-28,1
Amtico flooring /Carpets,Wren,,2026-04-04,2026-04-05,1
Amtico flooring /Carpets,Wren,,2026-04-11,2026-04-12,1
Amtico flooring /Carpets,Wren,,2026-04-18,2026-04-19,1
Amtico flooring /Carpets,Wren,,2026-04-25,2026-04-26,1
Amtico flooring /Carpets,Wren,,2026-05-01,2026-05-02,1
Amtico flooring /Carpets,Wren,,2026-05-08,2026-05-09,1
Amtico flooring /Carpets,Wren,,2026-05-15,2026-05-16,1
Amtico flooring /Carpets,Wren,,2026-05-22,2026-05-23,1
Amtico flooring /Carpets,Wren,,2026-05-29,2026-05-30,1
Amtico flooring /Carpets,Wren,,2026-06-06,2026-06-07,1
Amtico flooring /Carpets,Wren,,2026-06-13,2026-06-14,1
Amtico flooring /Carpets,Wren,,2026-06-20,2026-06-21,1
Amtico flooring /Carpets,Wren,,2026-06-25,2026-06-28,2
,De snag all trades -test & commision,,2025-12-07,2025-12-08,1
,De snag all trades -test & commision,,2025-12-14,2025-12-15,1
,De snag all trades -test & commision,,2025-12-21,2025-12-22,1
,De snag all trades -test & commision,,2025-12-28,2025-12-29,1
,De snag all trades -test & commision,,2026-01-05,2026-01-06,2
,De snag all trades -test & commision,,2026-01-12,2026-01-13,2
,De snag all trades -test & commision,,2026-01-19,2026-01-20,2
,De snag all trades -test & commision,,2026-01-26,2026-01-27,2
,De snag all trades -test & commision,,2026-02-02,2026-02-03,2
,De snag all trades -test & commision,,2026-02-09,2026-02-10,2
,De snag all trades -test & commision,,2026-02-16,2026-02-17,2
,De snag all trades -test & commision,,2026-02-23,2026-02-25,3
,De snag all trades -test & commision,,2026-03-06,2026-03-07,1
,De snag all trades -test & commision,,2026-03-13,2026-03-21,6
,De snag all trades -test & commision,,2026-03-27,2026-03-28,1
,De snag all trades -test & commision,,2026-04-04,2026-04-05,1
,De snag all trades -test & commision,,2026-04-11,2026-04-12,1
,De snag all trades -test & commision,,2026-04-18,2026-04-19,1
,De snag all trades -test & commision,,2026-04-25,2026-04-26,1
,De snag all trades -test & commision,,2026-05-01,2026-05-02,1
,De snag all trades -test & commision,,2026-05-08,2026-05-09,1
,De snag all trades -test & commision,,2026-05-15,2026-05-16,1
,De snag all trades -test & commision,,2026-05-22,2026-05-23,1
,De snag all trades -test & commision,,2026-05-29,2026-05-30,1
,De snag all trades -test & commision,,2026-06-06,2026-06-07,1
,De snag all trades -test & commision,,2026-06-13,2026-06-14,1
,De snag all trades -test & commision,,2026-06-20,2026-06-21,1
,De snag all trades -test & commision,,2026-06-25,2026-06-28,2
,Sparkle clean,,2025-12-07,2025-12-08,1
,Sparkle clean,,2025-12-14,2025-12-15,1
,Sparkle clean,,2025-12-21,2025-12-22,1
,Sparkle clean,,2025-12-28,2025-12-29,1
,Sparkle clean,,2026-01-05,2026-01-06,2
,Sparkle clean,,2026-01-12,2026-01-13,2
,Sparkle clean,,2026-01-15,2026-01-20,4
,Sparkle clean,,2026-01-26,2026-01-27,2
,Sparkle clean,,2026-02-02,2026-02-03,2
,Sparkle clean,,2026-02-09,2026-02-10,2
,Sparkle clean,,2026-02-16,2026-02-17,2
,Sparkle clean,,2026-02-23,2026-02-25,3
,Sparkle clean,,2026-03-06,2026-03-07,1
,Sparkle clean,,2026-03-13,2026-03-14,1
,Sparkle clean,,2026-03-20,2026-03-28,6
,Sparkle clean,,2026-04-04,2026-04-05,1
,Sparkle clean,,2026-04-11,2026-04-12,1
,Sparkle clean,,2026-04-18,2026-04-19,1
,Sparkle clean,,2026-04-25,2026-04-26,1
,Sparkle clean,,2026-05-01,2026-05-02,1
,Sparkle clean,,2026-05-08,2026-05-09,1
,Sparkle clean,,2026-05-15,2026-05-16,1
,Sparkle clean,,2026-05-22,2026-05-23,1
,Sparkle clean,,2026-05-29,2026-05-30,1
,Sparkle clean,,2026-06-06,2026-06-07,1
,Sparkle clean,,2026-06-13,2026-06-14,1
,Sparkle clean,,2026-06-20,2026-06-21,1
,Sparkle clean,,2026-06-25,2026-06-28,2
,Mastic,,2025-12-07,2025-12-08,1
,Mastic,,2025-12-14,2025-12-15,1
,Mastic,,2025-12-21,2025-12-22,1
,Mastic,,2025-12-28,2025-12-29,1
,Mastic,,2026-01-05,2026-01-06,2
,Mastic,,2026-01-12,2026-01-13,2
,Mastic,,2026-01-16,2026-01-20,3
,Mastic,,2026-01-26,2026-01-27,2
,Mastic,,2026-02-02,2026-02-03,2
,Mastic,,2026-02-09,2026-02-10,2
,Mastic,,2026-02-16,2026-02-17,2
,Mastic,,2026-02-23,2026-02-25,3
,Mastic,,2026-03-06,2026-03-07,1
,Mastic,,2026-03-13,2026-03-14,1
,Mastic,,2026-03-20,2026-03-21,1
,Mastic,,2026-03-27,2026-03-30,2
,Mastic,,2026-04-04,2026-04-05,1
,Mastic,,2026-04-11,2026-04-12,1
,Mastic,,2026-04-18,2026-04-19,1
,Mastic,,2026-04-25,2026-04-26,1
,Mastic,,2026-05-01,2026-05-02,1
,Mastic,,2026-05-08,2026-05-09,1
,Mastic,,2026-05-15,2026-05-16,1
,Mastic,,2026-05-22,2026-05-23,1
,Mastic,,2026-05-29,2026-05-30,1
,Mastic,,2026-06-06,2026-06-07,1
,Mastic,,2026-06-13,2026-06-14,1
,Mastic,,2026-06-20,2026-06-21,1
,Mastic,,2026-06-25,2026-06-28,2
,Handover to client,,2025-12-07,2025-12-08,1
,Handover to client,,2025-12-14,2025-12-15,1
,Handover to client,,2025-12-21,2025-12-22,1
,Handover to client,,2025-12-28,2025-12-29,1
,Handover to client,,2026-01-05,2026-01-06,2
,Handover to client,,2026-01-12,2026-01-13,2
,Handover to client,,2026-01-16,2026-01-20,3
,Handover to client,,2026-01-26,2026-01-27,2
,Handover to client,,2026-02-02,2026-02-03,2
,Handover to client,,2026-02-09,2026-02-10,2
,Handover to client,,2026-02-16,2026-02-17,2
,Handover to client,,2026-02-23,2026-02-25,3
,Handover to client,,2026-03-06,2026-03-07,1
,Handover to client,,2026-03-13,2026-03-14,1
,Handover to client,,2026-03-20,2026-03-21,1
,Handover to client,,2026-03-27,2026-03-28,1
,Handover to client,,2026-04-04,2026-04-05,1
,Handover to client,,2026-04-11,2026-04-13,1
,Handover to client,,2026-04-18,2026-04-19,1
,Handover to client,,2026-04-25,2026-04-26,1
,Handover to client,,2026-05-01,2026-05-02,1
,Handover to client,,2026-05-08,2026-05-09,1
,Handover to client,,2026-05-15,2026-05-16,1
,Handover to client,,2026-05-22,2026-05-23,1
,Handover to client,,2026-05-29,2026-05-30,1
,Handover to client,,2026-06-06,2026-06-07,1
,Handover to client,,2026-06-13,2026-06-14,1
,Handover to client,,2026-06-20,2026-06-21,1
,Handover to client,,2026-06-25,2026-06-28,2
,Level 2 Apartment fit out -cluster 1,,2025-12-07,2025-12-08,1
,Level 2 Apartment fit out -cluster 1,,2025-12-14,2025-12-15,1
,Level 2 Apartment fit out -cluster 1,,2025-12-21,2025-12-22,1
,Level 2 Apartment fit out -cluster 1,,2025-12-28,2025-12-29,1
,Level 2 Apartment fit out -cluster 1,,2026-01-05,2026-01-06,2
,Level 2 Apartment fit out -cluster 1,,2026-01-12,2026-01-13,2
,Level 2 Apartment fit out -cluster 1,,2026-01-19,2026-01-20,2
,Level 2 Apartment fit out -cluster 1,,2026-01-26,2026-01-27,2
,Level 2 Apartment fit out -cluster 1,,2026-02-02,2026-02-03,2
,Level 2 Apartment fit out -cluster 1,,2026-02-09,2026-02-10,2
,Level 2 Apartment fit out -cluster 1,,2026-02-16,2026-02-17,2
,Level 2 Apartment fit out -cluster 1,,2026-02-23,2026-02-25,3
,Level 2 Apartment fit out -cluster 1,,2026-03-06,2026-03-07,1
,Level 2 Apartment fit out -cluster 1,,2026-03-13,2026-03-14,1
,Level 2 Apartment fit out -cluster 1,,2026-03-20,2026-03-21,1
,Level 2 Apartment fit out -cluster 1,,2026-03-27,2026-03-28,1
,Level 2 Apartment fit out -cluster 1,,2026-04-04,2026-04-05,1
,Level 2 Apartment fit out -cluster 1,,2026-04-11,2026-04-12,1
,Level 2 Apartment fit out -cluster 1,,2026-04-18,2026-04-19,1
,Level 2 Apartment fit out -cluster 1,,2026-04-25,2026-04-26,1
,Level 2 Apartment fit out -cluster 1,,2026-05-01,2026-05-02,1
,Level 2 Apartment fit out -cluster 1,,2026-05-08,2026-05-09,1
,Level 2 Apartment fit out -cluster 1,,2026-05-15,2026-05-16,1
,Level 2 Apartment fit out -cluster 1,,2026-05-22,2026-05-23,1
,Level 2 Apartment fit out -cluster 1,,2026-05-29,2026-05-30,1
,Level 2 Apartment fit out -cluster 1,,2026-06-06,2026-06-07,1
,Level 2 Apartment fit out -cluster 1,,2026-06-13,2026-06-14,1
,Level 2 Apartment fit out -cluster 1,,2026-06-20,2026-06-21,1
,Level 2 Apartment fit out -cluster 1,,2026-06-25,2026-06-28,2
,"kitchen 1st fix,units tops & appliances   WREN",,2025-12-07,2025-12-08,1
,"kitchen 1st fix,units tops & appliances   WREN",,2025-12-14,2025-12-15,1
,"kitchen 1st fix,units tops & appliances   WREN",,2025-12-21,2025-12-22,1
,"kitchen 1st fix,units tops & appliances   WREN",,2025-12-28,2025-12-29,1
,"kitchen 1st fix,units tops & appliances   WREN",,2026-01-05,2026-01-06,2
,"kitchen 1st fix,units tops & appliances   WREN",,2026-01-12,2026-01-13,2
,"kitchen 1st fix,units tops & appliances   WREN",,2026-01-19,2026-01-20,2
,"kitchen 1st fix,units tops & appliances   WREN",,2026-01-26,2026-01-27,2
,"kitchen 1st fix,units tops & appliances   WREN",,2026-02-02,2026-02-03,2
,"kitchen 1st fix,units tops & appliances   WREN",,2026-02-09,2026-02-10,2
,"kitchen 1st fix,units tops & appliances   WREN",,2026-02-16,2026-02-17,2
,"kitchen 1st fix,units tops & appliances   WREN",,2026-02-19,2026-02-26,6
,"kitchen 1st fix,units tops & appliances   WREN",,2026-03-06,2026-03-07,1
,"kitchen 1st fix,units tops & appliances   WREN",,2026-03-13,2026-03-14,1
,"kitchen 1st fix,units tops & appliances   WREN",,2026-03-20,2026-03-21,1
,"kitchen 1st fix,units tops & appliances   WREN",,2026-03-27,2026-03-28,1
,"kitchen 1st fix,units tops & appliances   WREN",,2026-04-04,2026-04-05,1
,"kitchen 1st fix,units tops & appliances   WREN",,2026-04-11,2026-04-12,1
,"kitchen 1st fix,units tops & appliances   WREN",,2026-04-18,2026-04-19,1
,"kitchen 1st fix,units tops & appliances   WREN",,2026-04-25,2026-04-26,1
,"kitchen 1st fix,units tops & appliances   WREN",,2026-05-01,2026-05-02,1
,"kitchen 1st fix,units tops & appliances   WREN",,2026-05-08,2026-05-09,1
,"kitchen 1st fix,units tops & appliances   WREN",,2026-05-15,2026-05-16,1
,"kitchen 1st fix,units tops & appliances   WREN",,2026-05-22,2026-05-23,1
,"kitchen 1st fix,units tops & appliances   WREN",,2026-05-29,2026-05-30,1
,"kitchen 1st fix,units tops & appliances   WREN",,2026-06-06,2026-06-07,1
,"kitchen 1st fix,units tops & appliances   WREN",,2026-06-13,2026-06-14,1
,"kitchen 1st fix,units tops & appliances   WREN",,2026-06-20,2026-06-21,1
,"kitchen 1st fix,units tops & appliances   WREN",,2026-06-25,2026-06-28,2
,"Joinery 1st fix -doors, frames ,skirtings,archs vanity framing  & plinths .",,2025-12-07,2025-12-08,1
,"Joinery 1st fix -doors, frames ,skirtings,archs vanity framing  & plinths .",,2025-12-14,2025-12-15,1
,"Joinery 1st fix -doors, frames ,skirtings,archs vanity framing  & plinths .",,2025-12-21,2025-12-22,1
,"Joinery 1st fix -doors, frames ,skirtings,archs vanity framing  & plinths .",,2025-12-28,2025-12-29,1
,"Joinery 1st fix -doors, frames ,skirtings,archs vanity framing  & plinths .",,2026-01-05,2026-01-06,2
,"Joinery 1st fix -doors, frames ,skirtings,archs vanity framing  & plinths .",,2026-01-12,2026-01-13,2
,"Joinery 1st fix -doors, frames ,skirtings,archs vanity framing  & plinths .",,2026-01-19,2026-01-20,2
,"Joinery 1st fix -doors, frames ,skirtings,archs vanity framing  & plinths .",,2026-01-26,2026-01-27,2
,"Joinery 1st fix -doors, frames ,skirtings,archs vanity framing  & plinths .",,2026-02-02,2026-02-03,2
,"Joinery 1st fix -doors, frames ,skirtings,archs vanity framing  & plinths .",,2026-02-09,2026-02-17,7
,"Joinery 1st fix -doors, frames ,skirtings,archs vanity framing  & plinths .",,2026-02-23,2026-02-25,3
,"Joinery 1st fix -doors, frames ,skirtings,archs vanity framing  & plinths .",,2026-03-06,2026-03-07,1
,"Joinery 1st fix -doors, frames ,skirtings,archs vanity framing  & plinths .",,2026-03-13,2026-03-14,1
,"Joinery 1st fix -doors, frames ,skirtings,archs vanity framing  & plinths .",,2026-03-20,2026-03-21,1
,"Joinery 1st fix -doors, frames ,skirtings,archs vanity framing  & plinths .",,2026-03-27,2026-03-28,1
,"Joinery 1st fix -doors, frames ,skirtings,archs vanity framing  & plinths .",,2026-04-04,2026-04-05,1
,"Joinery 1st fix -doors, frames ,skirtings,archs vanity framing  & plinths .",,2026-04-11,2026-04-12,1
,"Joinery 1st fix -doors, frames ,skirtings,archs vanity framing  & plinths .",,2026-04-18,2026-04-19,1
,"Joinery 1st fix -doors, frames ,skirtings,archs vanity framing  & plinths .",,2026-04-25,2026-04-26,1
,"Joinery 1st fix -doors, frames ,skirtings,archs vanity framing  & plinths .",,2026-05-01,2026-05-02,1
,"Joinery 1st fix -doors, frames ,skirtings,archs vanity framing  & plinths .",,2026-05-08,2026-05-09,1
,"Joinery 1st fix -doors, frames ,skirtings,archs vanity framing  & plinths .",,2026-05-15,2026-05-16,1
,"Joinery 1st fix -doors, frames ,skirtings,archs vanity framing  & plinths .",,2026-05-22,2026-05-23,1
,"Joinery 1st fix -doors, frames ,skirtings,archs vanity framing  & plinths .",,2026-05-29,2026-05-30,1
,"Joinery 1st fix -doors, frames ,skirtings,archs vanity framing  & plinths .",,2026-06-06,2026-06-07,1
,"Joinery 1st fix -doors, frames ,skirtings,archs vanity framing  & plinths .",,2026-06-13,2026-06-14,1
,"Joinery 1st fix -doors, frames ,skirtings,archs vanity framing  & plinths .",,2026-06-20,2026-06-21,1
,"Joinery 1st fix -doors, frames ,skirtings,archs vanity framing  & plinths .",,2026-06-25,2026-06-28,2
,"Plumbing mid fix ,bath ,showers cisterns",,2025-12-07,2025-12-08,1
,"Plumbing mid fix ,bath ,showers cisterns",,2025-12-14,2025-12-15,1
,"Plumbing mid fix ,bath ,showers cisterns",,2025-12-21,2025-12-22,1
,"Plumbing mid fix ,bath ,showers cisterns",,2025-12-28,2025-12-29,1
,"Plumbing mid fix ,bath ,showers cisterns",,2026-01-05,2026-01-06,2
,"Plumbing mid fix ,bath ,showers cisterns",,2026-01-12,2026-01-13,2
,"Plumbing mid fix ,bath ,showers cisterns",,2026-01-19,2026-01-20,2
,"Plumbing mid fix ,bath ,showers cisterns",,2026-01-26,2026-01-27,2
,"Plumbing mid fix ,bath ,showers cisterns",,2026-02-02,2026-02-03,2
,"Plumbing mid fix ,bath ,showers cisterns",,2026-02-09,2026-02-10,2
,"Plumbing mid fix ,bath ,showers cisterns",,2026-02-16,2026-02-17,2
,"Plumbing mid fix ,bath ,showers cisterns",,2026-02-23,2026-02-25,3
,"Plumbing mid fix ,bath ,showers cisterns",,2026-03-06,2026-03-07,1
,"Plumbing mid fix ,bath ,showers cisterns",,2026-03-13,2026-03-14,1
,"Plumbing mid fix ,bath ,showers cisterns",,2026-03-20,2026-03-21,1
,"Plumbing mid fix ,bath ,showers cisterns",,2026-03-27,2026-03-28,1
,"Plumbing mid fix ,bath ,showers cisterns",,2026-04-04,2026-04-05,1
,"Plumbing mid fix ,bath ,showers cisterns",,2026-04-11,2026-04-12,1
,"Plumbing mid fix ,bath ,showers cisterns",,2026-04-18,2026-04-19,1
,"Plumbing mid fix ,bath ,showers cisterns",,2026-04-25,2026-04-26,1
,"Plumbing mid fix ,bath ,showers cisterns",,2026-05-01,2026-05-02,1
,"Plumbing mid fix ,bath ,showers cisterns",,2026-05-08,2026-05-09,1
,"Plumbing mid fix ,bath ,showers cisterns",,2026-05-15,2026-05-16,1
,"Plumbing mid fix ,bath ,showers cisterns",,2026-05-22,2026-05-23,1
,"Plumbing mid fix ,bath ,showers cisterns",,2026-05-29,2026-05-30,1
,"Plumbing mid fix ,bath ,showers cisterns",,2026-06-06,2026-06-07,1
,"Plumbing mid fix ,bath ,showers cisterns",,2026-06-13,2026-06-14,1
,"Plumbing mid fix ,bath ,showers cisterns",,2026-06-20,2026-06-21,1
,"Plumbing mid fix ,bath ,showers cisterns",,2026-06-25,2026-06-28,2
Water on,Wall & floor tiling  JD tiling,,2025-12-07,2025-12-08,1
Water on,Wall & floor tiling  JD tiling,,2025-12-14,2025-12-15,1
Water on,Wall & floor tiling  JD tiling,,2025-12-21,2025-12-22,1
Water on,Wall & floor tiling  JD tiling,,2025-12-28,2025-12-29,1
Water on,Wall & floor tiling  JD tiling,,2026-01-05,2026-01-06,2
Water on,Wall & floor tiling  JD tiling,,2026-01-12,2026-01-13,2
Water on,Wall & floor tiling  JD tiling,,2026-01-19,2026-01-20,2
Water on,Wall & floor tiling  JD tiling,,2026-01-26,2026-01-27,2
Water on,Wall & floor tiling  JD tiling,,2026-02-02,2026-02-03,2
Water on,Wall & floor tiling  JD tiling,,2026-02-09,2026-02-10,2
Water on,Wall & floor tiling  JD tiling,,2026-02-12,2026-02-18,5
Water on,Wall & floor tiling  JD tiling,,2026-02-23,2026-02-25,3
Water on,Wall & floor tiling  JD tiling,,2026-03-06,2026-03-07,1
Water on,Wall & floor tiling  JD tiling,,2026-03-13,2026-03-14,1
Water on,Wall & floor tiling  JD tiling,,2026-03-20,2026-03-21,1
Water on,Wall & floor tiling  JD tiling,,2026-03-27,2026-03-28,1
Water on,Wall & floor tiling  JD tiling,,2026-04-04,2026-04-05,1
Water on,Wall & floor tiling  JD tiling,,2026-04-11,2026-04-12,1
Water on,Wall & floor tiling  JD tiling,,2026-04-18,2026-04-19,1
Water on,Wall & floor tiling  JD tiling,,2026-04-25,2026-04-26,1
Water on,Wall & floor tiling  JD tiling,,2026-05-01,2026-05-02,1
Water on,Wall & floor tiling  JD tiling,,2026-05-08,2026-05-09,1
Water on,Wall & floor tiling  JD tiling,,2026-05-15,2026-05-16,1
Water on,Wall & floor tiling  JD tiling,,2026-05-22,2026-05-23,1
Water on,Wall & floor tiling  JD tiling,,2026-05-29,2026-05-30,1
Water on,Wall & floor tiling  JD tiling,,2026-06-06,2026-06-07,1
Water on,Wall & floor tiling  JD tiling,,2026-06-13,2026-06-14,1
Water on,Wall & floor tiling  JD tiling,,2026-06-20,2026-06-21,1
Water on,Wall & floor tiling  JD tiling,,2026-06-25,2026-06-28,2
,Service cupboard board ceiling &finish,,2025-12-07,2025-12-08,1
,Service cupboard board ceiling &finish,,2025-12-14,2025-12-15,1
,Service cupboard board ceiling &finish,,2025-12-21,2025-12-22,1
,Service cupboard board ceiling &finish,,2025-12-28,2025-12-29,1
,Service cupboard board ceiling &finish,,2026-01-05,2026-01-06,2
,Service cupboard board ceiling &finish,,2026-01-12,2026-01-13,2
,Service cupboard board ceiling &finish,,2026-01-19,2026-01-20,2
,Service cupboard board ceiling &finish,,2026-01-26,2026-01-27,2
,Service cupboard board ceiling &finish,,2026-02-02,2026-02-03,2
,Service cupboard board ceiling &finish,,2026-02-09,2026-02-10,2
,Service cupboard board ceiling &finish,,2026-02-12,2026-02-17,4
,Service cupboard board ceiling &finish,,2026-02-23,2026-02-25,3
,Service cupboard board ceiling &finish,,2026-03-06,2026-03-07,1
,Service cupboard board ceiling &finish,,2026-03-13,2026-03-14,1
,Service cupboard board ceiling &finish,,2026-03-20,2026-03-21,1
,Service cupboard board ceiling &finish,,2026-03-27,2026-03-28,1
,Service cupboard board ceiling &finish,,2026-04-04,2026-04-05,1
,Service cupboard board ceiling &finish,,2026-04-11,2026-04-12,1
,Service cupboard board ceiling &finish,,2026-04-18,2026-04-19,1
,Service cupboard board ceiling &finish,,2026-04-25,2026-04-26,1
,Service cupboard board ceiling &finish,,2026-05-01,2026-05-02,1
,Service cupboard board ceiling &finish,,2026-05-08,2026-05-09,1
,Service cupboard board ceiling &finish,,2026-05-15,2026-05-16,1
,Service cupboard board ceiling &finish,,2026-05-22,2026-05-23,1
,Service cupboard board ceiling &finish,,2026-05-29,2026-05-30,1
,Service cupboard board ceiling &finish,,2026-06-06,2026-06-07,1
,Service cupboard board ceiling &finish,,2026-06-13,2026-06-14,1
,Service cupboard board ceiling &finish,,2026-06-20,2026-06-21,1
,Service cupboard board ceiling &finish,,2026-06-25,2026-06-28,2
,service cupbaord -plywood flooring,,2025-12-07,2025-12-08,1
,service cupbaord -plywood flooring,,2025-12-14,2025-12-15,1
,service cupbaord -plywood flooring,,2025-12-21,2025-12-22,1
,service cupbaord -plywood flooring,,2025-12-28,2025-12-29,1
,service cupbaord -plywood flooring,,2026-01-05,2026-01-06,2
,service cupbaord -plywood flooring,,2026-01-12,2026-01-13,2
,service cupbaord -plywood flooring,,2026-01-19,2026-01-20,2
,service cupbaord -plywood flooring,,2026-01-26,2026-01-27,2
,service cupbaord -plywood flooring,,2026-02-02,2026-02-03,2
,service cupbaord -plywood flooring,,2026-02-09,2026-02-10,2
,service cupbaord -plywood flooring,,2026-02-14,2026-02-17,2
,service cupbaord -plywood flooring,,2026-02-23,2026-02-25,3
,service cupbaord -plywood flooring,,2026-03-06,2026-03-07,1
,service cupbaord -plywood flooring,,2026-03-13,2026-03-14,1
,service cupbaord -plywood flooring,,2026-03-20,2026-03-21,1
,service cupbaord -plywood flooring,,2026-03-27,2026-03-28,1
,service cupbaord -plywood flooring,,2026-04-04,2026-04-05,1
,service cupbaord -plywood flooring,,2026-04-11,2026-04-12,1
,service cupbaord -plywood flooring,,2026-04-18,2026-04-19,1
,service cupbaord -plywood flooring,,2026-04-25,2026-04-26,1
,service cupbaord -plywood flooring,,2026-05-01,2026-05-02,1
,service cupbaord -plywood flooring,,2026-05-08,2026-05-09,1
,service cupbaord -plywood flooring,,2026-05-15,2026-05-16,1
,service cupbaord -plywood flooring,,2026-05-22,2026-05-23,1
,service cupbaord -plywood flooring,,2026-05-29,2026-05-30,1
,service cupbaord -plywood flooring,,2026-06-06,2026-06-07,1
,service cupbaord -plywood flooring,,2026-06-13,2026-06-14,1
,service cupbaord -plywood flooring,,2026-06-20,2026-06-21,1
,service cupbaord -plywood flooring,,2026-06-25,2026-06-28,2
,service cupboard decoration,,2025-12-07,2025-12-08,1
,service cupboard decoration,,2025-12-14,2025-12-15,1
,service cupboard decoration,,2025-12-21,2025-12-22,1
,service cupboard decoration,,2025-12-28,2025-12-29,1
,service cupboard decoration,,2026-01-05,2026-01-06,2
,service cupboard decoration,,2026-01-12,2026-01-13,2
,service cupboard decoration,,2026-01-19,2026-01-20,2
,service cupboard decoration,,2026-01-26,2026-01-27,2
,service cupboard decoration,,2026-02-02,2026-02-03,2
,service cupboard decoration,,2026-02-09,2026-02-10,2
,service cupboard decoration,,2026-02-15,2026-02-17,2
,service cupboard decoration,,2026-02-23,2026-02-25,3
,service cupboard decoration,,2026-03-06,2026-03-07,1
,service cupboard decoration,,2026-03-13,2026-03-14,1
,service cupboard decoration,,2026-03-20,2026-03-21,1
,service cupboard decoration,,2026-03-27,2026-03-28,1
,service cupboard decoration,,2026-04-04,2026-04-05,1
,service cupboard decoration,,2026-04-11,2026-04-12,1
,service cupboard decoration,,2026-04-18,2026-04-19,1
,service cupboard decoration,,2026-04-25,2026-04-26,1
,service cupboard decoration,,2026-05-01,2026-05-02,1
,service cupboard decoration,,2026-05-08,2026-05-09,1
,service cupboard decoration,,2026-05-15,2026-05-16,1
,service cupboard decoration,,2026-05-22,2026-05-23,1
,service cupboard decoration,,2026-05-29,2026-05-30,1
,service cupboard decoration,,2026-06-06,2026-06-07,1
,service cupboard decoration,,2026-06-13,2026-06-14,1
,service cupboard decoration,,2026-06-20,2026-06-21,1
,service cupboard decoration,,2026-06-25,2026-06-28,2
28,PANACEA,,2025-12-07,2025-12-08,1
28,PANACEA,,2025-12-14,2025-12-15,1
28,PANACEA,,2025-12-21,2025-12-22,1
28,PANACEA,,2025-12-28,2025-12-29,1
28,PANACEA,,2026-01-05,2026-01-06,2
28,PANACEA,,2026-01-12,2026-01-13,2
28,PANACEA,,2026-01-19,2026-01-20,2
28,PANACEA,,2026-01-26,2026-01-27,2
28,PANACEA,,2026-02-02,2026-02-03,2
28,PANACEA,,2026-02-09,2026-02-10,2
28,PANACEA,,2026-02-16,2026-02-17,2
28,PANACEA,,2026-02-23,2026-02-25,3
28,PANACEA,,2026-03-06,2026-03-07,1
28,PANACEA,,2026-03-13,2026-03-14,1
28,PANACEA,,2026-03-20,2026-03-21,1
28,PANACEA,,2026-03-27,2026-03-28,1
28,PANACEA,,2026-04-04,2026-04-05,1
28,PANACEA,,2026-04-11,2026-04-12,1
28,PANACEA,,2026-04-18,2026-04-19,1
28,PANACEA,,2026-04-25,2026-04-26,1
28,PANACEA,,2026-05-01,2026-05-02,1
28,PANACEA,,2026-05-08,2026-05-09,1
28,PANACEA,,2026-05-15,2026-05-16,1
28,PANACEA,,2026-05-22,2026-05-23,1
28,PANACEA,,2026-05-29,2026-05-30,1
28,PANACEA,,2026-06-06,2026-06-07,1
28,PANACEA,,2026-06-13,2026-06-14,1
28,PANACEA,,2026-06-20,2026-06-21,1
28,PANACEA,,2026-06-25,2026-06-28,2
,Amtico flooring /Bathrooms,,2025-12-07,2025-12-08,1
,Amtico flooring /Bathrooms,,2025-12-14,2025-12-15,1
,Amtico flooring /Bathrooms,,2025-12-21,2025-12-22,1
,Amtico flooring /Bathrooms,,2025-12-28,2025-12-29,1
,Amtico flooring /Bathrooms,,2026-01-05,2026-01-06,2
,Amtico flooring /Bathrooms,,2026-01-12,2026-01-13,2
,Amtico flooring /Bathrooms,,2026-01-19,2026-01-20,2
,Amtico flooring /Bathrooms,,2026-01-26,2026-01-27,2
,Amtico flooring /Bathrooms,,2026-02-02,2026-02-03,2
,Amtico flooring /Bathrooms,,2026-02-09,2026-02-10,2
,Amtico flooring /Bathrooms,,2026-02-16,2026-02-17,2
,Amtico flooring /Bathrooms,,2026-02-21,2026-02-28,5
,Amtico flooring /Bathrooms,,2026-03-06,2026-03-07,1
,Amtico flooring /Bathrooms,,2026-03-13,2026-03-14,1
,Amtico flooring /Bathrooms,,2026-03-20,2026-03-21,1
,Amtico flooring /Bathrooms,,2026-03-27,2026-03-28,1
,Amtico flooring /Bathrooms,,2026-04-04,2026-04-05,1
,Amtico flooring /Bathrooms,,2026-04-11,2026-04-12,1
,Amtico flooring /Bathrooms,,2026-04-18,2026-04-19,1
,Amtico flooring /Bathrooms,,2026-04-25,2026-04-26,1
,Amtico flooring /Bathrooms,,2026-05-01,2026-05-02,1
,Amtico flooring /Bathrooms,,2026-05-08,2026-05-09,1
,Amtico flooring /Bathrooms,,2026-05-15,2026-05-16,1
,Amtico flooring /Bathrooms,,2026-05-22,2026-05-23,1
,Amtico flooring /Bathrooms,,2026-05-29,2026-05-30,1
,Amtico flooring /Bathrooms,,2026-06-06,2026-06-07,1
,Amtico flooring /Bathrooms,,2026-06-13,2026-06-14,1
,Amtico flooring /Bathrooms,,2026-06-20,2026-06-21,1
,Amtico flooring /Bathrooms,,2026-06-25,2026-06-28,2
29,Edencroft,,2025-12-07,2025-12-08,1
29,Edencroft,,2025-12-14,2025-12-15,1
29,Edencroft,,2025-12-21,2025-12-22,1
29,Edencroft,,2025-12-28,2025-12-29,1
29,Edencroft,,2026-01-05,2026-01-06,2
29,Edencroft,,2026-01-12,2026-01-13,2
29,Edencroft,,2026-01-19,2026-01-20,2
29,Edencroft,,2026-01-26,2026-01-27,2
29,Edencroft,,2026-02-02,2026-02-03,2
29,Edencroft,,2026-02-09,2026-02-10,2
29,Edencroft,,2026-02-16,2026-02-17,2
29,Edencroft,,2026-02-23,2026-02-25,3
29,Edencroft,,2026-02-28,2026-03-03,2
29,Edencroft,,2026-03-06,2026-03-07,1
29,Edencroft,,2026-03-13,2026-03-14,1
29,Edencroft,,2026-03-20,2026-03-21,1
29,Edencroft,,2026-03-27,2026-03-28,1
29,Edencroft,,2026-04-04,2026-04-05,1
29,Edencroft,,2026-04-11,2026-04-12,1
29,Edencroft,,2026-04-18,2026-04-19,1
29,Edencroft,,2026-04-25,2026-04-26,1
29,Edencroft,,2026-05-01,2026-05-02,1
29,Edencroft,,2026-05-08,2026-05-09,1
29,Edencroft,,2026-05-15,2026-05-16,1
29,Edencroft,,2026-05-22,2026-05-23,1
29,Edencroft,,2026-05-29,2026-05-30,1
29,Edencroft,,2026-06-06,2026-06-07,1
29,Edencroft,,2026-06-13,2026-06-14,1
29,Edencroft,,2026-06-20,2026-06-21,1
29,Edencroft,,2026-06-25,2026-06-28,2
30,GPL,,2025-12-07,2025-12-08,1
30,GPL,,2025-12-14,2025-12-15,1
30,GPL,,2025-12-21,2025-12-22,1
30,GPL,,2025-12-28,2025-12-29,1
30,GPL,,2026-01-05,2026-01-06,2
30,GPL,,2026-01-12,2026-01-13,2
30,GPL,,2026-01-19,2026-01-20,2
30,GPL,,2026-01-26,2026-01-27,2
30,GPL,,2026-02-02,2026-02-03,2
30,GPL,,2026-02-09,2026-02-10,2
30,GPL,,2026-02-16,2026-02-17,2
30,GPL,,2026-02-23,2026-02-25,3
30,GPL,,2026-03-04,2026-03-10,5
30,GPL,,2026-03-13,2026-03-14,1
30,GPL,,2026-03-20,2026-03-21,1
30,GPL,,2026-03-27,2026-03-28,1
30,GPL,,2026-04-04,2026-04-05,1
30,GPL,,2026-04-11,2026-04-12,1
30,GPL,,2026-04-18,2026-04-19,1
30,GPL,,2026-04-25,2026-04-26,1
30,GPL,,2026-05-01,2026-05-02,1
30,GPL,,2026-05-08,2026-05-09,1
30,GPL,,2026-05-15,2026-05-16,1
30,GPL,,2026-05-22,2026-05-23,1
30,GPL,,2026-05-29,2026-05-30,1
30,GPL,,2026-06-06,2026-06-07,1
30,GPL,,2026-06-13,2026-06-14,1
30,GPL,,2026-06-20,2026-06-21,1
30,GPL,,2026-06-25,2026-06-28,2
,Power on,,2025-12-07,2025-12-08,1
,Power on,,2025-12-14,2025-12-15,1
,Power on,,2025-12-21,2025-12-22,1
,Power on,,2025-12-28,2025-12-29,1
,Power on,,2026-01-05,2026-01-06,2
,Power on,,2026-01-12,2026-01-13,2
,Power on,,2026-01-19,2026-01-20,2
,Power on,,2026-01-26,2026-01-27,2
,Power on,,2026-02-02,2026-02-03,2
,Power on,,2026-02-09,2026-02-10,2
,Power on,,2026-02-16,2026-02-17,2
,Power on,,2026-02-23,2026-02-25,3
,Power on,,2026-03-06,2026-03-07,1
,Power on,,2026-03-13,2026-03-14,1
,Power on,,2026-03-20,2026-03-21,1
,Power on,,2026-03-27,2026-03-28,1
,Power on,,2026-04-04,2026-04-05,1
,Power on,,2026-04-11,2026-04-12,1
,Power on,,2026-04-18,2026-04-19,1
,Power on,,2026-04-25,2026-04-26,1
,Power on,,2026-05-01,2026-05-02,1
,Power on,,2026-05-08,2026-05-09,1
,Power on,,2026-05-15,2026-05-16,1
,Power on,,2026-05-22,2026-05-23,1
,Power on,,2026-05-29,2026-05-30,1
,Power on,,2026-06-06,2026-06-07,1
,Power on,,2026-06-13,2026-06-14,1
,Power on,,2026-06-20,2026-06-21,1
,Power on,,2026-06-25,2026-06-28,2
,Water on,,2025-12-07,2025-12-08,1
,Water on,,2025-12-14,2025-12-15,1
,Water on,,2025-12-21,2025-12-22,1
,Water on,,2025-12-28,2025-12-29,1
,Water on,,2026-01-05,2026-01-06,2
,Water on,,2026-01-12,2026-01-13,2
,Water on,,2026-01-19,2026-01-20,2
,Water on,,2026-01-26,2026-01-27,2
,Water on,,2026-02-02,2026-02-03,2
,Water on,,2026-02-09,2026-02-10,2
,Water on,,2026-02-16,2026-02-17,2
,Water on,,2026-02-23,2026-02-25,3
,Water on,,2026-03-06,2026-03-07,1
,Water on,,2026-03-13,2026-03-14,1
,Water on,,2026-03-20,2026-03-21,1
,Water on,,2026-03-27,2026-03-28,1
,Water on,,2026-04-04,2026-04-05,1
,Water on,,2026-04-11,2026-04-12,1
,Water on,,2026-04-18,2026-04-19,1
,Water on,,2026-04-25,2026-04-26,1
,Water on,,2026-05-01,2026-05-02,1
,Water on,,2026-05-08,2026-05-09,1
,Water on,,2026-05-15,2026-05-16,1
,Water on,,2026-05-22,2026-05-23,1
,Water on,,2026-05-29,2026-05-30,1
,Water on,,2026-06-06,2026-06-07,1
,Water on,,2026-06-13,2026-06-14,1
,Water on,,2026-06-20,2026-06-21,1
,Water on,,2026-06-25,2026-06-28,2
31,Armstrong,,2025-12-07,2025-12-08,1
31,Armstrong,,2025-12-14,2025-12-15,1
31,Armstrong,,2025-12-21,2025-12-22,1
31,Armstrong,,2025-12-28,2025-12-29,1
31,Armstrong,,2026-01-05,2026-01-06,2
31,Armstrong,,2026-01-12,2026-01-13,2
31,Armstrong,,2026-01-19,2026-01-20,2
31,Armstrong,,2026-01-26,2026-01-27,2
31,Armstrong,,2026-02-02,2026-02-03,2
31,Armstrong,,2026-02-09,2026-02-10,2
31,Armstrong,,2026-02-16,2026-02-17,2
31,Armstrong,,2026-02-23,2026-02-25,3
31,Armstrong,,2026-03-06,2026-03-07,1
31,Armstrong,,2026-03-13,2026-03-14,1
31,Armstrong,,2026-03-20,2026-03-21,1
31,Armstrong,,2026-03-27,2026-03-28,1
31,Armstrong,,2026-04-04,2026-04-05,1
31,Armstrong,,2026-04-11,2026-04-12,1
31,Armstrong,,2026-04-18,2026-04-19,1
31,Armstrong,,2026-04-25,2026-04-26,1
31,Armstrong,,2026-05-01,2026-05-02,1
31,Armstrong,,2026-05-08,2026-05-09,1
31,Armstrong,,2026-05-15,2026-05-16,1
31,Armstrong,,2026-05-22,2026-05-23,1
31,Armstrong,,2026-05-29,2026-05-30,1
31,Armstrong,,2026-06-06,2026-06-07,1
31,Armstrong,,2026-06-13,2026-06-14,1
31,Armstrong,,2026-06-20,2026-06-21,1
31,Armstrong,,2026-06-25,2026-06-28,2
32,Pre -dec -snagging,,2025-12-07,2025-12-08,1
32,Pre -dec -snagging,,2025-12-14,2025-12-15,1
32,Pre -dec -snagging,,2025-12-21,2025-12-22,1
32,Pre -dec -snagging,,2025-12-28,2025-12-29,1
32,Pre -dec -snagging,,2026-01-05,2026-01-06,2
32,Pre -dec -snagging,,2026-01-12,2026-01-13,2
32,Pre -dec -snagging,,2026-01-19,2026-01-20,2
32,Pre -dec -snagging,,2026-01-26,2026-01-27,2
32,Pre -dec -snagging,,2026-02-02,2026-02-03,2
32,Pre -dec -snagging,,2026-02-09,2026-02-10,2
32,Pre -dec -snagging,,2026-02-16,2026-02-17,2
32,Pre -dec -snagging,,2026-02-23,2026-02-25,3
32,Pre -dec -snagging,,2026-03-06,2026-03-07,1
32,Pre -dec -snagging,,2026-03-13,2026-03-14,1
32,Pre -dec -snagging,,2026-03-20,2026-03-21,1
32,Pre -dec -snagging,,2026-03-27,2026-03-28,1
32,Pre -dec -snagging,,2026-04-04,2026-04-05,1
32,Pre -dec -snagging,,2026-04-11,2026-04-12,1
32,Pre -dec -snagging,,2026-04-18,2026-04-19,1
32,Pre -dec -snagging,,2026-04-25,2026-04-26,1
32,Pre -dec -snagging,,2026-05-01,2026-05-02,1
32,Pre -dec -snagging,,2026-05-08,2026-05-09,1
32,Pre -dec -snagging,,2026-05-15,2026-05-16,1
32,Pre -dec -snagging,,2026-05-22,2026-05-23,1
32,Pre -dec -snagging,,2026-05-29,2026-05-30,1
32,Pre -dec -snagging,,2026-06-06,2026-06-07,1
32,Pre -dec -snagging,,2026-06-13,2026-06-14,1
32,Pre -dec -snagging,,2026-06-20,2026-06-21,1
32,Pre -dec -snagging,,2026-06-25,2026-06-28,2
33,MCL,,2025-12-07,2025-12-08,1
33,MCL,,2025-12-14,2025-12-15,1
33,MCL,,2025-12-21,2025-12-22,1
33,MCL,,2025-12-28,2025-12-29,1
33,MCL,,2026-01-05,2026-01-06,2
33,MCL,,2026-01-12,2026-01-13,2
33,MCL,,2026-01-19,2026-01-20,2
33,MCL,,2026-01-26,2026-01-27,2
33,MCL,,2026-02-02,2026-02-03,2
33,MCL,,2026-02-09,2026-02-10,2
33,MCL,,2026-02-16,2026-02-17,2
33,MCL,,2026-02-23,2026-02-25,3
33,MCL,,2026-03-06,2026-03-07,1
33,MCL,,2026-03-10,2026-03-16,5
33,MCL,,2026-03-20,2026-03-21,1
33,MCL,,2026-03-27,2026-03-28,1
33,MCL,,2026-04-04,2026-04-05,1
33,MCL,,2026-04-11,2026-04-12,1
33,MCL,,2026-04-18,2026-04-19,1
33,MCL,,2026-04-25,2026-04-26,1
33,MCL,,2026-05-01,2026-05-02,1
33,MCL,,2026-05-08,2026-05-09,1
33,MCL,,2026-05-15,2026-05-16,1
33,MCL,,2026-05-22,2026-05-23,1
33,MCL,,2026-05-29,2026-05-30,1
33,MCL,,2026-06-06,2026-06-07,1
33,MCL,,2026-06-13,2026-06-14,1
33,MCL,,2026-06-20,2026-06-21,1
33,MCL,,2026-06-25,2026-06-28,2
34,PANACEA,,2025-12-07,2025-12-08,1
34,PANACEA,,2025-12-14,2025-12-15,1
34,PANACEA,,2025-12-21,2025-12-22,1
34,PANACEA,,2025-12-28,2025-12-29,1
34,PANACEA,,2026-01-05,2026-01-06,2
34,PANACEA,,2026-01-12,2026-01-13,2
34,PANACEA,,2026-01-17,2026-01-23,5
34,PANACEA,,2026-01-26,2026-01-27,2
34,PANACEA,,2026-02-02,2026-02-04,3
34,PANACEA,,2026-02-09,2026-02-10,2
34,PANACEA,,2026-02-16,2026-02-17,2
34,PANACEA,,2026-02-23,2026-02-25,3
34,PANACEA,,2026-03-06,2026-03-07,1
34,PANACEA,,2026-03-13,2026-03-14,1
34,PANACEA,,2026-03-16,2026-03-21,5
34,PANACEA,,2026-03-27,2026-03-28,1
34,PANACEA,,2026-04-04,2026-04-05,1
34,PANACEA,,2026-04-11,2026-04-12,1
34,PANACEA,,2026-04-18,2026-04-19,1
34,PANACEA,,2026-04-25,2026-04-26,1
34,PANACEA,,2026-05-01,2026-05-02,1
34,PANACEA,,2026-05-08,2026-05-09,1
34,PANACEA,,2026-05-15,2026-05-16,1
34,PANACEA,,2026-05-22,2026-05-23,1
34,PANACEA,,2026-05-29,2026-05-30,1
34,PANACEA,,2026-06-06,2026-06-07,1
34,PANACEA,,2026-06-13,2026-06-14,1
34,PANACEA,,2026-06-20,2026-06-21,1
34,PANACEA,,2026-06-25,2026-06-28,2
35,TECL,,2025-12-07,2025-12-08,1
35,TECL,,2025-12-14,2025-12-19,5
35,TECL,,2025-12-21,2025-12-22,1
35,TECL,,2025-12-28,2025-12-29,1
35,TECL,,2026-01-05,2026-01-06,2
35,TECL,,2026-01-12,2026-01-13,2
35,TECL,,2026-01-17,2026-01-23,5
35,TECL,,2026-01-26,2026-01-27,2
35,TECL,,2026-02-02,2026-02-04,3
35,TECL,,2026-02-09,2026-02-10,2
35,TECL,,2026-02-16,2026-02-17,2
35,TECL,,2026-02-23,2026-02-25,3
35,TECL,,2026-03-06,2026-03-07,1
35,TECL,,2026-03-13,2026-03-14,1
35,TECL,,2026-03-20,2026-03-28,6
35,TECL,,2026-04-04,2026-04-05,1
35,TECL,,2026-04-11,2026-04-12,1
35,TECL,,2026-04-18,2026-04-19,1
35,TECL,,2026-04-25,2026-04-26,1
35,TECL,,2026-05-01,2026-05-02,1
35,TECL,,2026-05-08,2026-05-09,1
35,TECL,,2026-05-15,2026-05-16,1
35,TECL,,2026-05-22,2026-05-23,1
35,TECL,,2026-05-29,2026-05-30,1
35,TECL,,2026-06-06,2026-06-07,1
35,TECL,,2026-06-13,2026-06-14,1
35,TECL,,2026-06-20,2026-06-21,1
35,TECL,,2026-06-25,2026-06-28,2
36,Sparkle clean,,2025-12-07,2025-12-08,1
36,Sparkle clean,,2025-12-13,2025-12-15,1
36,Sparkle clean,,2025-12-20,2025-12-22,1
36,Sparkle clean,,2025-12-26,2025-12-29,2
36,Sparkle clean,,2026-01-03,2026-01-06,2
36,Sparkle clean,,2026-01-10,2026-01-13,2
36,Sparkle clean,,2026-01-16,2026-01-22,5
36,Sparkle clean,,2026-01-24,2026-01-27,2
36,Sparkle clean,,2026-01-30,2026-02-04,4
36,Sparkle clean,,2026-02-06,2026-02-10,3
36,Sparkle clean,,2026-02-15,2026-02-17,2
36,Sparkle clean,,2026-02-23,2026-02-25,3
36,Sparkle clean,,2026-03-06,2026-03-07,1
36,Sparkle clean,,2026-03-13,2026-03-14,1
36,Sparkle clean,,2026-03-20,2026-03-21,1
36,Sparkle clean,,2026-03-27,2026-04-05,6
36,Sparkle clean,,2026-04-11,2026-04-12,1
36,Sparkle clean,,2026-04-18,2026-04-19,1
36,Sparkle clean,,2026-04-25,2026-04-26,1
36,Sparkle clean,,2026-05-01,2026-05-02,1
36,Sparkle clean,,2026-05-08,2026-05-09,1
36,Sparkle clean,,2026-05-15,2026-05-16,1
36,Sparkle clean,,2026-05-22,2026-05-23,1
36,Sparkle clean,,2026-05-29,2026-05-30,1
36,Sparkle clean,,2026-06-06,2026-06-07,1
36,Sparkle clean,,2026-06-13,2026-06-14,1
36,Sparkle clean,,2026-06-20,2026-06-21,1
36,Sparkle clean,,2026-06-25,2026-06-28,2
37,MCL,,2025-12-07,2025-12-08,1
37,MCL,,2025-12-13,2025-12-15,1
37,MCL,,2025-12-20,2025-12-22,1
37,MCL,,2025-12-26,2025-12-29,2
37,MCL,,2026-01-03,2026-01-06,2
37,MCL,,2026-01-10,2026-01-13,2
37,MCL,,2026-01-16,2026-01-22,5
37,MCL,,2026-01-24,2026-01-27,2
37,MCL,,2026-01-30,2026-02-04,4
37,MCL,,2026-02-06,2026-02-10,3
37,MCL,,2026-02-15,2026-02-17,2
37,MCL,,2026-02-23,2026-02-25,3
37,MCL,,2026-03-06,2026-03-07,1
37,MCL,,2026-03-13,2026-03-14,1
37,MCL,,2026-03-20,2026-03-21,1
37,MCL,,2026-03-27,2026-03-28,1
37,MCL,,2026-04-04,2026-04-07,2
37,MCL,,2026-04-11,2026-04-12,1
37,MCL,,2026-04-18,2026-04-19,1
37,MCL,,2026-04-25,2026-04-26,1
37,MCL,,2026-05-01,2026-05-02,1
37,MCL,,2026-05-08,2026-05-09,1
37,MCL,,2026-05-15,2026-05-16,1
37,MCL,,2026-05-22,2026-05-23,1
37,MCL,,2026-05-29,2026-05-30,1
37,MCL,,2026-06-06,2026-06-07,1
37,MCL,,2026-06-13,2026-06-14,1
37,MCL,,2026-06-20,2026-06-21,1
37,MCL,,2026-06-25,2026-06-28,2
,Handover to client,,2025-12-07,2025-12-08,1
,Handover to client,,2025-12-13,2025-12-15,1
,Handover to client,,2025-12-20,2025-12-22,1
,Handover to client,,2025-12-26,2025-12-29,2
,Handover to client,,2026-01-03,2026-01-06,2
,Handover to client,,2026-01-10,2026-01-13,2
,Handover to client,,2026-01-16,2026-01-22,5
,Handover to client,,2026-01-24,2026-01-27,2
,Handover to client,,2026-01-30,2026-02-04,4
,Handover to client,,2026-02-06,2026-02-10,3
,Handover to client,,2026-02-15,2026-02-17,2
,Handover to client,,2026-02-23,2026-02-25,3
,Handover to client,,2026-03-06,2026-03-07,1
,Handover to client,,2026-03-13,2026-03-14,1
,Handover to client,,2026-03-20,2026-03-21,1
,Handover to client,,2026-03-27,2026-03-28,1
,Handover to client,,2026-04-04,2026-04-05,1
,Handover to client,,2026-04-11,2026-04-12,1
,Handover to client,,2026-04-18,2026-04-19,1
,Handover to client,,2026-04-25,2026-04-26,1
,Handover to client,,2026-05-01,2026-05-02,1
,Handover to client,,2026-05-08,2026-05-09,1
,Handover to client,,2026-05-15,2026-05-16,1
,Handover to client,,2026-05-22,2026-05-23,1
,Handover to client,,2026-05-29,2026-05-30,1
,Handover to client,,2026-06-06,2026-06-07,1
,Handover to client,,2026-06-13,2026-06-14,1
,Handover to client,,2026-06-20,2026-06-21,1
,Handover to client,,2026-06-25,2026-06-28,2
38,Armstrong,,2025-12-07,2025-12-08,1
38,Armstrong,,2025-12-13,2025-12-15,1
38,Armstrong,,2025-12-17,2025-12-22,4
38,Armstrong,,2025-12-26,2025-12-29,2
38,Armstrong,,2026-01-03,2026-01-06,2
38,Armstrong,,2026-01-10,2026-01-13,2
38,Armstrong,,2026-01-16,2026-01-22,5
38,Armstrong,,2026-01-24,2026-01-27,2
38,Armstrong,,2026-01-30,2026-02-04,4
38,Armstrong,,2026-02-06,2026-02-10,3
38,Armstrong,,2026-02-15,2026-02-17,2
38,Armstrong,,2026-02-23,2026-02-25,3
38,Armstrong,,2026-03-06,2026-03-07,1
38,Armstrong,,2026-03-13,2026-03-14,1
38,Armstrong,,2026-03-20,2026-03-21,1
38,Armstrong,,2026-03-27,2026-03-28,1
38,Armstrong,,2026-04-04,2026-04-05,1
38,Armstrong,,2026-04-11,2026-04-12,1
38,Armstrong,,2026-04-18,2026-04-20,1
38,Armstrong,,2026-04-25,2026-04-26,1
38,Armstrong,,2026-05-01,2026-05-02,1
38,Armstrong,,2026-05-08,2026-05-09,1
38,Armstrong,,2026-05-15,2026-05-16,1
38,Armstrong,,2026-05-22,2026-05-23,1
38,Armstrong,,2026-05-29,2026-05-30,1
38,Armstrong,,2026-06-06,2026-06-07,1
38,Armstrong,,2026-06-13,2026-06-14,1
38,Armstrong,,2026-06-20,2026-06-21,1
38,Armstrong,,2026-06-25,2026-06-28,2
,Vanity 1st fix framing,,2025-12-07,2025-12-08,1
,Vanity 1st fix framing,,2025-12-13,2025-12-15,1
,Vanity 1st fix framing,,2025-12-17,2025-12-22,4
,Vanity 1st fix framing,,2025-12-26,2025-12-29,2
,Vanity 1st fix framing,,2026-01-03,2026-01-06,2
,Vanity 1st fix framing,,2026-01-10,2026-01-13,2
,Vanity 1st fix framing,,2026-01-16,2026-01-22,5
,Vanity 1st fix framing,,2026-01-24,2026-01-27,2
,Vanity 1st fix framing,,2026-01-30,2026-02-04,4
,Vanity 1st fix framing,,2026-02-06,2026-02-10,3
,Vanity 1st fix framing,,2026-02-15,2026-02-17,2
,Vanity 1st fix framing,,2026-02-23,2026-02-25,3
,Vanity 1st fix framing,,2026-03-06,2026-03-07,1
,Vanity 1st fix framing,,2026-03-13,2026-03-14,1
,Vanity 1st fix framing,,2026-03-20,2026-03-21,1
,Vanity 1st fix framing,,2026-03-27,2026-03-28,1
,Vanity 1st fix framing,,2026-04-04,2026-04-05,1
,Vanity 1st fix framing,,2026-04-11,2026-04-12,1
,Vanity 1st fix framing,,2026-04-18,2026-04-19,1
,Vanity 1st fix framing,,2026-04-25,2026-04-26,1
,Vanity 1st fix framing,,2026-05-01,2026-05-02,1
,Vanity 1st fix framing,,2026-05-08,2026-05-09,1
,Vanity 1st fix framing,,2026-05-15,2026-05-16,1
,Vanity 1st fix framing,,2026-05-22,2026-05-23,1
,Vanity 1st fix framing,,2026-05-29,2026-05-30,1
,Vanity 1st fix framing,,2026-06-06,2026-06-07,1
,Vanity 1st fix framing,,2026-06-13,2026-06-14,1
,Vanity 1st fix framing,,2026-06-20,2026-06-21,1
,Vanity 1st fix framing,,2026-06-25,2026-06-28,2
39,PANACEA,,2025-12-07,2025-12-08,1
39,PANACEA,,2025-12-10,2025-12-15,4
39,PANACEA,,2025-12-20,2025-12-22,1
39,PANACEA,,2025-12-26,2025-12-29,2
39,PANACEA,,2026-01-03,2026-01-06,2
39,PANACEA,,2026-01-10,2026-01-13,2
39,PANACEA,,2026-01-16,2026-01-22,5
39,PANACEA,,2026-01-24,2026-01-27,2
39,PANACEA,,2026-01-30,2026-02-04,4
39,PANACEA,,2026-02-06,2026-02-10,3
39,PANACEA,,2026-02-15,2026-02-17,2
39,PANACEA,,2026-02-22,2026-03-01,5
39,PANACEA,,2026-03-05,2026-03-07,2
39,PANACEA,,2026-03-12,2026-03-14,2
39,PANACEA,,2026-03-18,2026-03-21,3
39,PANACEA,,2026-03-25,2026-03-28,3
39,PANACEA,,2026-04-02,2026-04-05,2
39,PANACEA,,2026-04-08,2026-04-09,2
39,PANACEA,,2026-04-11,2026-04-12,1
39,PANACEA,,2026-04-14,2026-04-14,1
39,PANACEA,,2026-04-16,2026-04-19,2
39,PANACEA,,2026-04-22,2026-04-26,3
39,PANACEA,,2026-04-29,2026-05-02,3
39,PANACEA,,2026-05-08,2026-05-09,1
39,PANACEA,,2026-05-15,2026-05-16,1
39,PANACEA,,2026-05-22,2026-05-23,1
39,PANACEA,,2026-05-29,2026-05-30,1
39,PANACEA,,2026-06-06,2026-06-07,1
39,PANACEA,,2026-06-13,2026-06-14,1
39,PANACEA,,2026-06-20,2026-06-21,1
39,PANACEA,,2026-06-25,2026-06-28,2
,"Joinery 1st fix -doors, frames ,skirtings,archs vanity framing  & plinths .",,2025-12-07,2025-12-08,1
,"Joinery 1st fix -doors, frames ,skirtings,archs vanity framing  & plinths .",,2025-12-10,2025-12-15,4
,"Joinery 1st fix -doors, frames ,skirtings,archs vanity framing  & plinths .",,2025-12-20,2025-12-29,6
,"Joinery 1st fix -doors, frames ,skirtings,archs vanity framing  & plinths .",,2026-01-03,2026-01-06,2
,"Joinery 1st fix -doors, frames ,skirtings,archs vanity framing  & plinths .",,2026-01-10,2026-01-13,2
,"Joinery 1st fix -doors, frames ,skirtings,archs vanity framing  & plinths .",,2026-01-16,2026-01-22,5
,"Joinery 1st fix -doors, frames ,skirtings,archs vanity framing  & plinths .",,2026-01-24,2026-01-27,2
,"Joinery 1st fix -doors, frames ,skirtings,archs vanity framing  & plinths .",,2026-01-30,2026-02-04,4
,"Joinery 1st fix -doors, frames ,skirtings,archs vanity framing  & plinths .",,2026-02-06,2026-02-10,3
,"Joinery 1st fix -doors, frames ,skirtings,archs vanity framing  & plinths .",,2026-02-15,2026-02-25,8
,"Joinery 1st fix -doors, frames ,skirtings,archs vanity framing  & plinths .",,2026-03-05,2026-03-07,2
,"Joinery 1st fix -doors, frames ,skirtings,archs vanity framing  & plinths .",,2026-03-12,2026-03-14,2
,"Joinery 1st fix -doors, frames ,skirtings,archs vanity framing  & plinths .",,2026-03-18,2026-03-21,3
,"Joinery 1st fix -doors, frames ,skirtings,archs vanity framing  & plinths .",,2026-03-25,2026-03-28,3
,"Joinery 1st fix -doors, frames ,skirtings,archs vanity framing  & plinths .",,2026-04-02,2026-04-05,2
,"Joinery 1st fix -doors, frames ,skirtings,archs vanity framing  & plinths .",,2026-04-08,2026-04-09,2
,"Joinery 1st fix -doors, frames ,skirtings,archs vanity framing  & plinths .",,2026-04-11,2026-04-12,1
,"Joinery 1st fix -doors, frames ,skirtings,archs vanity framing  & plinths .",,2026-04-14,2026-04-14,1
,"Joinery 1st fix -doors, frames ,skirtings,archs vanity framing  & plinths .",,2026-04-16,2026-04-19,2
,"Joinery 1st fix -doors, frames ,skirtings,archs vanity framing  & plinths .",,2026-04-22,2026-04-26,3
,"Joinery 1st fix -doors, frames ,skirtings,archs vanity framing  & plinths .",,2026-04-29,2026-05-02,3
,"Joinery 1st fix -doors, frames ,skirtings,archs vanity framing  & plinths .",,2026-05-08,2026-05-09,1
,"Joinery 1st fix -doors, frames ,skirtings,archs vanity framing  & plinths .",,2026-05-15,2026-05-16,1
,"Joinery 1st fix -doors, frames ,skirtings,archs vanity framing  & plinths .",,2026-05-22,2026-05-23,1
,"Joinery 1st fix -doors, frames ,skirtings,archs vanity framing  & plinths .",,2026-05-29,2026-05-30,1
,"Joinery 1st fix -doors, frames ,skirtings,archs vanity framing  & plinths .",,2026-06-06,2026-06-07,1
,"Joinery 1st fix -doors, frames ,skirtings,archs vanity framing  & plinths .",,2026-06-13,2026-06-14,1
,"Joinery 1st fix -doors, frames ,skirtings,archs vanity framing  & plinths .",,2026-06-20,2026-06-21,1
,"Joinery 1st fix -doors, frames ,skirtings,archs vanity framing  & plinths .",,2026-06-25,2026-06-28,2
,"Plumbing mid fix ,bath ,showers cisterns",,2025-12-07,2025-12-08,1
,"Plumbing mid fix ,bath ,showers cisterns",,2025-12-10,2025-12-15,4
,"Plumbing mid fix ,bath ,showers cisterns",,2025-12-20,2025-12-29,6
,"Plumbing mid fix ,bath ,showers cisterns",,2026-01-03,2026-01-06,2
,"Plumbing mid fix ,bath ,showers cisterns",,2026-01-10,2026-01-13,2
,"Plumbing mid fix ,bath ,showers cisterns",,2026-01-16,2026-01-22,5
,"Plumbing mid fix ,bath ,showers cisterns",,2026-01-24,2026-01-27,2
,"Plumbing mid fix ,bath ,showers cisterns",,2026-01-30,2026-02-04,4
,"Plumbing mid fix ,bath ,showers cisterns",,2026-02-06,2026-02-10,3
,"Plumbing mid fix ,bath ,showers cisterns",,2026-02-15,2026-02-25,8
,"Plumbing mid fix ,bath ,showers cisterns",,2026-03-05,2026-03-07,2
,"Plumbing mid fix ,bath ,showers cisterns",,2026-03-12,2026-03-14,2
,"Plumbing mid fix ,bath ,showers cisterns",,2026-03-18,2026-03-21,3
,"Plumbing mid fix ,bath ,showers cisterns",,2026-03-25,2026-03-28,3
,"Plumbing mid fix ,bath ,showers cisterns",,2026-04-02,2026-04-05,2
,"Plumbing mid fix ,bath ,showers cisterns",,2026-04-08,2026-04-09,2
,"Plumbing mid fix ,bath ,showers cisterns",,2026-04-11,2026-04-12,1
,"Plumbing mid fix ,bath ,showers cisterns",,2026-04-14,2026-04-14,1
,"Plumbing mid fix ,bath ,showers cisterns",,2026-04-16,2026-04-19,2
,"Plumbing mid fix ,bath ,showers cisterns",,2026-04-22,2026-04-26,3
,"Plumbing mid fix ,bath ,showers cisterns",,2026-04-29,2026-05-02,3
,"Plumbing mid fix ,bath ,showers cisterns",,2026-05-08,2026-05-09,1
,"Plumbing mid fix ,bath ,showers cisterns",,2026-05-15,2026-05-16,1
,"Plumbing mid fix ,bath ,showers cisterns",,2026-05-22,2026-05-23,1
,"Plumbing mid fix ,bath ,showers cisterns",,2026-05-29,2026-05-30,1
,"Plumbing mid fix ,bath ,showers cisterns",,2026-06-06,2026-06-07,1
,"Plumbing mid fix ,bath ,showers cisterns",,2026-06-13,2026-06-14,1
,"Plumbing mid fix ,bath ,showers cisterns",,2026-06-20,2026-06-21,1
,"Plumbing mid fix ,bath ,showers cisterns",,2026-06-25,2026-06-28,2
40,PANACEA,,2025-12-07,2025-12-08,1
40,PANACEA,,2025-12-10,2025-12-15,4
40,PANACEA,,2025-12-20,2025-12-22,1
40,PANACEA,,2025-12-26,2026-01-13,13
40,PANACEA,,2026-01-16,2026-01-22,5
40,PANACEA,,2026-01-24,2026-01-27,2
40,PANACEA,,2026-01-30,2026-02-04,4
40,PANACEA,,2026-02-06,2026-02-10,3
40,PANACEA,,2026-02-14,2026-02-25,8
40,PANACEA,,2026-03-05,2026-03-07,2
40,PANACEA,,2026-03-12,2026-03-14,2
40,PANACEA,,2026-03-18,2026-03-21,3
40,PANACEA,,2026-03-25,2026-03-28,3
40,PANACEA,,2026-04-02,2026-04-05,2
40,PANACEA,,2026-04-08,2026-04-09,2
40,PANACEA,,2026-04-11,2026-04-12,1
40,PANACEA,,2026-04-14,2026-04-14,1
40,PANACEA,,2026-04-16,2026-04-19,2
40,PANACEA,,2026-04-22,2026-04-26,3
40,PANACEA,,2026-04-29,2026-05-02,3
40,PANACEA,,2026-05-08,2026-05-09,1
40,PANACEA,,2026-05-15,2026-05-16,1
40,PANACEA,,2026-05-22,2026-05-23,1
40,PANACEA,,2026-05-29,2026-05-30,1
40,PANACEA,,2026-06-06,2026-06-07,1
40,PANACEA,,2026-06-13,2026-06-14,1
40,PANACEA,,2026-06-20,2026-06-21,1
40,PANACEA,,2026-06-25,2026-06-28,2
,Service cupboard board ceiling &finish,,2025-12-07,2025-12-08,1
,Service cupboard board ceiling &finish,,2025-12-10,2025-12-15,4
,Service cupboard board ceiling &finish,,2025-12-20,2025-12-22,1
,Service cupboard board ceiling &finish,,2025-12-26,2026-01-13,13
,Service cupboard board ceiling &finish,,2026-01-16,2026-01-22,5
,Service cupboard board ceiling &finish,,2026-01-24,2026-01-27,2
,Service cupboard board ceiling &finish,,2026-01-30,2026-02-04,4
,Service cupboard board ceiling &finish,,2026-02-06,2026-02-10,3
,Service cupboard board ceiling &finish,,2026-02-15,2026-02-25,8
,Service cupboard board ceiling &finish,,2026-03-05,2026-03-07,2
,Service cupboard board ceiling &finish,,2026-03-12,2026-03-14,2
,Service cupboard board ceiling &finish,,2026-03-18,2026-03-21,3
,Service cupboard board ceiling &finish,,2026-03-25,2026-03-28,3
,Service cupboard board ceiling &finish,,2026-04-02,2026-04-05,2
,Service cupboard board ceiling &finish,,2026-04-08,2026-04-09,2
,Service cupboard board ceiling &finish,,2026-04-11,2026-04-12,1
,Service cupboard board ceiling &finish,,2026-04-14,2026-04-14,1
,Service cupboard board ceiling &finish,,2026-04-16,2026-04-19,2
,Service cupboard board ceiling &finish,,2026-04-22,2026-04-26,3
,Service cupboard board ceiling &finish,,2026-04-29,2026-05-02,3
,Service cupboard board ceiling &finish,,2026-05-08,2026-05-09,1
,Service cupboard board ceiling &finish,,2026-05-15,2026-05-16,1
,Service cupboard board ceiling &finish,,2026-05-22,2026-05-23,1
,Service cupboard board ceiling &finish,,2026-05-29,2026-05-30,1
,Service cupboard board ceiling &finish,,2026-06-06,2026-06-07,1
,Service cupboard board ceiling &finish,,2026-06-13,2026-06-14,1
,Service cupboard board ceiling &finish,,2026-06-20,2026-06-21,1
,Service cupboard board ceiling &finish,,2026-06-25,2026-06-28,2
41,Active flooring,,2025-12-07,2025-12-08,1
41,Active flooring,,2025-12-10,2025-12-15,4
41,Active flooring,,2025-12-20,2025-12-22,1
41,Active flooring,,2025-12-26,2025-12-29,2
41,Active flooring,,2026-01-03,2026-01-06,2
41,Active flooring,,2026-01-10,2026-01-22,9
41,Active flooring,,2026-01-24,2026-01-27,2
41,Active flooring,,2026-01-30,2026-02-04,4
41,Active flooring,,2026-02-06,2026-02-10,3
41,Active flooring,,2026-02-14,2026-02-25,8
41,Active flooring,,2026-03-05,2026-03-07,2
41,Active flooring,,2026-03-12,2026-03-14,2
41,Active flooring,,2026-03-18,2026-03-21,3
41,Active flooring,,2026-03-25,2026-03-28,3
41,Active flooring,,2026-04-02,2026-04-05,2
41,Active flooring,,2026-04-08,2026-04-09,2
41,Active flooring,,2026-04-11,2026-04-12,1
41,Active flooring,,2026-04-14,2026-04-14,1
41,Active flooring,,2026-04-16,2026-04-19,2
41,Active flooring,,2026-04-22,2026-04-26,3
41,Active flooring,,2026-04-29,2026-05-02,3
41,Active flooring,,2026-05-08,2026-05-09,1
41,Active flooring,,2026-05-15,2026-05-16,1
41,Active flooring,,2026-05-22,2026-05-23,1
41,Active flooring,,2026-05-29,2026-05-30,1
41,Active flooring,,2026-06-06,2026-06-07,1
41,Active flooring,,2026-06-13,2026-06-14,1
41,Active flooring,,2026-06-20,2026-06-21,1
41,Active flooring,,2026-06-25,2026-06-28,2
42,MCL,,2025-12-07,2025-12-08,1
42,MCL,,2025-12-13,2025-12-15,1
42,MCL,,2025-12-20,2025-12-22,1
42,MCL,,2025-12-26,2025-12-29,2
42,MCL,,2026-01-03,2026-01-06,2
42,MCL,,2026-01-11,2026-01-22,9
42,MCL,,2026-01-24,2026-01-27,2
42,MCL,,2026-01-30,2026-02-04,4
42,MCL,,2026-02-06,2026-02-10,3
42,MCL,,2026-02-15,2026-02-17,2
42,MCL,,2026-02-22,2026-02-25,3
42,MCL,,2026-03-05,2026-03-07,2
42,MCL,,2026-03-12,2026-03-14,2
42,MCL,,2026-03-18,2026-03-21,3
42,MCL,,2026-03-25,2026-03-28,3
42,MCL,,2026-04-02,2026-04-05,2
42,MCL,,2026-04-08,2026-04-09,2
42,MCL,,2026-04-11,2026-04-12,1
42,MCL,,2026-04-14,2026-04-14,1
42,MCL,,2026-04-16,2026-04-19,2
42,MCL,,2026-04-22,2026-04-26,3
42,MCL,,2026-04-29,2026-05-02,3
42,MCL,,2026-05-08,2026-05-09,1
42,MCL,,2026-05-15,2026-05-16,1
42,MCL,,2026-05-22,2026-05-23,1
42,MCL,,2026-05-29,2026-05-30,1
42,MCL,,2026-06-06,2026-06-07,1
42,MCL,,2026-06-13,2026-06-14,1
42,MCL,,2026-06-20,2026-06-21,1
42,MCL,,2026-06-25,2026-06-28,2
43,Smiths,,2025-12-07,2025-12-08,1
43,Smiths,,2025-12-12,2025-12-15,2
43,Smiths,,2025-12-20,2025-12-22,1
43,Smiths,,2025-12-28,2025-12-29,1
43,Smiths,,2026-01-03,2026-01-06,2
43,Smiths,,2026-01-11,2026-01-13,2
43,Smiths,,2026-01-15,2026-01-22,6
43,Smiths,,2026-01-24,2026-01-27,2
43,Smiths,,2026-01-30,2026-02-04,4
43,Smiths,,2026-02-06,2026-02-10,3
43,Smiths,,2026-02-15,2026-02-17,2
43,Smiths,,2026-02-22,2026-02-25,3
43,Smiths,,2026-03-05,2026-03-07,2
43,Smiths,,2026-03-12,2026-03-14,2
43,Smiths,,2026-03-18,2026-03-21,3
43,Smiths,,2026-03-25,2026-03-28,3
43,Smiths,,2026-04-02,2026-04-05,2
43,Smiths,,2026-04-08,2026-04-09,2
43,Smiths,,2026-04-11,2026-04-12,1
43,Smiths,,2026-04-14,2026-04-14,1
43,Smiths,,2026-04-16,2026-04-19,2
43,Smiths,,2026-04-22,2026-04-26,3
43,Smiths,,2026-04-29,2026-05-02,3
43,Smiths,,2026-05-08,2026-05-09,1
43,Smiths,,2026-05-15,2026-05-16,1
43,Smiths,,2026-05-22,2026-05-23,1
43,Smiths,,2026-05-29,2026-05-30,1
43,Smiths,,2026-06-06,2026-06-07,1
43,Smiths,,2026-06-13,2026-06-14,1
43,Smiths,,2026-06-20,2026-06-21,1
43,Smiths,,2026-06-25,2026-06-28,2
,Amtico flooring /Bathrooms,,2025-12-07,2025-12-08,1
,Amtico flooring /Bathrooms,,2025-12-12,2025-12-15,2
,Amtico flooring /Bathrooms,,2025-12-20,2025-12-22,1
,Amtico flooring /Bathrooms,,2025-12-28,2025-12-29,1
,Amtico flooring /Bathrooms,,2026-01-03,2026-01-06,2
,Amtico flooring /Bathrooms,,2026-01-11,2026-01-13,2
,Amtico flooring /Bathrooms,,2026-01-15,2026-01-22,6
,Amtico flooring /Bathrooms,,2026-01-24,2026-01-27,2
,Amtico flooring /Bathrooms,,2026-01-30,2026-02-04,4
,Amtico flooring /Bathrooms,,2026-02-06,2026-02-10,3
,Amtico flooring /Bathrooms,,2026-02-15,2026-02-17,2
,Amtico flooring /Bathrooms,,2026-02-22,2026-02-25,3
,Amtico flooring /Bathrooms,,2026-02-27,2026-03-02,2
,Amtico flooring /Bathrooms,,2026-03-06,2026-03-07,1
,Amtico flooring /Bathrooms,,2026-03-12,2026-03-14,2
,Amtico flooring /Bathrooms,,2026-03-18,2026-03-21,3
,Amtico flooring /Bathrooms,,2026-03-25,2026-03-28,3
,Amtico flooring /Bathrooms,,2026-04-02,2026-04-05,2
,Amtico flooring /Bathrooms,,2026-04-08,2026-04-09,2
,Amtico flooring /Bathrooms,,2026-04-11,2026-04-12,1
,Amtico flooring /Bathrooms,,2026-04-14,2026-04-14,1
,Amtico flooring /Bathrooms,,2026-04-16,2026-04-19,2
,Amtico flooring /Bathrooms,,2026-04-22,2026-04-26,3
,Amtico flooring /Bathrooms,,2026-04-29,2026-05-02,3
,Amtico flooring /Bathrooms,,2026-05-08,2026-05-09,1
,Amtico flooring /Bathrooms,,2026-05-15,2026-05-16,1
,Amtico flooring /Bathrooms,,2026-05-22,2026-05-23,1
,Amtico flooring /Bathrooms,,2026-05-29,2026-05-30,1
,Amtico flooring /Bathrooms,,2026-06-06,2026-06-07,1
,Amtico flooring /Bathrooms,,2026-06-13,2026-06-14,1
,Amtico flooring /Bathrooms,,2026-06-20,2026-06-21,1
,Amtico flooring /Bathrooms,,2026-06-25,2026-06-28,2
44,MCL,,2025-12-07,2025-12-08,1
44,MCL,,2025-12-12,2025-12-16,3
44,MCL,,2025-12-20,2025-12-22,1
44,MCL,,2025-12-26,2025-12-29,2
44,MCL,,2026-01-03,2026-01-06,2
44,MCL,,2026-01-10,2026-01-13,2
44,MCL,,2026-01-16,2026-01-22,5
44,MCL,,2026-01-24,2026-01-27,2
44,MCL,,2026-01-30,2026-02-04,4
44,MCL,,2026-02-06,2026-02-10,3
44,MCL,,2026-02-15,2026-02-17,2
44,MCL,,2026-02-22,2026-02-25,3
44,MCL,,2026-03-03,2026-03-09,5
44,MCL,,2026-03-12,2026-03-14,2
44,MCL,,2026-03-18,2026-03-21,3
44,MCL,,2026-03-25,2026-03-28,3
44,MCL,,2026-04-02,2026-04-05,2
44,MCL,,2026-04-08,2026-04-09,2
44,MCL,,2026-04-11,2026-04-12,1
44,MCL,,2026-04-14,2026-04-14,1
44,MCL,,2026-04-16,2026-04-19,2
44,MCL,,2026-04-22,2026-04-26,3
44,MCL,,2026-04-29,2026-05-02,3
44,MCL,,2026-05-08,2026-05-09,1
44,MCL,,2026-05-15,2026-05-16,1
44,MCL,,2026-05-22,2026-05-23,1
44,MCL,,2026-05-29,2026-05-30,1
44,MCL,,2026-06-06,2026-06-07,1
44,MCL,,2026-06-13,2026-06-14,1
44,MCL,,2026-06-20,2026-06-21,1
44,MCL,,2026-06-25,2026-06-28,2
Electrical 2nd fix & live testing,Active flooring,,2025-12-07,2025-12-08,1
Electrical 2nd fix & live testing,Active flooring,,2025-12-10,2026-01-06,20
Electrical 2nd fix & live testing,Active flooring,,2026-01-12,2026-01-22,9
Electrical 2nd fix & live testing,Active flooring,,2026-01-24,2026-01-27,2
Electrical 2nd fix & live testing,Active flooring,,2026-01-30,2026-02-04,4
Electrical 2nd fix & live testing,Active flooring,,2026-02-06,2026-02-10,3
Electrical 2nd fix & live testing,Active flooring,,2026-02-15,2026-02-17,2
Electrical 2nd fix & live testing,Active flooring,,2026-02-22,2026-02-25,3
Electrical 2nd fix & live testing,Active flooring,,2026-03-05,2026-03-07,2
Electrical 2nd fix & live testing,Active flooring,,2026-03-10,2026-03-16,5
Electrical 2nd fix & live testing,Active flooring,,2026-03-18,2026-03-21,3
Electrical 2nd fix & live testing,Active flooring,,2026-03-25,2026-03-28,3
Electrical 2nd fix & live testing,Active flooring,,2026-04-02,2026-04-05,2
Electrical 2nd fix & live testing,Active flooring,,2026-04-08,2026-04-09,2
Electrical 2nd fix & live testing,Active flooring,,2026-04-11,2026-04-12,1
Electrical 2nd fix & live testing,Active flooring,,2026-04-14,2026-04-14,1
Electrical 2nd fix & live testing,Active flooring,,2026-04-16,2026-04-19,2
Electrical 2nd fix & live testing,Active flooring,,2026-04-22,2026-04-26,3
Electrical 2nd fix & live testing,Active flooring,,2026-04-29,2026-05-02,3
Electrical 2nd fix & live testing,Active flooring,,2026-05-08,2026-05-09,1
Electrical 2nd fix & live testing,Active flooring,,2026-05-15,2026-05-16,1
Electrical 2nd fix & live testing,Active flooring,,2026-05-22,2026-05-23,1
Electrical 2nd fix & live testing,Active flooring,,2026-05-29,2026-05-30,1
Electrical 2nd fix & live testing,Active flooring,,2026-06-06,2026-06-07,1
Electrical 2nd fix & live testing,Active flooring,,2026-06-13,2026-06-14,1
Electrical 2nd fix & live testing,Active flooring,,2026-06-20,2026-06-21,1
Electrical 2nd fix & live testing,Active flooring,,2026-06-25,2026-06-28,2
Builders clean,Branniff,,2025-12-07,2025-12-08,1
Builders clean,Branniff,,2025-12-10,2026-01-06,20
Builders clean,Branniff,,2026-01-12,2026-01-22,9
Builders clean,Branniff,,2026-01-24,2026-01-27,2
Builders clean,Branniff,,2026-01-30,2026-02-04,4
Builders clean,Branniff,,2026-02-06,2026-02-10,3
Builders clean,Branniff,,2026-02-15,2026-02-17,2
Builders clean,Branniff,,2026-02-22,2026-02-25,3
Builders clean,Branniff,,2026-03-05,2026-03-07,2
Builders clean,Branniff,,2026-03-12,2026-03-14,2
Builders clean,Branniff,,2026-03-18,2026-03-21,3
Builders clean,Branniff,,2026-03-25,2026-03-28,3
Builders clean,Branniff,,2026-04-02,2026-04-05,2
Builders clean,Branniff,,2026-04-08,2026-04-09,2
Builders clean,Branniff,,2026-04-11,2026-04-12,1
Builders clean,Branniff,,2026-04-14,2026-04-14,1
Builders clean,Branniff,,2026-04-16,2026-04-19,2
Builders clean,Branniff,,2026-04-22,2026-04-26,3
Builders clean,Branniff,,2026-04-29,2026-05-02,3
Builders clean,Branniff,,2026-05-08,2026-05-09,1
Builders clean,Branniff,,2026-05-15,2026-05-16,1
Builders clean,Branniff,,2026-05-22,2026-05-23,1
Builders clean,Branniff,,2026-05-29,2026-05-30,1
Builders clean,Branniff,,2026-06-06,2026-06-07,1
Builders clean,Branniff,,2026-06-13,2026-06-14,1
Builders clean,Branniff,,2026-06-20,2026-06-21,1
Builders clean,Branniff,,2026-06-25,2026-06-28,2
Pre -dec -snagging,Wren,,2025-12-07,2025-12-08,1
Pre -dec -snagging,Wren,,2025-12-10,2025-12-22,9
Pre -dec -snagging,Wren,,2025-12-26,2025-12-29,2
Pre -dec -snagging,Wren,,2026-01-01,2026-01-06,4
Pre -dec -snagging,Wren,,2026-01-12,2026-01-13,2
Pre -dec -snagging,Wren,,2026-01-16,2026-02-04,14
Pre -dec -snagging,Wren,,2026-02-06,2026-02-10,3
Pre -dec -snagging,Wren,,2026-02-15,2026-02-17,2
Pre -dec -snagging,Wren,,2026-02-22,2026-02-25,3
Pre -dec -snagging,Wren,,2026-03-05,2026-03-07,2
Pre -dec -snagging,Wren,,2026-03-12,2026-03-14,2
Pre -dec -snagging,Wren,,2026-03-18,2026-03-21,3
Pre -dec -snagging,Wren,,2026-03-25,2026-03-28,3
Pre -dec -snagging,Wren,,2026-04-02,2026-04-05,2
Pre -dec -snagging,Wren,,2026-04-08,2026-04-09,2
Pre -dec -snagging,Wren,,2026-04-11,2026-04-12,1
Pre -dec -snagging,Wren,,2026-04-14,2026-04-14,1
Pre -dec -snagging,Wren,,2026-04-16,2026-04-19,2
Pre -dec -snagging,Wren,,2026-04-22,2026-04-26,3
Pre -dec -snagging,Wren,,2026-04-29,2026-05-02,3
Pre -dec -snagging,Wren,,2026-05-08,2026-05-09,1
Pre -dec -snagging,Wren,,2026-05-15,2026-05-16,1
Pre -dec -snagging,Wren,,2026-05-22,2026-05-23,1
Pre -dec -snagging,Wren,,2026-05-29,2026-05-30,1
Pre -dec -snagging,Wren,,2026-06-06,2026-06-07,1
Pre -dec -snagging,Wren,,2026-06-13,2026-06-14,1
Pre -dec -snagging,Wren,,2026-06-20,2026-06-21,1
Pre -dec -snagging,Wren,,2026-06-25,2026-06-28,2
45,Decoration,,2025-12-07,2025-12-08,1
45,Decoration,,2025-12-13,2025-12-22,6
45,Decoration,,2025-12-26,2025-12-29,2
45,Decoration,,2026-01-01,2026-01-06,4
45,Decoration,,2026-01-12,2026-01-13,2
45,Decoration,,2026-01-16,2026-01-22,5
45,Decoration,,2026-01-24,2026-01-27,2
45,Decoration,,2026-01-30,2026-02-04,4
45,Decoration,,2026-02-06,2026-02-10,3
45,Decoration,,2026-02-15,2026-02-17,2
45,Decoration,,2026-02-22,2026-02-25,3
45,Decoration,,2026-03-05,2026-03-07,2
45,Decoration,,2026-03-12,2026-03-14,2
45,Decoration,,2026-03-17,2026-03-23,5
45,Decoration,,2026-03-25,2026-03-28,3
45,Decoration,,2026-04-02,2026-04-05,2
45,Decoration,,2026-04-08,2026-04-09,2
45,Decoration,,2026-04-11,2026-04-12,1
45,Decoration,,2026-04-14,2026-04-14,1
45,Decoration,,2026-04-16,2026-04-19,2
45,Decoration,,2026-04-22,2026-04-26,3
45,Decoration,,2026-04-29,2026-05-02,3
45,Decoration,,2026-05-08,2026-05-09,1
45,Decoration,,2026-05-15,2026-05-16,1
45,Decoration,,2026-05-22,2026-05-23,1
45,Decoration,,2026-05-29,2026-05-30,1
45,Decoration,,2026-06-06,2026-06-07,1
45,Decoration,,2026-06-13,2026-06-14,1
45,Decoration,,2026-06-20,2026-06-21,1
45,Decoration,,2026-06-25,2026-06-28,2
46,Amtico flooring /Carpets,,2025-12-07,2025-12-08,1
46,Amtico flooring /Carpets,,2025-12-13,2025-12-15,1
46,Amtico flooring /Carpets,,2025-12-19,2025-12-22,2
46,Amtico flooring /Carpets,,2025-12-26,2025-12-29,2
46,Amtico flooring /Carpets,,2026-01-03,2026-01-06,2
46,Amtico flooring /Carpets,,2026-01-12,2026-01-13,2
46,Amtico flooring /Carpets,,2026-01-16,2026-01-27,8
46,Amtico flooring /Carpets,,2026-02-01,2026-02-04,3
46,Amtico flooring /Carpets,,2026-02-06,2026-02-10,3
46,Amtico flooring /Carpets,,2026-02-15,2026-02-17,2
46,Amtico flooring /Carpets,,2026-02-22,2026-02-25,3
46,Amtico flooring /Carpets,,2026-03-05,2026-03-07,2
46,Amtico flooring /Carpets,,2026-03-12,2026-03-14,2
46,Amtico flooring /Carpets,,2026-03-18,2026-03-21,3
46,Amtico flooring /Carpets,,2026-03-24,2026-03-28,4
46,Amtico flooring /Carpets,,2026-04-02,2026-04-05,2
46,Amtico flooring /Carpets,,2026-04-08,2026-04-09,2
46,Amtico flooring /Carpets,,2026-04-11,2026-04-12,1
46,Amtico flooring /Carpets,,2026-04-14,2026-04-14,1
46,Amtico flooring /Carpets,,2026-04-16,2026-04-19,2
46,Amtico flooring /Carpets,,2026-04-22,2026-04-26,3
46,Amtico flooring /Carpets,,2026-04-29,2026-05-02,3
46,Amtico flooring /Carpets,,2026-05-08,2026-05-09,1
46,Amtico flooring /Carpets,,2026-05-15,2026-05-16,1
46,Amtico flooring /Carpets,,2026-05-22,2026-05-23,1
46,Amtico flooring /Carpets,,2026-05-29,2026-05-30,1
46,Amtico flooring /Carpets,,2026-06-06,2026-06-07,1
46,Amtico flooring /Carpets,,2026-06-13,2026-06-14,1
46,Amtico flooring /Carpets,,2026-06-20,2026-06-21,1
46,Amtico flooring /Carpets,,2026-06-25,2026-06-28,2
47,De snag all trades -test & commision,,2025-12-07,2025-12-08,1
47,De snag all trades -test & commision,,2025-12-13,2025-12-15,1
47,De snag all trades -test & commision,,2025-12-19,2025-12-22,2
47,De snag all trades -test & commision,,2025-12-26,2025-12-29,2
47,De snag all trades -test & commision,,2026-01-03,2026-01-06,2
47,De snag all trades -test & commision,,2026-01-12,2026-01-13,2
47,De snag all trades -test & commision,,2026-01-16,2026-01-27,8
47,De snag all trades -test & commision,,2026-02-01,2026-02-04,3
47,De snag all trades -test & commision,,2026-02-06,2026-02-10,3
47,De snag all trades -test & commision,,2026-02-15,2026-02-17,2
47,De snag all trades -test & commision,,2026-02-22,2026-02-25,3
47,De snag all trades -test & commision,,2026-03-05,2026-03-07,2
47,De snag all trades -test & commision,,2026-03-12,2026-03-14,2
47,De snag all trades -test & commision,,2026-03-18,2026-03-21,3
47,De snag all trades -test & commision,,2026-03-25,2026-04-05,8
47,De snag all trades -test & commision,,2026-04-08,2026-04-09,2
47,De snag all trades -test & commision,,2026-04-11,2026-04-12,1
47,De snag all trades -test & commision,,2026-04-14,2026-04-14,1
47,De snag all trades -test & commision,,2026-04-16,2026-04-19,2
47,De snag all trades -test & commision,,2026-04-22,2026-04-26,3
47,De snag all trades -test & commision,,2026-04-29,2026-05-02,3
47,De snag all trades -test & commision,,2026-05-08,2026-05-09,1
47,De snag all trades -test & commision,,2026-05-15,2026-05-16,1
47,De snag all trades -test & commision,,2026-05-22,2026-05-23,1
47,De snag all trades -test & commision,,2026-05-29,2026-05-30,1
47,De snag all trades -test & commision,,2026-06-06,2026-06-07,1
47,De snag all trades -test & commision,,2026-06-13,2026-06-14,1
47,De snag all trades -test & commision,,2026-06-20,2026-06-21,1
47,De snag all trades -test & commision,,2026-06-25,2026-06-28,2
48,Sparkle clean,,2025-12-07,2025-12-08,1
48,Sparkle clean,,2025-12-13,2025-12-15,1
48,Sparkle clean,,2025-12-20,2025-12-22,1
48,Sparkle clean,,2025-12-26,2025-12-29,2
48,Sparkle clean,,2026-01-03,2026-01-06,2
48,Sparkle clean,,2026-01-10,2026-01-13,2
48,Sparkle clean,,2026-01-16,2026-01-22,5
48,Sparkle clean,,2026-01-24,2026-01-27,2
48,Sparkle clean,,2026-01-30,2026-02-10,8
48,Sparkle clean,,2026-02-15,2026-02-17,2
48,Sparkle clean,,2026-02-22,2026-02-25,3
48,Sparkle clean,,2026-03-05,2026-03-07,2
48,Sparkle clean,,2026-03-12,2026-03-14,2
48,Sparkle clean,,2026-03-18,2026-03-21,3
48,Sparkle clean,,2026-03-25,2026-03-28,3
48,Sparkle clean,,2026-04-02,2026-04-12,7
48,Sparkle clean,,2026-04-14,2026-04-14,1
48,Sparkle clean,,2026-04-16,2026-04-19,2
48,Sparkle clean,,2026-04-22,2026-04-26,3
48,Sparkle clean,,2026-04-29,2026-05-02,3
48,Sparkle clean,,2026-05-08,2026-05-09,1
48,Sparkle clean,,2026-05-15,2026-05-16,1
48,Sparkle clean,,2026-05-22,2026-05-23,1
48,Sparkle clean,,2026-05-29,2026-05-30,1
48,Sparkle clean,,2026-06-06,2026-06-07,1
48,Sparkle clean,,2026-06-13,2026-06-14,1
48,Sparkle clean,,2026-06-20,2026-06-21,1
48,Sparkle clean,,2026-06-25,2026-06-28,2
49,Mastic,,2025-12-07,2025-12-08,1
49,Mastic,,2025-12-13,2025-12-15,1
49,Mastic,,2025-12-20,2025-12-22,1
49,Mastic,,2025-12-26,2025-12-29,2
49,Mastic,,2026-01-03,2026-01-06,2
49,Mastic,,2026-01-10,2026-01-13,2
49,Mastic,,2026-01-16,2026-01-22,5
49,Mastic,,2026-01-24,2026-01-27,2
49,Mastic,,2026-01-30,2026-02-10,8
49,Mastic,,2026-02-16,2026-02-17,2
49,Mastic,,2026-02-22,2026-02-25,3
49,Mastic,,2026-03-05,2026-03-07,2
49,Mastic,,2026-03-12,2026-03-14,2
49,Mastic,,2026-03-18,2026-03-21,3
49,Mastic,,2026-03-25,2026-03-28,3
49,Mastic,,2026-04-02,2026-04-05,2
49,Mastic,,2026-04-08,2026-04-09,2
49,Mastic,,2026-04-11,2026-04-14,2
49,Mastic,,2026-04-16,2026-04-19,2
49,Mastic,,2026-04-22,2026-04-26,3
49,Mastic,,2026-04-29,2026-05-02,3
49,Mastic,,2026-05-08,2026-05-09,1
49,Mastic,,2026-05-15,2026-05-16,1
49,Mastic,,2026-05-22,2026-05-23,1
49,Mastic,,2026-05-29,2026-05-30,1
49,Mastic,,2026-06-06,2026-06-07,1
49,Mastic,,2026-06-13,2026-06-14,1
49,Mastic,,2026-06-20,2026-06-21,1
49,Mastic,,2026-06-25,2026-06-28,2
,Handover to client,,2025-12-07,2025-12-08,1
,Handover to client,,2025-12-13,2025-12-15,1
,Handover to client,,2025-12-20,2025-12-22,1
,Handover to client,,2025-12-26,2025-12-29,2
,Handover to client,,2026-01-03,2026-01-06,2
,Handover to client,,2026-01-10,2026-01-13,2
,Handover to client,,2026-01-16,2026-01-22,5
,Handover to client,,2026-01-24,2026-01-27,2
,Handover to client,,2026-01-30,2026-02-10,8
,Handover to client,,2026-02-16,2026-02-17,2
,Handover to client,,2026-02-22,2026-02-25,3
,Handover to client,,2026-03-05,2026-03-07,2
,Handover to client,,2026-03-12,2026-03-14,2
,Handover to client,,2026-03-18,2026-03-21,3
,Handover to client,,2026-03-25,2026-03-28,3
,Handover to client,,2026-04-02,2026-04-05,2
,Handover to client,,2026-04-08,2026-04-09,2
,Handover to client,,2026-04-11,2026-04-12,1
,Handover to client,,2026-04-14,2026-04-14,1
,Handover to client,,2026-04-16,2026-04-19,2
,Handover to client,,2026-04-22,2026-04-27,4
,Handover to client,,2026-04-29,2026-05-02,3
,Handover to client,,2026-05-08,2026-05-09,1
,Handover to client,,2026-05-15,2026-05-16,1
,Handover to client,,2026-05-22,2026-05-23,1
,Handover to client,,2026-05-29,2026-05-30,1
,Handover to client,,2026-06-06,2026-06-07,1
,Handover to client,,2026-06-13,2026-06-14,1
,Handover to client,,2026-06-20,2026-06-21,1
,Handover to client,,2026-06-25,2026-06-28,2
50,Level 3 Apartment fit out -cluster 1,,2025-12-07,2025-12-08,1
50,Level 3 Apartment fit out -cluster 1,,2025-12-13,2025-12-15,1
50,Level 3 Apartment fit out -cluster 1,,2025-12-20,2025-12-22,1
50,Level 3 Apartment fit out -cluster 1,,2025-12-26,2025-12-29,2
50,Level 3 Apartment fit out -cluster 1,,2026-01-03,2026-01-06,2
50,Level 3 Apartment fit out -cluster 1,,2026-01-10,2026-01-13,2
50,Level 3 Apartment fit out -cluster 1,,2026-01-16,2026-01-22,5
50,Level 3 Apartment fit out -cluster 1,,2026-01-24,2026-01-27,2
50,Level 3 Apartment fit out -cluster 1,,2026-01-30,2026-02-04,4
50,Level 3 Apartment fit out -cluster 1,,2026-02-06,2026-02-10,3
50,Level 3 Apartment fit out -cluster 1,,2026-02-16,2026-02-17,2
50,Level 3 Apartment fit out -cluster 1,,2026-02-22,2026-02-25,3
50,Level 3 Apartment fit out -cluster 1,,2026-03-05,2026-03-07,2
50,Level 3 Apartment fit out -cluster 1,,2026-03-12,2026-03-14,2
50,Level 3 Apartment fit out -cluster 1,,2026-03-18,2026-03-21,3
50,Level 3 Apartment fit out -cluster 1,,2026-03-25,2026-03-28,3
50,Level 3 Apartment fit out -cluster 1,,2026-04-02,2026-04-05,2
50,Level 3 Apartment fit out -cluster 1,,2026-04-08,2026-04-09,2
50,Level 3 Apartment fit out -cluster 1,,2026-04-11,2026-04-12,1
50,Level 3 Apartment fit out -cluster 1,,2026-04-14,2026-04-14,1
50,Level 3 Apartment fit out -cluster 1,,2026-04-16,2026-04-19,2
50,Level 3 Apartment fit out -cluster 1,,2026-04-22,2026-04-26,3
50,Level 3 Apartment fit out -cluster 1,,2026-04-29,2026-05-02,3
50,Level 3 Apartment fit out -cluster 1,,2026-05-08,2026-05-09,1
50,Level 3 Apartment fit out -cluster 1,,2026-05-15,2026-05-16,1
50,Level 3 Apartment fit out -cluster 1,,2026-05-22,2026-05-23,1
50,Level 3 Apartment fit out -cluster 1,,2026-05-29,2026-05-30,1
50,Level 3 Apartment fit out -cluster 1,,2026-06-06,2026-06-07,1
50,Level 3 Apartment fit out -cluster 1,,2026-06-13,2026-06-14,1
50,Level 3 Apartment fit out -cluster 1,,2026-06-20,2026-06-21,1
50,Level 3 Apartment fit out -cluster 1,,2026-06-25,2026-06-28,2
51,Levveling screed /smoothing compound,,2025-12-07,2025-12-08,1
51,Levveling screed /smoothing compound,,2025-12-13,2025-12-15,1
51,Levveling screed /smoothing compound,,2025-12-20,2025-12-22,1
51,Levveling screed /smoothing compound,,2025-12-26,2025-12-29,2
51,Levveling screed /smoothing compound,,2026-01-03,2026-01-06,2
51,Levveling screed /smoothing compound,,2026-01-10,2026-01-13,2
51,Levveling screed /smoothing compound,,2026-01-16,2026-01-22,5
51,Levveling screed /smoothing compound,,2026-01-24,2026-01-27,2
51,Levveling screed /smoothing compound,,2026-01-30,2026-02-04,4
51,Levveling screed /smoothing compound,,2026-02-06,2026-02-17,8
51,Levveling screed /smoothing compound,,2026-02-22,2026-02-25,3
51,Levveling screed /smoothing compound,,2026-03-05,2026-03-07,2
51,Levveling screed /smoothing compound,,2026-03-12,2026-03-14,2
51,Levveling screed /smoothing compound,,2026-03-18,2026-03-21,3
51,Levveling screed /smoothing compound,,2026-03-25,2026-03-28,3
51,Levveling screed /smoothing compound,,2026-04-02,2026-04-05,2
51,Levveling screed /smoothing compound,,2026-04-08,2026-04-09,2
51,Levveling screed /smoothing compound,,2026-04-11,2026-04-12,1
51,Levveling screed /smoothing compound,,2026-04-14,2026-04-14,1
51,Levveling screed /smoothing compound,,2026-04-16,2026-04-19,2
51,Levveling screed /smoothing compound,,2026-04-22,2026-04-26,3
51,Levveling screed /smoothing compound,,2026-04-29,2026-05-02,3
51,Levveling screed /smoothing compound,,2026-05-08,2026-05-09,1
51,Levveling screed /smoothing compound,,2026-05-15,2026-05-16,1
51,Levveling screed /smoothing compound,,2026-05-22,2026-05-23,1
51,Levveling screed /smoothing compound,,2026-05-29,2026-05-30,1
51,Levveling screed /smoothing compound,,2026-06-06,2026-06-07,1
51,Levveling screed /smoothing compound,,2026-06-13,2026-06-14,1
51,Levveling screed /smoothing compound,,2026-06-20,2026-06-21,1
51,Levveling screed /smoothing compound,,2026-06-25,2026-06-28,2
52,Drying out,,2025-12-07,2025-12-08,1
52,Drying out,,2025-12-13,2025-12-15,1
52,Drying out,,2025-12-20,2025-12-22,1
52,Drying out,,2025-12-26,2025-12-29,2
52,Drying out,,2026-01-03,2026-01-06,2
52,Drying out,,2026-01-10,2026-01-13,2
52,Drying out,,2026-01-16,2026-01-22,5
52,Drying out,,2026-01-24,2026-01-27,2
52,Drying out,,2026-01-30,2026-02-04,4
52,Drying out,,2026-02-06,2026-02-10,3
52,Drying out,,2026-02-15,2026-02-17,2
52,Drying out,,2026-02-22,2026-02-25,3
52,Drying out,,2026-03-05,2026-03-07,2
52,Drying out,,2026-03-12,2026-03-14,2
52,Drying out,,2026-03-18,2026-03-21,3
52,Drying out,,2026-03-25,2026-03-28,3
52,Drying out,,2026-04-02,2026-04-05,2
52,Drying out,,2026-04-08,2026-04-09,2
52,Drying out,,2026-04-11,2026-04-12,1
52,Drying out,,2026-04-14,2026-04-14,1
52,Drying out,,2026-04-16,2026-04-19,2
52,Drying out,,2026-04-22,2026-04-26,3
52,Drying out,,2026-04-29,2026-05-02,3
52,Drying out,,2026-05-08,2026-05-09,1
52,Drying out,,2026-05-15,2026-05-16,1
52,Drying out,,2026-05-22,2026-05-23,1
52,Drying out,,2026-05-29,2026-05-30,1
52,Drying out,,2026-06-06,2026-06-07,1
52,Drying out,,2026-06-13,2026-06-14,1
52,Drying out,,2026-06-20,2026-06-21,1
52,Drying out,,2026-06-25,2026-06-28,2
53,Mist coat,,2025-12-07,2025-12-08,1
53,Mist coat,,2025-12-13,2025-12-15,1
53,Mist coat,,2025-12-20,2025-12-22,1
53,Mist coat,,2025-12-26,2025-12-29,2
53,Mist coat,,2026-01-03,2026-01-06,2
53,Mist coat,,2026-01-10,2026-01-13,2
53,Mist coat,,2026-01-16,2026-01-22,5
53,Mist coat,,2026-01-24,2026-01-27,2
53,Mist coat,,2026-01-30,2026-02-04,4
53,Mist coat,,2026-02-06,2026-02-10,3
53,Mist coat,,2026-02-14,2026-02-17,2
53,Mist coat,,2026-02-22,2026-02-25,3
53,Mist coat,,2026-03-05,2026-03-07,2
53,Mist coat,,2026-03-12,2026-03-14,2
53,Mist coat,,2026-03-18,2026-03-21,3
53,Mist coat,,2026-03-25,2026-03-28,3
53,Mist coat,,2026-04-02,2026-04-05,2
53,Mist coat,,2026-04-08,2026-04-09,2
53,Mist coat,,2026-04-11,2026-04-12,1
53,Mist coat,,2026-04-14,2026-04-14,1
53,Mist coat,,2026-04-16,2026-04-19,2
53,Mist coat,,2026-04-22,2026-04-26,3
53,Mist coat,,2026-04-29,2026-05-02,3
53,Mist coat,,2026-05-08,2026-05-09,1
53,Mist coat,,2026-05-15,2026-05-16,1
53,Mist coat,,2026-05-22,2026-05-23,1
53,Mist coat,,2026-05-29,2026-05-30,1
53,Mist coat,,2026-06-06,2026-06-07,1
53,Mist coat,,2026-06-13,2026-06-14,1
53,Mist coat,,2026-06-20,2026-06-21,1
53,Mist coat,,2026-06-25,2026-06-28,2
Vanity b,Vanity 1st fix framing,,2025-12-07,2025-12-08,1
Vanity b,Vanity 1st fix framing,,2025-12-13,2025-12-15,1
Vanity b,Vanity 1st fix framing,,2025-12-20,2025-12-22,1
Vanity b,Vanity 1st fix framing,,2025-12-26,2025-12-29,2
Vanity b,Vanity 1st fix framing,,2026-01-03,2026-01-06,2
Vanity b,Vanity 1st fix framing,,2026-01-10,2026-01-13,2
Vanity b,Vanity 1st fix framing,,2026-01-16,2026-01-22,5
Vanity b,Vanity 1st fix framing,,2026-01-24,2026-01-27,2
Vanity b,Vanity 1st fix framing,,2026-01-30,2026-02-04,4
Vanity b,Vanity 1st fix framing,,2026-02-06,2026-02-10,3
Vanity b,Vanity 1st fix framing,,2026-02-12,2026-02-13,2
Vanity b,Vanity 1st fix framing,,2026-02-15,2026-02-17,2
Vanity b,Vanity 1st fix framing,,2026-02-22,2026-02-25,3
Vanity b,Vanity 1st fix framing,,2026-03-05,2026-03-07,2
Vanity b,Vanity 1st fix framing,,2026-03-12,2026-03-14,2
Vanity b,Vanity 1st fix framing,,2026-03-18,2026-03-21,3
Vanity b,Vanity 1st fix framing,,2026-03-25,2026-03-28,3
Vanity b,Vanity 1st fix framing,,2026-04-02,2026-04-05,2
Vanity b,Vanity 1st fix framing,,2026-04-08,2026-04-09,2
Vanity b,Vanity 1st fix framing,,2026-04-11,2026-04-12,1
Vanity b,Vanity 1st fix framing,,2026-04-14,2026-04-14,1
Vanity b,Vanity 1st fix framing,,2026-04-16,2026-04-19,2
Vanity b,Vanity 1st fix framing,,2026-04-22,2026-04-26,3
Vanity b,Vanity 1st fix framing,,2026-04-29,2026-05-02,3
Vanity b,Vanity 1st fix framing,,2026-05-08,2026-05-09,1
Vanity b,Vanity 1st fix framing,,2026-05-15,2026-05-16,1
Vanity b,Vanity 1st fix framing,,2026-05-22,2026-05-23,1
Vanity b,Vanity 1st fix framing,,2026-05-29,2026-05-30,1
Vanity b,Vanity 1st fix framing,,2026-06-06,2026-06-07,1
Vanity b,Vanity 1st fix framing,,2026-06-13,2026-06-14,1
Vanity b,Vanity 1st fix framing,,2026-06-20,2026-06-21,1
Vanity b,Vanity 1st fix framing,,2026-06-25,2026-06-28,2
,"Kitchen 1st fix,units tops & appliances",,2025-12-07,2025-12-08,1
,"Kitchen 1st fix,units tops & appliances",,2025-12-13,2025-12-15,1
,"Kitchen 1st fix,units tops & appliances",,2025-12-20,2025-12-22,1
,"Kitchen 1st fix,units tops & appliances",,2025-12-26,2025-12-29,2
,"Kitchen 1st fix,units tops & appliances",,2026-01-03,2026-01-06,2
,"Kitchen 1st fix,units tops & appliances",,2026-01-10,2026-01-13,2
,"Kitchen 1st fix,units tops & appliances",,2026-01-16,2026-01-22,5
,"Kitchen 1st fix,units tops & appliances",,2026-01-24,2026-01-27,2
,"Kitchen 1st fix,units tops & appliances",,2026-01-30,2026-02-04,4
,"Kitchen 1st fix,units tops & appliances",,2026-02-06,2026-02-10,3
,"Kitchen 1st fix,units tops & appliances",,2026-02-15,2026-02-17,2
,"Kitchen 1st fix,units tops & appliances",,2026-02-22,2026-02-25,3
,"Kitchen 1st fix,units tops & appliances",,2026-03-01,2026-03-07,5
,"Kitchen 1st fix,units tops & appliances",,2026-03-12,2026-03-14,2
,"Kitchen 1st fix,units tops & appliances",,2026-03-18,2026-03-21,3
,"Kitchen 1st fix,units tops & appliances",,2026-03-25,2026-03-28,3
,"Kitchen 1st fix,units tops & appliances",,2026-04-02,2026-04-05,2
,"Kitchen 1st fix,units tops & appliances",,2026-04-08,2026-04-09,2
,"Kitchen 1st fix,units tops & appliances",,2026-04-11,2026-04-12,1
,"Kitchen 1st fix,units tops & appliances",,2026-04-14,2026-04-14,1
,"Kitchen 1st fix,units tops & appliances",,2026-04-16,2026-04-19,2
,"Kitchen 1st fix,units tops & appliances",,2026-04-22,2026-04-26,3
,"Kitchen 1st fix,units tops & appliances",,2026-04-29,2026-05-02,3
,"Kitchen 1st fix,units tops & appliances",,2026-05-08,2026-05-09,1
,"Kitchen 1st fix,units tops & appliances",,2026-05-15,2026-05-16,1
,"Kitchen 1st fix,units tops & appliances",,2026-05-22,2026-05-23,1
,"Kitchen 1st fix,units tops & appliances",,2026-05-29,2026-05-30,1
,"Kitchen 1st fix,units tops & appliances",,2026-06-06,2026-06-07,1
,"Kitchen 1st fix,units tops & appliances",,2026-06-13,2026-06-14,1
,"Kitchen 1st fix,units tops & appliances",,2026-06-20,2026-06-21,1
,"Kitchen 1st fix,units tops & appliances",,2026-06-25,2026-06-28,2
,"Joinery 1st fix -doors, frames ,skirtings,archs vanity framing  & plinths .",,2025-12-07,2025-12-08,1
,"Joinery 1st fix -doors, frames ,skirtings,archs vanity framing  & plinths .",,2025-12-13,2025-12-15,1
,"Joinery 1st fix -doors, frames ,skirtings,archs vanity framing  & plinths .",,2025-12-20,2025-12-22,1
,"Joinery 1st fix -doors, frames ,skirtings,archs vanity framing  & plinths .",,2025-12-26,2025-12-29,2
,"Joinery 1st fix -doors, frames ,skirtings,archs vanity framing  & plinths .",,2026-01-03,2026-01-06,2
,"Joinery 1st fix -doors, frames ,skirtings,archs vanity framing  & plinths .",,2026-01-10,2026-01-13,2
,"Joinery 1st fix -doors, frames ,skirtings,archs vanity framing  & plinths .",,2026-01-16,2026-01-22,5
,"Joinery 1st fix -doors, frames ,skirtings,archs vanity framing  & plinths .",,2026-01-24,2026-01-27,2
,"Joinery 1st fix -doors, frames ,skirtings,archs vanity framing  & plinths .",,2026-01-30,2026-02-04,4
,"Joinery 1st fix -doors, frames ,skirtings,archs vanity framing  & plinths .",,2026-02-06,2026-02-10,3
,"Joinery 1st fix -doors, frames ,skirtings,archs vanity framing  & plinths .",,2026-02-15,2026-02-17,2
,"Joinery 1st fix -doors, frames ,skirtings,archs vanity framing  & plinths .",,2026-02-20,2026-02-28,6
,"Joinery 1st fix -doors, frames ,skirtings,archs vanity framing  & plinths .",,2026-03-05,2026-03-07,2
,"Joinery 1st fix -doors, frames ,skirtings,archs vanity framing  & plinths .",,2026-03-12,2026-03-14,2
,"Joinery 1st fix -doors, frames ,skirtings,archs vanity framing  & plinths .",,2026-03-18,2026-03-21,3
,"Joinery 1st fix -doors, frames ,skirtings,archs vanity framing  & plinths .",,2026-03-25,2026-03-28,3
,"Joinery 1st fix -doors, frames ,skirtings,archs vanity framing  & plinths .",,2026-04-02,2026-04-05,2
,"Joinery 1st fix -doors, frames ,skirtings,archs vanity framing  & plinths .",,2026-04-08,2026-04-09,2
,"Joinery 1st fix -doors, frames ,skirtings,archs vanity framing  & plinths .",,2026-04-11,2026-04-12,1
,"Joinery 1st fix -doors, frames ,skirtings,archs vanity framing  & plinths .",,2026-04-14,2026-04-14,1
,"Joinery 1st fix -doors, frames ,skirtings,archs vanity framing  & plinths .",,2026-04-16,2026-04-19,2
,"Joinery 1st fix -doors, frames ,skirtings,archs vanity framing  & plinths .",,2026-04-22,2026-04-26,3
,"Joinery 1st fix -doors, frames ,skirtings,archs vanity framing  & plinths .",,2026-04-29,2026-05-02,3
,"Joinery 1st fix -doors, frames ,skirtings,archs vanity framing  & plinths .",,2026-05-08,2026-05-09,1
,"Joinery 1st fix -doors, frames ,skirtings,archs vanity framing  & plinths .",,2026-05-15,2026-05-16,1
,"Joinery 1st fix -doors, frames ,skirtings,archs vanity framing  & plinths .",,2026-05-22,2026-05-23,1
,"Joinery 1st fix -doors, frames ,skirtings,archs vanity framing  & plinths .",,2026-05-29,2026-05-30,1
,"Joinery 1st fix -doors, frames ,skirtings,archs vanity framing  & plinths .",,2026-06-06,2026-06-07,1
,"Joinery 1st fix -doors, frames ,skirtings,archs vanity framing  & plinths .",,2026-06-13,2026-06-14,1
,"Joinery 1st fix -doors, frames ,skirtings,archs vanity framing  & plinths .",,2026-06-20,2026-06-21,1
,"Joinery 1st fix -doors, frames ,skirtings,archs vanity framing  & plinths .",,2026-06-25,2026-06-28,2
,"Plumbing mid fix ,bath ,showers cisterns",,2025-12-07,2025-12-08,1
,"Plumbing mid fix ,bath ,showers cisterns",,2025-12-13,2025-12-15,1
,"Plumbing mid fix ,bath ,showers cisterns",,2025-12-20,2025-12-22,1
,"Plumbing mid fix ,bath ,showers cisterns",,2025-12-26,2025-12-29,2
,"Plumbing mid fix ,bath ,showers cisterns",,2026-01-03,2026-01-06,2
,"Plumbing mid fix ,bath ,showers cisterns",,2026-01-10,2026-01-13,2
,"Plumbing mid fix ,bath ,showers cisterns",,2026-01-16,2026-01-22,5
,"Plumbing mid fix ,bath ,showers cisterns",,2026-01-24,2026-01-27,2
,"Plumbing mid fix ,bath ,showers cisterns",,2026-01-30,2026-02-04,4
,"Plumbing mid fix ,bath ,showers cisterns",,2026-02-06,2026-02-10,3
,"Plumbing mid fix ,bath ,showers cisterns",,2026-02-13,2026-02-19,5
,"Plumbing mid fix ,bath ,showers cisterns",,2026-02-23,2026-02-28,5
,"Plumbing mid fix ,bath ,showers cisterns",,2026-03-05,2026-03-07,2
,"Plumbing mid fix ,bath ,showers cisterns",,2026-03-12,2026-03-14,2
,"Plumbing mid fix ,bath ,showers cisterns",,2026-03-18,2026-03-21,3
,"Plumbing mid fix ,bath ,showers cisterns",,2026-03-25,2026-03-28,3
,"Plumbing mid fix ,bath ,showers cisterns",,2026-04-02,2026-04-05,2
,"Plumbing mid fix ,bath ,showers cisterns",,2026-04-08,2026-04-09,2
,"Plumbing mid fix ,bath ,showers cisterns",,2026-04-11,2026-04-12,1
,"Plumbing mid fix ,bath ,showers cisterns",,2026-04-14,2026-04-14,1
,"Plumbing mid fix ,bath ,showers cisterns",,2026-04-16,2026-04-19,2
,"Plumbing mid fix ,bath ,showers cisterns",,2026-04-22,2026-04-26,3
,"Plumbing mid fix ,bath ,showers cisterns",,2026-04-29,2026-05-02,3
,"Plumbing mid fix ,bath ,showers cisterns",,2026-05-08,2026-05-09,1
,"Plumbing mid fix ,bath ,showers cisterns",,2026-05-15,2026-05-16,1
,"Plumbing mid fix ,bath ,showers cisterns",,2026-05-22,2026-05-23,1
,"Plumbing mid fix ,bath ,showers cisterns",,2026-05-29,2026-05-30,1
,"Plumbing mid fix ,bath ,showers cisterns",,2026-06-06,2026-06-07,1
,"Plumbing mid fix ,bath ,showers cisterns",,2026-06-13,2026-06-14,1
,"Plumbing mid fix ,bath ,showers cisterns",,2026-06-20,2026-06-21,1
,"Plumbing mid fix ,bath ,showers cisterns",,2026-06-25,2026-06-28,2
54,PANACEA,,2025-12-07,2025-12-08,1
54,PANACEA,,2025-12-14,2025-12-15,1
54,PANACEA,,2025-12-21,2025-12-22,1
54,PANACEA,,2025-12-28,2025-12-29,1
54,PANACEA,,2026-01-05,2026-01-06,2
54,PANACEA,,2026-01-10,2026-01-13,2
54,PANACEA,,2026-01-16,2026-01-22,5
54,PANACEA,,2026-01-24,2026-01-27,2
54,PANACEA,,2026-01-30,2026-02-04,4
54,PANACEA,,2026-02-06,2026-02-10,3
54,PANACEA,,2026-02-15,2026-02-17,2
54,PANACEA,,2026-02-20,2026-02-27,6
54,PANACEA,,2026-03-05,2026-03-07,2
54,PANACEA,,2026-03-12,2026-03-14,2
54,PANACEA,,2026-03-18,2026-03-21,3
54,PANACEA,,2026-03-25,2026-03-28,3
54,PANACEA,,2026-04-02,2026-04-05,2
54,PANACEA,,2026-04-08,2026-04-09,2
54,PANACEA,,2026-04-11,2026-04-12,1
54,PANACEA,,2026-04-14,2026-04-14,1
54,PANACEA,,2026-04-16,2026-04-19,2
54,PANACEA,,2026-04-22,2026-04-26,3
54,PANACEA,,2026-04-29,2026-05-02,3
54,PANACEA,,2026-05-08,2026-05-09,1
54,PANACEA,,2026-05-15,2026-05-16,1
54,PANACEA,,2026-05-22,2026-05-23,1
54,PANACEA,,2026-05-29,2026-05-30,1
54,PANACEA,,2026-06-06,2026-06-07,1
54,PANACEA,,2026-06-13,2026-06-14,1
54,PANACEA,,2026-06-20,2026-06-21,1
54,PANACEA,,2026-06-25,2026-06-28,2
,Service cupboard board ceiling &finish,,2025-12-07,2025-12-08,1
,Service cupboard board ceiling &finish,,2025-12-14,2025-12-15,1
,Service cupboard board ceiling &finish,,2025-12-21,2025-12-22,1
,Service cupboard board ceiling &finish,,2025-12-28,2025-12-29,1
,Service cupboard board ceiling &finish,,2026-01-05,2026-01-06,2
,Service cupboard board ceiling &finish,,2026-01-10,2026-01-13,2
,Service cupboard board ceiling &finish,,2026-01-16,2026-01-22,5
,Service cupboard board ceiling &finish,,2026-01-24,2026-01-27,2
,Service cupboard board ceiling &finish,,2026-01-30,2026-02-04,4
,Service cupboard board ceiling &finish,,2026-02-06,2026-02-10,3
,Service cupboard board ceiling &finish,,2026-02-13,2026-02-17,3
,Service cupboard board ceiling &finish,,2026-02-22,2026-02-25,3
,Service cupboard board ceiling &finish,,2026-03-05,2026-03-07,2
,Service cupboard board ceiling &finish,,2026-03-12,2026-03-14,2
,Service cupboard board ceiling &finish,,2026-03-18,2026-03-21,3
,Service cupboard board ceiling &finish,,2026-03-25,2026-03-28,3
,Service cupboard board ceiling &finish,,2026-04-02,2026-04-05,2
,Service cupboard board ceiling &finish,,2026-04-08,2026-04-09,2
,Service cupboard board ceiling &finish,,2026-04-11,2026-04-12,1
,Service cupboard board ceiling &finish,,2026-04-14,2026-04-14,1
,Service cupboard board ceiling &finish,,2026-04-16,2026-04-19,2
,Service cupboard board ceiling &finish,,2026-04-22,2026-04-26,3
,Service cupboard board ceiling &finish,,2026-04-29,2026-05-02,3
,Service cupboard board ceiling &finish,,2026-05-08,2026-05-09,1
,Service cupboard board ceiling &finish,,2026-05-15,2026-05-16,1
,Service cupboard board ceiling &finish,,2026-05-22,2026-05-23,1
,Service cupboard board ceiling &finish,,2026-05-29,2026-05-30,1
,Service cupboard board ceiling &finish,,2026-06-06,2026-06-07,1
,Service cupboard board ceiling &finish,,2026-06-13,2026-06-14,1
,Service cupboard board ceiling &finish,,2026-06-20,2026-06-21,1
,Service cupboard board ceiling &finish,,2026-06-25,2026-06-28,2
55,Edencroft,,2025-12-07,2025-12-08,1
55,Edencroft,,2025-12-14,2025-12-15,1
55,Edencroft,,2025-12-21,2025-12-22,1
55,Edencroft,,2025-12-28,2025-12-29,1
55,Edencroft,,2026-01-05,2026-01-06,2
55,Edencroft,,2026-01-10,2026-01-13,2
55,Edencroft,,2026-01-16,2026-01-22,5
55,Edencroft,,2026-01-24,2026-01-27,2
55,Edencroft,,2026-01-30,2026-02-04,4
55,Edencroft,,2026-02-06,2026-02-10,3
55,Edencroft,,2026-02-15,2026-02-19,4
55,Edencroft,,2026-02-22,2026-02-25,3
55,Edencroft,,2026-03-05,2026-03-07,2
55,Edencroft,,2026-03-12,2026-03-14,2
55,Edencroft,,2026-03-18,2026-03-21,3
55,Edencroft,,2026-03-25,2026-03-28,3
55,Edencroft,,2026-04-02,2026-04-05,2
55,Edencroft,,2026-04-08,2026-04-09,2
55,Edencroft,,2026-04-11,2026-04-12,1
55,Edencroft,,2026-04-14,2026-04-14,1
55,Edencroft,,2026-04-16,2026-04-19,2
55,Edencroft,,2026-04-22,2026-04-26,3
55,Edencroft,,2026-04-29,2026-05-02,3
55,Edencroft,,2026-05-08,2026-05-09,1
55,Edencroft,,2026-05-15,2026-05-16,1
55,Edencroft,,2026-05-22,2026-05-23,1
55,Edencroft,,2026-05-29,2026-05-30,1
55,Edencroft,,2026-06-06,2026-06-07,1
55,Edencroft,,2026-06-13,2026-06-14,1
55,Edencroft,,2026-06-20,2026-06-21,1
55,Edencroft,,2026-06-25,2026-06-28,2
56,GPL,,2025-12-07,2025-12-15,6
56,GPL,,2025-12-21,2025-12-22,1
56,GPL,,2025-12-28,2025-12-29,1
56,GPL,,2026-01-05,2026-01-06,2
56,GPL,,2026-01-10,2026-01-13,2
56,GPL,,2026-01-16,2026-01-22,5
56,GPL,,2026-01-24,2026-01-27,2
56,GPL,,2026-01-30,2026-02-04,4
56,GPL,,2026-02-06,2026-02-10,3
56,GPL,,2026-02-15,2026-02-19,4
56,GPL,,2026-02-22,2026-02-25,3
56,GPL,,2026-03-05,2026-03-07,2
56,GPL,,2026-03-12,2026-03-14,2
56,GPL,,2026-03-18,2026-03-21,3
56,GPL,,2026-03-25,2026-03-28,3
56,GPL,,2026-04-02,2026-04-05,2
56,GPL,,2026-04-08,2026-04-09,2
56,GPL,,2026-04-11,2026-04-12,1
56,GPL,,2026-04-14,2026-04-14,1
56,GPL,,2026-04-16,2026-04-19,2
56,GPL,,2026-04-22,2026-04-26,3
56,GPL,,2026-04-29,2026-05-02,3
56,GPL,,2026-05-08,2026-05-09,1
56,GPL,,2026-05-15,2026-05-16,1
56,GPL,,2026-05-22,2026-05-23,1
56,GPL,,2026-05-29,2026-05-30,1
56,GPL,,2026-06-06,2026-06-07,1
56,GPL,,2026-06-13,2026-06-14,1
56,GPL,,2026-06-20,2026-06-21,1
56,GPL,,2026-06-25,2026-06-28,2
,service cupboard cylinder MVHR pipework installation & ducts,,2025-12-07,2025-12-15,6
,service cupboard cylinder MVHR pipework installation & ducts,,2025-12-21,2025-12-22,1
,service cupboard cylinder MVHR pipework installation & ducts,,2025-12-28,2025-12-29,1
,service cupboard cylinder MVHR pipework installation & ducts,,2026-01-05,2026-01-06,2
,service cupboard cylinder MVHR pipework installation & ducts,,2026-01-10,2026-01-13,2
,service cupboard cylinder MVHR pipework installation & ducts,,2026-01-16,2026-01-22,5
,service cupboard cylinder MVHR pipework installation & ducts,,2026-01-24,2026-01-27,2
,service cupboard cylinder MVHR pipework installation & ducts,,2026-01-30,2026-02-04,4
,service cupboard cylinder MVHR pipework installation & ducts,,2026-02-06,2026-02-10,3
,service cupboard cylinder MVHR pipework installation & ducts,,2026-02-15,2026-02-17,2
,service cupboard cylinder MVHR pipework installation & ducts,,2026-02-22,2026-02-25,3
,service cupboard cylinder MVHR pipework installation & ducts,,2026-03-05,2026-03-07,2
,service cupboard cylinder MVHR pipework installation & ducts,,2026-03-12,2026-03-14,2
,service cupboard cylinder MVHR pipework installation & ducts,,2026-03-18,2026-03-21,3
,service cupboard cylinder MVHR pipework installation & ducts,,2026-03-25,2026-03-28,3
,service cupboard cylinder MVHR pipework installation & ducts,,2026-04-02,2026-04-05,2
,service cupboard cylinder MVHR pipework installation & ducts,,2026-04-08,2026-04-09,2
,service cupboard cylinder MVHR pipework installation & ducts,,2026-04-11,2026-04-12,1
,service cupboard cylinder MVHR pipework installation & ducts,,2026-04-14,2026-04-14,1
,service cupboard cylinder MVHR pipework installation & ducts,,2026-04-16,2026-04-19,2
,service cupboard cylinder MVHR pipework installation & ducts,,2026-04-22,2026-04-26,3
,service cupboard cylinder MVHR pipework installation & ducts,,2026-05-01,2026-05-02,1
,service cupboard cylinder MVHR pipework installation & ducts,,2026-05-08,2026-05-09,1
,service cupboard cylinder MVHR pipework installation & ducts,,2026-05-15,2026-05-16,1
,service cupboard cylinder MVHR pipework installation & ducts,,2026-05-22,2026-05-23,1
,service cupboard cylinder MVHR pipework installation & ducts,,2026-05-29,2026-05-30,1
,service cupboard cylinder MVHR pipework installation & ducts,,2026-06-06,2026-06-07,1
,service cupboard cylinder MVHR pipework installation & ducts,,2026-06-13,2026-06-14,1
,service cupboard cylinder MVHR pipework installation & ducts,,2026-06-20,2026-06-21,1
,service cupboard cylinder MVHR pipework installation & ducts,,2026-06-25,2026-06-28,2
,Amtico flooring /Bathrooms,,2025-12-07,2025-12-15,6
,Amtico flooring /Bathrooms,,2025-12-21,2025-12-22,1
,Amtico flooring /Bathrooms,,2025-12-28,2025-12-29,1
,Amtico flooring /Bathrooms,,2026-01-05,2026-01-06,2
,Amtico flooring /Bathrooms,,2026-01-10,2026-01-13,2
,Amtico flooring /Bathrooms,,2026-01-16,2026-01-22,5
,Amtico flooring /Bathrooms,,2026-01-24,2026-01-27,2
,Amtico flooring /Bathrooms,,2026-01-30,2026-02-04,4
,Amtico flooring /Bathrooms,,2026-02-06,2026-02-10,3
,Amtico flooring /Bathrooms,,2026-02-15,2026-02-17,2
,Amtico flooring /Bathrooms,,2026-02-22,2026-02-25,3
,Amtico flooring /Bathrooms,,2026-03-01,2026-03-07,5
,Amtico flooring /Bathrooms,,2026-03-12,2026-03-14,2
,Amtico flooring /Bathrooms,,2026-03-18,2026-03-21,3
,Amtico flooring /Bathrooms,,2026-03-25,2026-03-28,3
,Amtico flooring /Bathrooms,,2026-04-02,2026-04-05,2
,Amtico flooring /Bathrooms,,2026-04-08,2026-04-09,2
,Amtico flooring /Bathrooms,,2026-04-11,2026-04-12,1
,Amtico flooring /Bathrooms,,2026-04-14,2026-04-14,1
,Amtico flooring /Bathrooms,,2026-04-16,2026-04-19,2
,Amtico flooring /Bathrooms,,2026-04-22,2026-04-26,3
,Amtico flooring /Bathrooms,,2026-05-01,2026-05-02,1
,Amtico flooring /Bathrooms,,2026-05-08,2026-05-09,1
,Amtico flooring /Bathrooms,,2026-05-15,2026-05-16,1
,Amtico flooring /Bathrooms,,2026-05-22,2026-05-23,1
,Amtico flooring /Bathrooms,,2026-05-29,2026-05-30,1
,Amtico flooring /Bathrooms,,2026-06-06,2026-06-07,1
,Amtico flooring /Bathrooms,,2026-06-13,2026-06-14,1
,Amtico flooring /Bathrooms,,2026-06-20,2026-06-21,1
,Amtico flooring /Bathrooms,,2026-06-25,2026-06-28,2
57,ARMSTRONG,,2025-12-07,2025-12-08,1
57,ARMSTRONG,,2025-12-14,2025-12-15,1
57,ARMSTRONG,,2025-12-21,2025-12-22,1
57,ARMSTRONG,,2025-12-28,2025-12-29,1
57,ARMSTRONG,,2026-01-05,2026-01-06,2
57,ARMSTRONG,,2026-01-10,2026-01-13,2
57,ARMSTRONG,,2026-01-16,2026-01-22,5
57,ARMSTRONG,,2026-01-24,2026-01-27,2
57,ARMSTRONG,,2026-01-30,2026-02-04,4
57,ARMSTRONG,,2026-02-06,2026-02-10,3
57,ARMSTRONG,,2026-02-15,2026-02-17,2
57,ARMSTRONG,,2026-02-22,2026-02-25,3
57,ARMSTRONG,,2026-03-06,2026-03-07,1
57,ARMSTRONG,,2026-03-10,2026-03-16,5
57,ARMSTRONG,,2026-03-20,2026-03-21,1
57,ARMSTRONG,,2026-03-27,2026-03-28,1
57,ARMSTRONG,,2026-04-04,2026-04-05,1
57,ARMSTRONG,,2026-04-11,2026-04-12,1
57,ARMSTRONG,,2026-04-18,2026-04-19,1
57,ARMSTRONG,,2026-04-25,2026-04-26,1
57,ARMSTRONG,,2026-05-01,2026-05-02,1
57,ARMSTRONG,,2026-05-08,2026-05-09,1
57,ARMSTRONG,,2026-05-15,2026-05-16,1
57,ARMSTRONG,,2026-05-22,2026-05-23,1
57,ARMSTRONG,,2026-05-29,2026-05-30,1
57,ARMSTRONG,,2026-06-06,2026-06-07,1
57,ARMSTRONG,,2026-06-13,2026-06-14,1
57,ARMSTRONG,,2026-06-20,2026-06-21,1
57,ARMSTRONG,,2026-06-25,2026-06-28,2
58,Electrical 2nd fix & live testing,,2025-12-07,2025-12-08,1
58,Electrical 2nd fix & live testing,,2025-12-14,2025-12-15,1
58,Electrical 2nd fix & live testing,,2025-12-21,2025-12-22,1
58,Electrical 2nd fix & live testing,,2025-12-28,2025-12-29,1
58,Electrical 2nd fix & live testing,,2026-01-05,2026-01-06,2
58,Electrical 2nd fix & live testing,,2026-01-10,2026-01-13,2
58,Electrical 2nd fix & live testing,,2026-01-16,2026-01-22,5
58,Electrical 2nd fix & live testing,,2026-01-24,2026-01-27,2
58,Electrical 2nd fix & live testing,,2026-01-30,2026-02-04,4
58,Electrical 2nd fix & live testing,,2026-02-06,2026-02-10,3
58,Electrical 2nd fix & live testing,,2026-02-15,2026-02-17,2
58,Electrical 2nd fix & live testing,,2026-02-22,2026-02-25,3
58,Electrical 2nd fix & live testing,,2026-03-06,2026-03-07,1
58,Electrical 2nd fix & live testing,,2026-03-13,2026-03-14,1
58,Electrical 2nd fix & live testing,,2026-03-17,2026-03-23,5
58,Electrical 2nd fix & live testing,,2026-03-27,2026-03-28,1
58,Electrical 2nd fix & live testing,,2026-04-04,2026-04-05,1
58,Electrical 2nd fix & live testing,,2026-04-11,2026-04-12,1
58,Electrical 2nd fix & live testing,,2026-04-18,2026-04-19,1
58,Electrical 2nd fix & live testing,,2026-04-25,2026-04-26,1
58,Electrical 2nd fix & live testing,,2026-05-01,2026-05-02,1
58,Electrical 2nd fix & live testing,,2026-05-08,2026-05-09,1
58,Electrical 2nd fix & live testing,,2026-05-15,2026-05-16,1
58,Electrical 2nd fix & live testing,,2026-05-22,2026-05-23,1
58,Electrical 2nd fix & live testing,,2026-05-29,2026-05-30,1
58,Electrical 2nd fix & live testing,,2026-06-06,2026-06-07,1
58,Electrical 2nd fix & live testing,,2026-06-13,2026-06-14,1
58,Electrical 2nd fix & live testing,,2026-06-20,2026-06-21,1
58,Electrical 2nd fix & live testing,,2026-06-25,2026-06-28,2
59,MCL,,2025-12-07,2025-12-08,1
59,MCL,,2025-12-14,2025-12-15,1
59,MCL,,2025-12-21,2025-12-22,1
59,MCL,,2025-12-28,2025-12-29,1
59,MCL,,2026-01-05,2026-01-06,2
59,MCL,,2026-01-10,2026-01-13,2
59,MCL,,2026-01-16,2026-01-22,5
59,MCL,,2026-01-24,2026-01-27,2
59,MCL,,2026-01-30,2026-02-04,4
59,MCL,,2026-02-06,2026-02-10,3
59,MCL,,2026-02-15,2026-02-17,2
59,MCL,,2026-02-22,2026-02-25,3
59,MCL,,2026-03-06,2026-03-07,1
59,MCL,,2026-03-13,2026-03-14,1
59,MCL,,2026-03-20,2026-03-21,1
59,MCL,,2026-03-27,2026-03-28,1
59,MCL,,2026-04-04,2026-04-05,1
59,MCL,,2026-04-11,2026-04-12,1
59,MCL,,2026-04-18,2026-04-19,1
59,MCL,,2026-04-25,2026-04-26,1
59,MCL,,2026-05-01,2026-05-02,1
59,MCL,,2026-05-08,2026-05-09,1
59,MCL,,2026-05-15,2026-05-16,1
59,MCL,,2026-05-22,2026-05-23,1
59,MCL,,2026-05-29,2026-05-30,1
59,MCL,,2026-06-06,2026-06-07,1
59,MCL,,2026-06-13,2026-06-14,1
59,MCL,,2026-06-20,2026-06-21,1
59,MCL,,2026-06-25,2026-06-28,2
60,PANACEA,,2025-12-07,2025-12-08,1
60,PANACEA,,2025-12-14,2025-12-15,1
60,PANACEA,,2025-12-21,2025-12-22,1
60,PANACEA,,2025-12-28,2025-12-29,1
60,PANACEA,,2026-01-05,2026-01-06,2
60,PANACEA,,2026-01-10,2026-01-13,2
60,PANACEA,,2026-01-16,2026-01-22,5
60,PANACEA,,2026-01-24,2026-01-27,2
60,PANACEA,,2026-01-30,2026-02-04,4
60,PANACEA,,2026-02-06,2026-02-10,3
60,PANACEA,,2026-02-15,2026-02-17,2
60,PANACEA,,2026-02-22,2026-02-25,3
60,PANACEA,,2026-03-06,2026-03-07,1
60,PANACEA,,2026-03-13,2026-03-14,1
60,PANACEA,,2026-03-20,2026-03-21,1
60,PANACEA,,2026-03-27,2026-03-28,1
60,PANACEA,,2026-04-04,2026-04-05,1
60,PANACEA,,2026-04-11,2026-04-12,1
60,PANACEA,,2026-04-18,2026-04-19,1
60,PANACEA,,2026-04-25,2026-04-26,1
60,PANACEA,,2026-05-01,2026-05-02,1
60,PANACEA,,2026-05-08,2026-05-09,1
60,PANACEA,,2026-05-15,2026-05-16,1
60,PANACEA,,2026-05-22,2026-05-23,1
60,PANACEA,,2026-05-29,2026-05-30,1
60,PANACEA,,2026-06-06,2026-06-07,1
60,PANACEA,,2026-06-13,2026-06-14,1
60,PANACEA,,2026-06-20,2026-06-21,1
60,PANACEA,,2026-06-25,2026-06-28,2
,Decoration,,2025-12-07,2025-12-15,6
,Decoration,,2025-12-21,2025-12-22,1
,Decoration,,2025-12-28,2025-12-29,1
,Decoration,,2026-01-05,2026-01-06,2
,Decoration,,2026-01-10,2026-01-13,2
,Decoration,,2026-01-16,2026-01-22,5
,Decoration,,2026-01-24,2026-01-27,2
,Decoration,,2026-01-30,2026-02-04,4
,Decoration,,2026-02-06,2026-02-10,3
,Decoration,,2026-02-15,2026-02-17,2
,Decoration,,2026-02-22,2026-02-25,3
,Decoration,,2026-03-06,2026-03-07,1
,Decoration,,2026-03-13,2026-03-14,1
,Decoration,,2026-03-20,2026-03-21,1
,Decoration,,2026-03-24,2026-03-30,5
,Decoration,,2026-04-04,2026-04-05,1
,Decoration,,2026-04-11,2026-04-12,1
,Decoration,,2026-04-18,2026-04-19,1
,Decoration,,2026-04-25,2026-04-26,1
,Decoration,,2026-05-01,2026-05-02,1
,Decoration,,2026-05-08,2026-05-09,1
,Decoration,,2026-05-15,2026-05-16,1
,Decoration,,2026-05-22,2026-05-23,1
,Decoration,,2026-05-29,2026-05-30,1
,Decoration,,2026-06-06,2026-06-07,1
,Decoration,,2026-06-13,2026-06-14,1
,Decoration,,2026-06-20,2026-06-21,1
,Decoration,,2026-06-25,2026-06-28,2
,Amtico flooring /Carpets,,2025-12-07,2025-12-08,1
,Amtico flooring /Carpets,,2025-12-14,2025-12-15,1
,Amtico flooring /Carpets,,2025-12-21,2025-12-25,4
,Amtico flooring /Carpets,,2025-12-28,2025-12-29,1
,Amtico flooring /Carpets,,2026-01-05,2026-01-06,2
,Amtico flooring /Carpets,,2026-01-10,2026-01-13,2
,Amtico flooring /Carpets,,2026-01-16,2026-01-22,5
,Amtico flooring /Carpets,,2026-01-24,2026-01-27,2
,Amtico flooring /Carpets,,2026-01-30,2026-02-04,4
,Amtico flooring /Carpets,,2026-02-06,2026-02-10,3
,Amtico flooring /Carpets,,2026-02-15,2026-02-17,2
,Amtico flooring /Carpets,,2026-02-22,2026-02-25,3
,Amtico flooring /Carpets,,2026-03-06,2026-03-07,1
,Amtico flooring /Carpets,,2026-03-13,2026-03-14,1
,Amtico flooring /Carpets,,2026-03-20,2026-03-21,1
,Amtico flooring /Carpets,,2026-03-27,2026-03-28,1
,Amtico flooring /Carpets,,2026-04-01,2026-04-05,3
,Amtico flooring /Carpets,,2026-04-11,2026-04-12,1
,Amtico flooring /Carpets,,2026-04-18,2026-04-19,1
,Amtico flooring /Carpets,,2026-04-25,2026-04-26,1
,Amtico flooring /Carpets,,2026-05-01,2026-05-02,1
,Amtico flooring /Carpets,,2026-05-08,2026-05-09,1
,Amtico flooring /Carpets,,2026-05-15,2026-05-16,1
,Amtico flooring /Carpets,,2026-05-22,2026-05-23,1
,Amtico flooring /Carpets,,2026-05-29,2026-05-30,1
,Amtico flooring /Carpets,,2026-06-06,2026-06-07,1
,Amtico flooring /Carpets,,2026-06-13,2026-06-14,1
,Amtico flooring /Carpets,,2026-06-20,2026-06-21,1
,Amtico flooring /Carpets,,2026-06-25,2026-06-28,2
62,De snag all trades - test & commision,,2025-12-07,2025-12-08,1
62,De snag all trades - test & commision,,2025-12-14,2025-12-15,1
62,De snag all trades - test & commision,,2025-12-21,2025-12-22,1
62,De snag all trades - test & commision,,2025-12-28,2025-12-29,1
62,De snag all trades - test & commision,,2026-01-05,2026-01-06,2
62,De snag all trades - test & commision,,2026-01-10,2026-01-13,2
62,De snag all trades - test & commision,,2026-01-16,2026-01-22,5
62,De snag all trades - test & commision,,2026-01-24,2026-01-27,2
62,De snag all trades - test & commision,,2026-01-30,2026-02-04,4
62,De snag all trades - test & commision,,2026-02-06,2026-02-10,3
62,De snag all trades - test & commision,,2026-02-15,2026-02-17,2
62,De snag all trades - test & commision,,2026-02-22,2026-02-25,3
62,De snag all trades - test & commision,,2026-03-06,2026-03-07,1
62,De snag all trades - test & commision,,2026-03-13,2026-03-14,1
62,De snag all trades - test & commision,,2026-03-20,2026-03-21,1
62,De snag all trades - test & commision,,2026-03-27,2026-03-28,1
62,De snag all trades - test & commision,,2026-04-04,2026-04-12,5
62,De snag all trades - test & commision,,2026-04-18,2026-04-19,1
62,De snag all trades - test & commision,,2026-04-25,2026-04-26,1
62,De snag all trades - test & commision,,2026-05-01,2026-05-02,1
62,De snag all trades - test & commision,,2026-05-08,2026-05-09,1
62,De snag all trades - test & commision,,2026-05-15,2026-05-16,1
62,De snag all trades - test & commision,,2026-05-22,2026-05-23,1
62,De snag all trades - test & commision,,2026-05-29,2026-05-30,1
62,De snag all trades - test & commision,,2026-06-06,2026-06-07,1
62,De snag all trades - test & commision,,2026-06-13,2026-06-14,1
62,De snag all trades - test & commision,,2026-06-20,2026-06-21,1
62,De snag all trades - test & commision,,2026-06-25,2026-06-28,2
63,MCL,,2025-12-07,2025-12-08,1
63,MCL,,2025-12-14,2025-12-15,1
63,MCL,,2025-12-17,2025-12-17,1
63,MCL,,2025-12-21,2025-12-22,1
63,MCL,,2025-12-28,2025-12-29,1
63,MCL,,2026-01-05,2026-01-06,2
63,MCL,,2026-01-10,2026-01-13,2
63,MCL,,2026-01-16,2026-01-22,5
63,MCL,,2026-01-24,2026-01-27,2
63,MCL,,2026-01-30,2026-02-04,4
63,MCL,,2026-02-06,2026-02-10,3
63,MCL,,2026-02-15,2026-02-17,2
63,MCL,,2026-02-22,2026-02-25,3
63,MCL,,2026-03-06,2026-03-07,1
63,MCL,,2026-03-13,2026-03-14,1
63,MCL,,2026-03-20,2026-03-21,1
63,MCL,,2026-03-27,2026-03-28,1
63,MCL,,2026-04-04,2026-04-05,1
63,MCL,,2026-04-11,2026-04-19,5
63,MCL,,2026-04-25,2026-04-26,1
63,MCL,,2026-05-01,2026-05-02,1
63,MCL,,2026-05-08,2026-05-09,1
63,MCL,,2026-05-15,2026-05-16,1
63,MCL,,2026-05-22,2026-05-23,1
63,MCL,,2026-05-29,2026-05-30,1
63,MCL,,2026-06-06,2026-06-07,1
63,MCL,,2026-06-13,2026-06-14,1
63,MCL,,2026-06-20,2026-06-21,1
63,MCL,,2026-06-25,2026-06-28,2
65,PANACEA,,2025-12-07,2025-12-08,1
65,PANACEA,,2025-12-14,2025-12-22,6
65,PANACEA,,2025-12-28,2025-12-29,1
65,PANACEA,,2026-01-05,2026-01-06,2
65,PANACEA,,2026-01-10,2026-01-13,2
65,PANACEA,,2026-01-16,2026-01-22,5
65,PANACEA,,2026-01-24,2026-01-27,2
65,PANACEA,,2026-01-30,2026-02-04,4
65,PANACEA,,2026-02-06,2026-02-10,3
65,PANACEA,,2026-02-15,2026-02-17,2
65,PANACEA,,2026-02-22,2026-02-25,3
65,PANACEA,,2026-03-06,2026-03-07,1
65,PANACEA,,2026-03-13,2026-03-14,1
65,PANACEA,,2026-03-20,2026-03-21,1
65,PANACEA,,2026-03-27,2026-03-28,1
65,PANACEA,,2026-04-04,2026-04-05,1
65,PANACEA,,2026-04-11,2026-04-12,1
65,PANACEA,,2026-04-18,2026-04-21,2
65,PANACEA,,2026-04-25,2026-04-26,1
65,PANACEA,,2026-05-01,2026-05-02,1
65,PANACEA,,2026-05-08,2026-05-09,1
65,PANACEA,,2026-05-15,2026-05-16,1
65,PANACEA,,2026-05-22,2026-05-23,1
65,PANACEA,,2026-05-29,2026-05-30,1
65,PANACEA,,2026-06-06,2026-06-07,1
65,PANACEA,,2026-06-13,2026-06-14,1
65,PANACEA,,2026-06-20,2026-06-21,1
65,PANACEA,,2026-06-25,2026-06-28,2
,Handover to client,,2025-12-07,2025-12-08,1
,Handover to client,,2025-12-14,2025-12-22,6
,Handover to client,,2025-12-28,2025-12-29,1
,Handover to client,,2026-01-05,2026-01-06,2
,Handover to client,,2026-01-10,2026-01-13,2
,Handover to client,,2026-01-16,2026-01-22,5
,Handover to client,,2026-01-24,2026-01-27,2
,Handover to client,,2026-01-30,2026-02-04,4
,Handover to client,,2026-02-06,2026-02-10,3
,Handover to client,,2026-02-15,2026-02-17,2
,Handover to client,,2026-02-22,2026-02-25,3
,Handover to client,,2026-03-06,2026-03-07,1
,Handover to client,,2026-03-13,2026-03-14,1
,Handover to client,,2026-03-20,2026-03-21,1
,Handover to client,,2026-03-27,2026-03-28,1
,Handover to client,,2026-04-04,2026-04-05,1
,Handover to client,,2026-04-11,2026-04-12,1
,Handover to client,,2026-04-18,2026-04-19,1
,Handover to client,,2026-04-25,2026-04-26,1
,Handover to client,,2026-05-01,2026-05-03,1
,Handover to client,,2026-05-08,2026-05-09,1
,Handover to client,,2026-05-15,2026-05-16,1
,Handover to client,,2026-05-22,2026-05-23,1
,Handover to client,,2026-05-29,2026-05-30,1
,Handover to client,,2026-06-06,2026-06-07,1
,Handover to client,,2026-06-13,2026-06-14,1
,Handover to client,,2026-06-20,2026-06-21,1
,Handover to client,,2026-06-25,2026-06-28,2
,Level 3 Apartment fit out -cluster 2,,2025-12-07,2025-12-08,1
,Level 3 Apartment fit out -cluster 2,,2025-12-14,2025-12-15,1
,Level 3 Apartment fit out -cluster 2,,2025-12-21,2025-12-22,1
,Level 3 Apartment fit out -cluster 2,,2025-12-26,2025-12-29,2
,Level 3 Apartment fit out -cluster 2,,2026-01-05,2026-01-06,2
,Level 3 Apartment fit out -cluster 2,,2026-01-10,2026-01-13,2
,Level 3 Apartment fit out -cluster 2,,2026-01-16,2026-01-22,5
,Level 3 Apartment fit out -cluster 2,,2026-01-24,2026-01-27,2
,Level 3 Apartment fit out -cluster 2,,2026-01-30,2026-02-04,4
,Level 3 Apartment fit out -cluster 2,,2026-02-06,2026-02-10,3
,Level 3 Apartment fit out -cluster 2,,2026-02-15,2026-02-17,2
,Level 3 Apartment fit out -cluster 2,,2026-02-22,2026-02-25,3
,Level 3 Apartment fit out -cluster 2,,2026-03-06,2026-03-07,1
,Level 3 Apartment fit out -cluster 2,,2026-03-13,2026-03-14,1
,Level 3 Apartment fit out -cluster 2,,2026-03-20,2026-03-21,1
,Level 3 Apartment fit out -cluster 2,,2026-03-27,2026-03-28,1
,Level 3 Apartment fit out -cluster 2,,2026-04-04,2026-04-05,1
,Level 3 Apartment fit out -cluster 2,,2026-04-11,2026-04-12,1
,Level 3 Apartment fit out -cluster 2,,2026-04-18,2026-04-19,1
,Level 3 Apartment fit out -cluster 2,,2026-04-25,2026-04-26,1
,Level 3 Apartment fit out -cluster 2,,2026-05-01,2026-05-02,1
,Level 3 Apartment fit out -cluster 2,,2026-05-08,2026-05-09,1
,Level 3 Apartment fit out -cluster 2,,2026-05-15,2026-05-16,1
,Level 3 Apartment fit out -cluster 2,,2026-05-22,2026-05-23,1
,Level 3 Apartment fit out -cluster 2,,2026-05-29,2026-05-30,1
,Level 3 Apartment fit out -cluster 2,,2026-06-06,2026-06-07,1
,Level 3 Apartment fit out -cluster 2,,2026-06-13,2026-06-14,1
,Level 3 Apartment fit out -cluster 2,,2026-06-20,2026-06-21,1
,Level 3 Apartment fit out -cluster 2,,2026-06-25,2026-06-28,2
,Levveling screed /smoothing compound,,2025-12-07,2025-12-08,1
,Levveling screed /smoothing compound,,2025-12-14,2025-12-15,1
,Levveling screed /smoothing compound,,2025-12-21,2025-12-22,1
,Levveling screed /smoothing compound,,2025-12-28,2026-01-08,9
,Levveling screed /smoothing compound,,2026-01-10,2026-01-13,2
,Levveling screed /smoothing compound,,2026-01-16,2026-01-22,5
,Levveling screed /smoothing compound,,2026-01-24,2026-01-27,2
,Levveling screed /smoothing compound,,2026-01-30,2026-02-04,4
,Levveling screed /smoothing compound,,2026-02-06,2026-02-17,8
,Levveling screed /smoothing compound,,2026-02-22,2026-02-25,3
,Levveling screed /smoothing compound,,2026-03-06,2026-03-07,1
,Levveling screed /smoothing compound,,2026-03-13,2026-03-14,1
,Levveling screed /smoothing compound,,2026-03-20,2026-03-21,1
,Levveling screed /smoothing compound,,2026-03-27,2026-03-28,1
,Levveling screed /smoothing compound,,2026-04-04,2026-04-05,1
,Levveling screed /smoothing compound,,2026-04-11,2026-04-12,1
,Levveling screed /smoothing compound,,2026-04-18,2026-04-19,1
,Levveling screed /smoothing compound,,2026-04-25,2026-04-26,1
,Levveling screed /smoothing compound,,2026-05-01,2026-05-02,1
,Levveling screed /smoothing compound,,2026-05-08,2026-05-09,1
,Levveling screed /smoothing compound,,2026-05-15,2026-05-16,1
,Levveling screed /smoothing compound,,2026-05-22,2026-05-23,1
,Levveling screed /smoothing compound,,2026-05-29,2026-05-30,1
,Levveling screed /smoothing compound,,2026-06-06,2026-06-07,1
,Levveling screed /smoothing compound,,2026-06-13,2026-06-14,1
,Levveling screed /smoothing compound,,2026-06-20,2026-06-21,1
,Levveling screed /smoothing compound,,2026-06-25,2026-06-28,2
66,PANACEA,,2025-12-07,2025-12-08,1
66,PANACEA,,2025-12-14,2025-12-15,1
66,PANACEA,,2025-12-21,2025-12-22,1
66,PANACEA,,2025-12-28,2025-12-29,1
66,PANACEA,,2026-01-05,2026-01-06,2
66,PANACEA,,2026-01-09,2026-01-13,3
66,PANACEA,,2026-01-16,2026-01-22,5
66,PANACEA,,2026-01-24,2026-01-27,2
66,PANACEA,,2026-01-30,2026-02-04,4
66,PANACEA,,2026-02-06,2026-02-10,3
66,PANACEA,,2026-02-15,2026-02-17,2
66,PANACEA,,2026-02-22,2026-02-25,3
66,PANACEA,,2026-03-06,2026-03-07,1
66,PANACEA,,2026-03-13,2026-03-14,1
66,PANACEA,,2026-03-20,2026-03-21,1
66,PANACEA,,2026-03-27,2026-03-28,1
66,PANACEA,,2026-04-04,2026-04-05,1
66,PANACEA,,2026-04-11,2026-04-12,1
66,PANACEA,,2026-04-18,2026-04-19,1
66,PANACEA,,2026-04-25,2026-04-26,1
66,PANACEA,,2026-05-01,2026-05-02,1
66,PANACEA,,2026-05-08,2026-05-09,1
66,PANACEA,,2026-05-15,2026-05-16,1
66,PANACEA,,2026-05-22,2026-05-23,1
66,PANACEA,,2026-05-29,2026-05-30,1
66,PANACEA,,2026-06-06,2026-06-07,1
66,PANACEA,,2026-06-13,2026-06-14,1
66,PANACEA,,2026-06-20,2026-06-21,1
66,PANACEA,,2026-06-25,2026-06-28,2
67,Active flooring,,2025-12-07,2025-12-08,1
67,Active flooring,,2025-12-14,2025-12-15,1
67,Active flooring,,2025-12-21,2025-12-22,1
67,Active flooring,,2025-12-28,2025-12-29,1
67,Active flooring,,2026-01-05,2026-01-22,14
67,Active flooring,,2026-01-24,2026-01-27,2
67,Active flooring,,2026-01-30,2026-02-04,4
67,Active flooring,,2026-02-06,2026-02-10,3
67,Active flooring,,2026-02-14,2026-02-18,3
67,Active flooring,,2026-02-22,2026-02-25,3
67,Active flooring,,2026-03-06,2026-03-07,1
67,Active flooring,,2026-03-13,2026-03-14,1
67,Active flooring,,2026-03-20,2026-03-21,1
67,Active flooring,,2026-03-27,2026-03-28,1
67,Active flooring,,2026-04-04,2026-04-05,1
67,Active flooring,,2026-04-11,2026-04-12,1
67,Active flooring,,2026-04-18,2026-04-19,1
67,Active flooring,,2026-04-25,2026-04-26,1
67,Active flooring,,2026-05-01,2026-05-02,1
67,Active flooring,,2026-05-08,2026-05-09,1
67,Active flooring,,2026-05-15,2026-05-16,1
67,Active flooring,,2026-05-22,2026-05-23,1
67,Active flooring,,2026-05-29,2026-05-30,1
67,Active flooring,,2026-06-06,2026-06-07,1
67,Active flooring,,2026-06-13,2026-06-14,1
67,Active flooring,,2026-06-20,2026-06-21,1
67,Active flooring,,2026-06-25,2026-06-28,2
,Vanity 1st fix framing,,2025-12-07,2025-12-08,1
,Vanity 1st fix framing,,2025-12-14,2025-12-15,1
,Vanity 1st fix framing,,2025-12-21,2025-12-22,1
,Vanity 1st fix framing,,2025-12-28,2025-12-29,1
,Vanity 1st fix framing,,2026-01-05,2026-01-22,14
,Vanity 1st fix framing,,2026-01-24,2026-01-27,2
,Vanity 1st fix framing,,2026-01-30,2026-02-04,4
,Vanity 1st fix framing,,2026-02-06,2026-02-10,3
,Vanity 1st fix framing,,2026-02-13,2026-02-17,3
,Vanity 1st fix framing,,2026-02-22,2026-02-25,3
,Vanity 1st fix framing,,2026-03-06,2026-03-07,1
,Vanity 1st fix framing,,2026-03-13,2026-03-14,1
,Vanity 1st fix framing,,2026-03-20,2026-03-21,1
,Vanity 1st fix framing,,2026-03-27,2026-03-28,1
,Vanity 1st fix framing,,2026-04-04,2026-04-05,1
,Vanity 1st fix framing,,2026-04-11,2026-04-12,1
,Vanity 1st fix framing,,2026-04-18,2026-04-19,1
,Vanity 1st fix framing,,2026-04-25,2026-04-26,1
,Vanity 1st fix framing,,2026-05-01,2026-05-02,1
,Vanity 1st fix framing,,2026-05-08,2026-05-09,1
,Vanity 1st fix framing,,2026-05-15,2026-05-16,1
,Vanity 1st fix framing,,2026-05-22,2026-05-23,1
,Vanity 1st fix framing,,2026-05-29,2026-05-30,1
,Vanity 1st fix framing,,2026-06-06,2026-06-07,1
,Vanity 1st fix framing,,2026-06-13,2026-06-14,1
,Vanity 1st fix framing,,2026-06-20,2026-06-21,1
,Vanity 1st fix framing,,2026-06-25,2026-06-28,2
68,MCL,,2025-12-07,2025-12-08,1
68,MCL,,2025-12-14,2025-12-15,1
68,MCL,,2025-12-21,2025-12-22,1
68,MCL,,2025-12-28,2025-12-29,1
68,MCL,,2026-01-05,2026-01-06,2
68,MCL,,2026-01-12,2026-01-13,2
68,MCL,,2026-01-16,2026-01-22,5
68,MCL,,2026-01-24,2026-01-27,2
68,MCL,,2026-01-30,2026-02-04,4
68,MCL,,2026-02-06,2026-02-10,3
68,MCL,,2026-02-15,2026-02-17,2
68,MCL,,2026-02-22,2026-02-25,3
68,MCL,,2026-03-01,2026-03-04,3
68,MCL,,2026-03-06,2026-03-07,1
68,MCL,,2026-03-13,2026-03-14,1
68,MCL,,2026-03-20,2026-03-21,1
68,MCL,,2026-03-27,2026-03-28,1
68,MCL,,2026-04-04,2026-04-05,1
68,MCL,,2026-04-11,2026-04-12,1
68,MCL,,2026-04-18,2026-04-19,1
68,MCL,,2026-04-25,2026-04-26,1
68,MCL,,2026-05-01,2026-05-02,1
68,MCL,,2026-05-08,2026-05-09,1
68,MCL,,2026-05-15,2026-05-16,1
68,MCL,,2026-05-22,2026-05-23,1
68,MCL,,2026-05-29,2026-05-30,1
68,MCL,,2026-06-06,2026-06-07,1
68,MCL,,2026-06-13,2026-06-14,1
68,MCL,,2026-06-20,2026-06-21,1
68,MCL,,2026-06-25,2026-06-28,2
69,Smiths,,2025-12-07,2025-12-08,1
69,Smiths,,2025-12-14,2025-12-15,1
69,Smiths,,2025-12-21,2025-12-22,1
69,Smiths,,2025-12-28,2025-12-29,1
69,Smiths,,2026-01-05,2026-01-13,7
69,Smiths,,2026-01-18,2026-01-22,4
69,Smiths,,2026-01-24,2026-01-27,2
69,Smiths,,2026-01-30,2026-02-04,4
69,Smiths,,2026-02-06,2026-02-10,3
69,Smiths,,2026-02-15,2026-02-17,2
69,Smiths,,2026-02-22,2026-02-25,3
69,Smiths,,2026-02-28,2026-03-03,2
69,Smiths,,2026-03-06,2026-03-07,1
69,Smiths,,2026-03-13,2026-03-14,1
69,Smiths,,2026-03-20,2026-03-21,1
69,Smiths,,2026-03-27,2026-03-28,1
69,Smiths,,2026-04-04,2026-04-05,1
69,Smiths,,2026-04-11,2026-04-12,1
69,Smiths,,2026-04-18,2026-04-19,1
69,Smiths,,2026-04-25,2026-04-26,1
69,Smiths,,2026-05-01,2026-05-02,1
69,Smiths,,2026-05-08,2026-05-09,1
69,Smiths,,2026-05-15,2026-05-16,1
69,Smiths,,2026-05-22,2026-05-23,1
69,Smiths,,2026-05-29,2026-05-30,1
69,Smiths,,2026-06-06,2026-06-07,1
69,Smiths,,2026-06-13,2026-06-14,1
69,Smiths,,2026-06-20,2026-06-21,1
69,Smiths,,2026-06-25,2026-06-28,2
,"Plumbing mid fix ,bath ,showers cisterns",,2025-12-07,2025-12-08,1
,"Plumbing mid fix ,bath ,showers cisterns",,2025-12-14,2025-12-15,1
,"Plumbing mid fix ,bath ,showers cisterns",,2025-12-21,2025-12-22,1
,"Plumbing mid fix ,bath ,showers cisterns",,2025-12-28,2025-12-29,1
,"Plumbing mid fix ,bath ,showers cisterns",,2026-01-05,2026-01-13,7
,"Plumbing mid fix ,bath ,showers cisterns",,2026-01-18,2026-01-22,4
,"Plumbing mid fix ,bath ,showers cisterns",,2026-01-24,2026-01-27,2
,"Plumbing mid fix ,bath ,showers cisterns",,2026-01-30,2026-02-04,4
,"Plumbing mid fix ,bath ,showers cisterns",,2026-02-06,2026-02-10,3
,"Plumbing mid fix ,bath ,showers cisterns",,2026-02-15,2026-02-17,2
,"Plumbing mid fix ,bath ,showers cisterns",,2026-02-20,2026-02-27,6
,"Plumbing mid fix ,bath ,showers cisterns",,2026-03-06,2026-03-07,1
,"Plumbing mid fix ,bath ,showers cisterns",,2026-03-13,2026-03-14,1
,"Plumbing mid fix ,bath ,showers cisterns",,2026-03-20,2026-03-21,1
,"Plumbing mid fix ,bath ,showers cisterns",,2026-03-27,2026-03-28,1
,"Plumbing mid fix ,bath ,showers cisterns",,2026-04-04,2026-04-05,1
,"Plumbing mid fix ,bath ,showers cisterns",,2026-04-11,2026-04-12,1
,"Plumbing mid fix ,bath ,showers cisterns",,2026-04-18,2026-04-19,1
,"Plumbing mid fix ,bath ,showers cisterns",,2026-04-25,2026-04-26,1
,"Plumbing mid fix ,bath ,showers cisterns",,2026-05-01,2026-05-02,1
,"Plumbing mid fix ,bath ,showers cisterns",,2026-05-08,2026-05-09,1
,"Plumbing mid fix ,bath ,showers cisterns",,2026-05-15,2026-05-16,1
,"Plumbing mid fix ,bath ,showers cisterns",,2026-05-22,2026-05-23,1
,"Plumbing mid fix ,bath ,showers cisterns",,2026-05-29,2026-05-30,1
,"Plumbing mid fix ,bath ,showers cisterns",,2026-06-06,2026-06-07,1
,"Plumbing mid fix ,bath ,showers cisterns",,2026-06-13,2026-06-14,1
,"Plumbing mid fix ,bath ,showers cisterns",,2026-06-20,2026-06-21,1
,"Plumbing mid fix ,bath ,showers cisterns",,2026-06-25,2026-06-28,2
70,MCL,,2025-12-07,2025-12-08,1
70,MCL,,2025-12-14,2025-12-15,1
70,MCL,,2025-12-21,2025-12-22,1
70,MCL,,2025-12-28,2025-12-29,1
70,MCL,,2026-01-05,2026-01-06,2
70,MCL,,2026-01-08,2026-01-13,4
70,MCL,,2026-01-16,2026-01-22,5
70,MCL,,2026-01-24,2026-01-29,4
70,MCL,,2026-02-02,2026-02-03,2
70,MCL,,2026-02-06,2026-02-10,3
70,MCL,,2026-02-15,2026-02-17,2
70,MCL,,2026-02-22,2026-02-25,3
70,MCL,,2026-02-28,2026-03-03,2
70,MCL,,2026-03-06,2026-03-07,1
70,MCL,,2026-03-13,2026-03-14,1
70,MCL,,2026-03-20,2026-03-21,1
70,MCL,,2026-03-27,2026-03-28,1
70,MCL,,2026-04-04,2026-04-05,1
70,MCL,,2026-04-11,2026-04-12,1
70,MCL,,2026-04-18,2026-04-19,1
70,MCL,,2026-04-25,2026-04-26,1
70,MCL,,2026-05-01,2026-05-02,1
70,MCL,,2026-05-08,2026-05-09,1
70,MCL,,2026-05-15,2026-05-16,1
70,MCL,,2026-05-22,2026-05-23,1
70,MCL,,2026-05-29,2026-05-30,1
70,MCL,,2026-06-06,2026-06-07,1
70,MCL,,2026-06-13,2026-06-14,1
70,MCL,,2026-06-20,2026-06-21,1
70,MCL,,2026-06-25,2026-06-28,2
,service cupbaord -plywood flooring,,2025-12-07,2025-12-08,1
,service cupbaord -plywood flooring,,2025-12-14,2025-12-15,1
,service cupbaord -plywood flooring,,2025-12-21,2025-12-22,1
,service cupbaord -plywood flooring,,2025-12-28,2025-12-29,1
,service cupbaord -plywood flooring,,2026-01-05,2026-01-06,2
,service cupbaord -plywood flooring,,2026-01-12,2026-01-13,2
,service cupbaord -plywood flooring,,2026-01-19,2026-01-21,3
,service cupbaord -plywood flooring,,2026-01-24,2026-02-10,12
,service cupbaord -plywood flooring,,2026-02-15,2026-02-17,2
,service cupbaord -plywood flooring,,2026-02-22,2026-02-25,3
,service cupbaord -plywood flooring,,2026-03-02,2026-03-03,2
,service cupbaord -plywood flooring,,2026-03-06,2026-03-07,1
,service cupbaord -plywood flooring,,2026-03-13,2026-03-14,1
,service cupbaord -plywood flooring,,2026-03-20,2026-03-21,1
,service cupbaord -plywood flooring,,2026-03-27,2026-03-28,1
,service cupbaord -plywood flooring,,2026-04-04,2026-04-05,1
,service cupbaord -plywood flooring,,2026-04-11,2026-04-12,1
,service cupbaord -plywood flooring,,2026-04-18,2026-04-19,1
,service cupbaord -plywood flooring,,2026-04-25,2026-04-26,1
,service cupbaord -plywood flooring,,2026-05-01,2026-05-02,1
,service cupbaord -plywood flooring,,2026-05-08,2026-05-09,1
,service cupbaord -plywood flooring,,2026-05-15,2026-05-16,1
,service cupbaord -plywood flooring,,2026-05-22,2026-05-23,1
,service cupbaord -plywood flooring,,2026-05-29,2026-05-30,1
,service cupbaord -plywood flooring,,2026-06-06,2026-06-07,1
,service cupbaord -plywood flooring,,2026-06-13,2026-06-14,1
,service cupbaord -plywood flooring,,2026-06-20,2026-06-21,1
,service cupbaord -plywood flooring,,2026-06-25,2026-06-28,2
,service cupboard decoration,,2025-12-07,2025-12-08,1
,service cupboard decoration,,2025-12-14,2025-12-15,1
,service cupboard decoration,,2025-12-21,2025-12-22,1
,service cupboard decoration,,2025-12-28,2025-12-29,1
,service cupboard decoration,,2026-01-05,2026-01-06,2
,service cupboard decoration,,2026-01-12,2026-01-13,2
,service cupboard decoration,,2026-01-19,2026-01-21,3
,service cupboard decoration,,2026-01-23,2026-02-10,13
,service cupboard decoration,,2026-02-15,2026-02-17,2
,service cupboard decoration,,2026-02-22,2026-02-25,3
,service cupboard decoration,,2026-03-04,2026-03-07,3
,service cupboard decoration,,2026-03-13,2026-03-14,1
,service cupboard decoration,,2026-03-20,2026-03-21,1
,service cupboard decoration,,2026-03-27,2026-03-28,1
,service cupboard decoration,,2026-04-04,2026-04-05,1
,service cupboard decoration,,2026-04-11,2026-04-12,1
,service cupboard decoration,,2026-04-18,2026-04-19,1
,service cupboard decoration,,2026-04-25,2026-04-26,1
,service cupboard decoration,,2026-05-01,2026-05-02,1
,service cupboard decoration,,2026-05-08,2026-05-09,1
,service cupboard decoration,,2026-05-15,2026-05-16,1
,service cupboard decoration,,2026-05-22,2026-05-23,1
,service cupboard decoration,,2026-05-29,2026-05-30,1
,service cupboard decoration,,2026-06-06,2026-06-07,1
,service cupboard decoration,,2026-06-13,2026-06-14,1
,service cupboard decoration,,2026-06-20,2026-06-21,1
,service cupboard decoration,,2026-06-25,2026-06-28,2
72,Branniff,,2025-12-07,2025-12-08,1
72,Branniff,,2025-12-14,2025-12-15,1
72,Branniff,,2025-12-21,2025-12-22,1
72,Branniff,,2025-12-28,2025-12-29,1
72,Branniff,,2026-01-05,2026-01-06,2
72,Branniff,,2026-01-12,2026-01-13,2
72,Branniff,,2026-01-19,2026-02-03,12
72,Branniff,,2026-02-06,2026-02-10,3
72,Branniff,,2026-02-15,2026-02-17,2
72,Branniff,,2026-02-22,2026-02-25,3
72,Branniff,,2026-03-06,2026-03-07,1
72,Branniff,,2026-03-13,2026-03-14,1
72,Branniff,,2026-03-20,2026-03-21,1
72,Branniff,,2026-03-27,2026-03-28,1
72,Branniff,,2026-04-04,2026-04-05,1
72,Branniff,,2026-04-11,2026-04-12,1
72,Branniff,,2026-04-18,2026-04-19,1
72,Branniff,,2026-04-25,2026-04-26,1
72,Branniff,,2026-05-01,2026-05-02,1
72,Branniff,,2026-05-08,2026-05-09,1
72,Branniff,,2026-05-15,2026-05-16,1
72,Branniff,,2026-05-22,2026-05-23,1
72,Branniff,,2026-05-29,2026-05-30,1
72,Branniff,,2026-06-06,2026-06-07,1
72,Branniff,,2026-06-13,2026-06-14,1
72,Branniff,,2026-06-20,2026-06-21,1
72,Branniff,,2026-06-25,2026-06-28,2
,Amtico flooring /Bathrooms,,2025-12-07,2025-12-08,1
,Amtico flooring /Bathrooms,,2025-12-14,2025-12-15,1
,Amtico flooring /Bathrooms,,2025-12-21,2025-12-22,1
,Amtico flooring /Bathrooms,,2025-12-28,2025-12-29,1
,Amtico flooring /Bathrooms,,2026-01-05,2026-01-06,2
,Amtico flooring /Bathrooms,,2026-01-12,2026-01-13,2
,Amtico flooring /Bathrooms,,2026-01-19,2026-02-03,12
,Amtico flooring /Bathrooms,,2026-02-06,2026-02-10,3
,Amtico flooring /Bathrooms,,2026-02-15,2026-02-17,2
,Amtico flooring /Bathrooms,,2026-02-22,2026-02-25,3
,Amtico flooring /Bathrooms,,2026-03-06,2026-03-14,6
,Amtico flooring /Bathrooms,,2026-03-20,2026-03-21,1
,Amtico flooring /Bathrooms,,2026-03-27,2026-03-28,1
,Amtico flooring /Bathrooms,,2026-04-04,2026-04-05,1
,Amtico flooring /Bathrooms,,2026-04-11,2026-04-12,1
,Amtico flooring /Bathrooms,,2026-04-18,2026-04-19,1
,Amtico flooring /Bathrooms,,2026-04-25,2026-04-26,1
,Amtico flooring /Bathrooms,,2026-05-01,2026-05-02,1
,Amtico flooring /Bathrooms,,2026-05-08,2026-05-09,1
,Amtico flooring /Bathrooms,,2026-05-15,2026-05-16,1
,Amtico flooring /Bathrooms,,2026-05-22,2026-05-23,1
,Amtico flooring /Bathrooms,,2026-05-29,2026-05-30,1
,Amtico flooring /Bathrooms,,2026-06-06,2026-06-07,1
,Amtico flooring /Bathrooms,,2026-06-13,2026-06-14,1
,Amtico flooring /Bathrooms,,2026-06-20,2026-06-21,1
,Amtico flooring /Bathrooms,,2026-06-25,2026-06-28,2
,Plumbing second fix sanitaryware & pressure testing,,2025-12-07,2025-12-08,1
,Plumbing second fix sanitaryware & pressure testing,,2025-12-14,2025-12-15,1
,Plumbing second fix sanitaryware & pressure testing,,2025-12-21,2025-12-22,1
,Plumbing second fix sanitaryware & pressure testing,,2025-12-28,2025-12-29,1
,Plumbing second fix sanitaryware & pressure testing,,2026-01-05,2026-01-06,2
,Plumbing second fix sanitaryware & pressure testing,,2026-01-12,2026-01-13,2
,Plumbing second fix sanitaryware & pressure testing,,2026-01-19,2026-01-21,3
,Plumbing second fix sanitaryware & pressure testing,,2026-01-23,2026-02-03,8
,Plumbing second fix sanitaryware & pressure testing,,2026-02-06,2026-02-10,3
,Plumbing second fix sanitaryware & pressure testing,,2026-02-15,2026-02-17,2
,Plumbing second fix sanitaryware & pressure testing,,2026-02-22,2026-02-25,3
,Plumbing second fix sanitaryware & pressure testing,,2026-03-06,2026-03-07,1
,Plumbing second fix sanitaryware & pressure testing,,2026-03-13,2026-03-14,1
,Plumbing second fix sanitaryware & pressure testing,,2026-03-17,2026-03-23,5
,Plumbing second fix sanitaryware & pressure testing,,2026-03-27,2026-03-28,1
,Plumbing second fix sanitaryware & pressure testing,,2026-04-04,2026-04-05,1
,Plumbing second fix sanitaryware & pressure testing,,2026-04-11,2026-04-12,1
,Plumbing second fix sanitaryware & pressure testing,,2026-04-18,2026-04-19,1
,Plumbing second fix sanitaryware & pressure testing,,2026-04-25,2026-04-26,1
,Plumbing second fix sanitaryware & pressure testing,,2026-05-01,2026-05-02,1
,Plumbing second fix sanitaryware & pressure testing,,2026-05-08,2026-05-09,1
,Plumbing second fix sanitaryware & pressure testing,,2026-05-15,2026-05-16,1
,Plumbing second fix sanitaryware & pressure testing,,2026-05-22,2026-05-23,1
,Plumbing second fix sanitaryware & pressure testing,,2026-05-29,2026-05-30,1
,Plumbing second fix sanitaryware & pressure testing,,2026-06-06,2026-06-07,1
,Plumbing second fix sanitaryware & pressure testing,,2026-06-13,2026-06-14,1
,Plumbing second fix sanitaryware & pressure testing,,2026-06-20,2026-06-21,1
,Plumbing second fix sanitaryware & pressure testing,,2026-06-25,2026-06-28,2
,Electrical 2nd fix & live testing,,2025-12-07,2025-12-08,1
,Electrical 2nd fix & live testing,,2025-12-14,2025-12-15,1
,Electrical 2nd fix & live testing,,2025-12-21,2025-12-22,1
,Electrical 2nd fix & live testing,,2025-12-28,2025-12-29,1
,Electrical 2nd fix & live testing,,2026-01-05,2026-01-06,2
,Electrical 2nd fix & live testing,,2026-01-12,2026-01-13,2
,Electrical 2nd fix & live testing,,2026-01-19,2026-01-21,3
,Electrical 2nd fix & live testing,,2026-01-23,2026-02-03,8
,Electrical 2nd fix & live testing,,2026-02-06,2026-02-10,3
,Electrical 2nd fix & live testing,,2026-02-15,2026-02-17,2
,Electrical 2nd fix & live testing,,2026-02-22,2026-02-25,3
,Electrical 2nd fix & live testing,,2026-03-06,2026-03-07,1
,Electrical 2nd fix & live testing,,2026-03-13,2026-03-14,1
,Electrical 2nd fix & live testing,,2026-03-20,2026-03-21,1
,Electrical 2nd fix & live testing,,2026-03-24,2026-03-30,5
,Electrical 2nd fix & live testing,,2026-04-04,2026-04-05,1
,Electrical 2nd fix & live testing,,2026-04-11,2026-04-12,1
,Electrical 2nd fix & live testing,,2026-04-18,2026-04-19,1
,Electrical 2nd fix & live testing,,2026-04-25,2026-04-26,1
,Electrical 2nd fix & live testing,,2026-05-01,2026-05-02,1
,Electrical 2nd fix & live testing,,2026-05-08,2026-05-09,1
,Electrical 2nd fix & live testing,,2026-05-15,2026-05-16,1
,Electrical 2nd fix & live testing,,2026-05-22,2026-05-23,1
,Electrical 2nd fix & live testing,,2026-05-29,2026-05-30,1
,Electrical 2nd fix & live testing,,2026-06-06,2026-06-07,1
,Electrical 2nd fix & live testing,,2026-06-13,2026-06-14,1
,Electrical 2nd fix & live testing,,2026-06-20,2026-06-21,1
,Electrical 2nd fix & live testing,,2026-06-25,2026-06-28,2
,Builders clean,,2025-12-07,2025-12-08,1
,Builders clean,,2025-12-14,2025-12-15,1
,Builders clean,,2025-12-21,2025-12-22,1
,Builders clean,,2025-12-28,2025-12-29,1
,Builders clean,,2026-01-05,2026-01-06,2
,Builders clean,,2026-01-12,2026-01-13,2
,Builders clean,,2026-01-19,2026-01-21,3
,Builders clean,,2026-01-23,2026-02-10,13
,Builders clean,,2026-02-16,2026-02-17,2
,Builders clean,,2026-02-22,2026-02-25,3
,Builders clean,,2026-03-06,2026-03-07,1
,Builders clean,,2026-03-13,2026-03-14,1
,Builders clean,,2026-03-20,2026-03-21,1
,Builders clean,,2026-03-27,2026-03-28,1
,Builders clean,,2026-04-04,2026-04-05,1
,Builders clean,,2026-04-11,2026-04-12,1
,Builders clean,,2026-04-18,2026-04-19,1
,Builders clean,,2026-04-25,2026-04-26,1
,Builders clean,,2026-05-01,2026-05-02,1
,Builders clean,,2026-05-08,2026-05-09,1
,Builders clean,,2026-05-15,2026-05-16,1
,Builders clean,,2026-05-22,2026-05-23,1
,Builders clean,,2026-05-29,2026-05-30,1
,Builders clean,,2026-06-06,2026-06-07,1
,Builders clean,,2026-06-13,2026-06-14,1
,Builders clean,,2026-06-20,2026-06-21,1
,Builders clean,,2026-06-25,2026-06-28,2
,Pre -dec -snagging,,2025-12-07,2025-12-08,1
,Pre -dec -snagging,,2025-12-14,2025-12-15,1
,Pre -dec -snagging,,2025-12-21,2025-12-22,1
,Pre -dec -snagging,,2025-12-28,2025-12-29,1
,Pre -dec -snagging,,2026-01-05,2026-01-06,2
,Pre -dec -snagging,,2026-01-12,2026-01-13,2
,Pre -dec -snagging,,2026-01-19,2026-01-21,3
,Pre -dec -snagging,,2026-01-23,2026-02-04,9
,Pre -dec -snagging,,2026-02-06,2026-02-10,3
,Pre -dec -snagging,,2026-02-16,2026-02-17,2
,Pre -dec -snagging,,2026-02-22,2026-02-25,3
,Pre -dec -snagging,,2026-03-06,2026-03-07,1
,Pre -dec -snagging,,2026-03-13,2026-03-14,1
,Pre -dec -snagging,,2026-03-20,2026-03-21,1
,Pre -dec -snagging,,2026-03-27,2026-03-28,1
,Pre -dec -snagging,,2026-04-04,2026-04-05,1
,Pre -dec -snagging,,2026-04-11,2026-04-12,1
,Pre -dec -snagging,,2026-04-18,2026-04-19,1
,Pre -dec -snagging,,2026-04-25,2026-04-26,1
,Pre -dec -snagging,,2026-05-01,2026-05-02,1
,Pre -dec -snagging,,2026-05-08,2026-05-09,1
,Pre -dec -snagging,,2026-05-15,2026-05-16,1
,Pre -dec -snagging,,2026-05-22,2026-05-23,1
,Pre -dec -snagging,,2026-05-29,2026-05-30,1
,Pre -dec -snagging,,2026-06-06,2026-06-07,1
,Pre -dec -snagging,,2026-06-13,2026-06-14,1
,Pre -dec -snagging,,2026-06-20,2026-06-21,1
,Pre -dec -snagging,,2026-06-25,2026-06-28,2
,Decoration,,2025-12-07,2025-12-08,1
,Decoration,,2025-12-14,2025-12-15,1
,Decoration,,2025-12-21,2025-12-22,1
,Decoration,,2025-12-28,2025-12-29,1
,Decoration,,2026-01-05,2026-01-06,2
,Decoration,,2026-01-12,2026-01-13,2
,Decoration,,2026-01-19,2026-01-21,3
,Decoration,,2026-01-23,2026-02-04,9
,Decoration,,2026-02-06,2026-02-10,3
,Decoration,,2026-02-16,2026-02-17,2
,Decoration,,2026-02-22,2026-02-25,3
,Decoration,,2026-03-06,2026-03-07,1
,Decoration,,2026-03-13,2026-03-14,1
,Decoration,,2026-03-20,2026-03-21,1
,Decoration,,2026-03-27,2026-03-28,1
,Decoration,,2026-04-01,2026-04-07,5
,Decoration,,2026-04-11,2026-04-12,1
,Decoration,,2026-04-18,2026-04-19,1
,Decoration,,2026-04-25,2026-04-26,1
,Decoration,,2026-05-01,2026-05-02,1
,Decoration,,2026-05-08,2026-05-09,1
,Decoration,,2026-05-15,2026-05-16,1
,Decoration,,2026-05-22,2026-05-23,1
,Decoration,,2026-05-29,2026-05-30,1
,Decoration,,2026-06-06,2026-06-07,1
,Decoration,,2026-06-13,2026-06-14,1
,Decoration,,2026-06-20,2026-06-21,1
,Decoration,,2026-06-25,2026-06-28,2
,Amtico flooring /Carpets,,2025-12-07,2025-12-08,1
,Amtico flooring /Carpets,,2025-12-14,2025-12-15,1
,Amtico flooring /Carpets,,2025-12-21,2025-12-22,1
,Amtico flooring /Carpets,,2025-12-28,2025-12-29,1
,Amtico flooring /Carpets,,2026-01-05,2026-01-06,2
,Amtico flooring /Carpets,,2026-01-12,2026-01-13,2
,Amtico flooring /Carpets,,2026-01-19,2026-01-21,3
,Amtico flooring /Carpets,,2026-01-23,2026-02-04,9
,Amtico flooring /Carpets,,2026-02-06,2026-02-10,3
,Amtico flooring /Carpets,,2026-02-15,2026-02-17,2
,Amtico flooring /Carpets,,2026-02-22,2026-02-25,3
,Amtico flooring /Carpets,,2026-03-06,2026-03-07,1
,Amtico flooring /Carpets,,2026-03-13,2026-03-14,1
,Amtico flooring /Carpets,,2026-03-20,2026-03-21,1
,Amtico flooring /Carpets,,2026-03-27,2026-03-28,1
,Amtico flooring /Carpets,,2026-04-04,2026-04-05,1
,Amtico flooring /Carpets,,2026-04-08,2026-04-12,3
,Amtico flooring /Carpets,,2026-04-18,2026-04-19,1
,Amtico flooring /Carpets,,2026-04-25,2026-04-26,1
,Amtico flooring /Carpets,,2026-05-01,2026-05-02,1
,Amtico flooring /Carpets,,2026-05-08,2026-05-09,1
,Amtico flooring /Carpets,,2026-05-15,2026-05-16,1
,Amtico flooring /Carpets,,2026-05-22,2026-05-23,1
,Amtico flooring /Carpets,,2026-05-29,2026-05-30,1
,Amtico flooring /Carpets,,2026-06-06,2026-06-07,1
,Amtico flooring /Carpets,,2026-06-13,2026-06-14,1
,Amtico flooring /Carpets,,2026-06-20,2026-06-21,1
,Amtico flooring /Carpets,,2026-06-25,2026-06-28,2
,De snag all trades test & commision,,2025-12-07,2025-12-08,1
,De snag all trades test & commision,,2025-12-14,2025-12-15,1
,De snag all trades test & commision,,2025-12-21,2025-12-22,1
,De snag all trades test & commision,,2025-12-28,2025-12-29,1
,De snag all trades test & commision,,2026-01-05,2026-01-06,2
,De snag all trades test & commision,,2026-01-12,2026-01-13,2
,De snag all trades test & commision,,2026-01-19,2026-01-21,3
,De snag all trades test & commision,,2026-01-23,2026-02-04,9
,De snag all trades test & commision,,2026-02-06,2026-02-10,3
,De snag all trades test & commision,,2026-02-15,2026-02-17,2
,De snag all trades test & commision,,2026-02-22,2026-02-25,3
,De snag all trades test & commision,,2026-03-06,2026-03-07,1
,De snag all trades test & commision,,2026-03-13,2026-03-14,1
,De snag all trades test & commision,,2026-03-20,2026-03-21,1
,De snag all trades test & commision,,2026-03-27,2026-03-28,1
,De snag all trades test & commision,,2026-04-04,2026-04-05,1
,De snag all trades test & commision,,2026-04-11,2026-04-19,5
,De snag all trades test & commision,,2026-04-25,2026-04-26,1
,De snag all trades test & commision,,2026-05-01,2026-05-02,1
,De snag all trades test & commision,,2026-05-08,2026-05-09,1
,De snag all trades test & commision,,2026-05-15,2026-05-16,1
,De snag all trades test & commision,,2026-05-22,2026-05-23,1
,De snag all trades test & commision,,2026-05-29,2026-05-30,1
,De snag all trades test & commision,,2026-06-06,2026-06-07,1
,De snag all trades test & commision,,2026-06-13,2026-06-14,1
,De snag all trades test & commision,,2026-06-20,2026-06-21,1
,De snag all trades test & commision,,2026-06-25,2026-06-28,2
,Sparkle clean,,2025-12-07,2025-12-08,1
,Sparkle clean,,2025-12-14,2025-12-15,1
,Sparkle clean,,2025-12-21,2025-12-22,1
,Sparkle clean,,2025-12-28,2025-12-29,1
,Sparkle clean,,2026-01-05,2026-01-06,2
,Sparkle clean,,2026-01-12,2026-01-13,2
,Sparkle clean,,2026-01-19,2026-01-21,3
,Sparkle clean,,2026-01-23,2026-02-04,9
,Sparkle clean,,2026-02-06,2026-02-10,3
,Sparkle clean,,2026-02-15,2026-02-17,2
,Sparkle clean,,2026-02-22,2026-02-25,3
,Sparkle clean,,2026-03-06,2026-03-07,1
,Sparkle clean,,2026-03-13,2026-03-14,1
,Sparkle clean,,2026-03-20,2026-03-21,1
,Sparkle clean,,2026-03-27,2026-03-28,1
,Sparkle clean,,2026-04-04,2026-04-05,1
,Sparkle clean,,2026-04-11,2026-04-12,1
,Sparkle clean,,2026-04-18,2026-04-26,5
,Sparkle clean,,2026-05-01,2026-05-02,1
,Sparkle clean,,2026-05-08,2026-05-09,1
,Sparkle clean,,2026-05-15,2026-05-16,1
,Sparkle clean,,2026-05-22,2026-05-23,1
,Sparkle clean,,2026-05-29,2026-05-30,1
,Sparkle clean,,2026-06-06,2026-06-07,1
,Sparkle clean,,2026-06-13,2026-06-14,1
,Sparkle clean,,2026-06-20,2026-06-21,1
,Sparkle clean,,2026-06-25,2026-06-28,2
73,Mastic,,2025-12-07,2025-12-08,1
73,Mastic,,2025-12-14,2025-12-15,1
73,Mastic,,2025-12-21,2025-12-22,1
73,Mastic,,2025-12-28,2025-12-29,1
73,Mastic,,2026-01-05,2026-01-06,2
73,Mastic,,2026-01-12,2026-01-13,2
73,Mastic,,2026-01-19,2026-01-21,3
73,Mastic,,2026-01-23,2026-02-04,9
73,Mastic,,2026-02-06,2026-02-10,3
73,Mastic,,2026-02-15,2026-02-17,2
73,Mastic,,2026-02-22,2026-02-25,3
73,Mastic,,2026-03-06,2026-03-07,1
73,Mastic,,2026-03-13,2026-03-14,1
73,Mastic,,2026-03-20,2026-03-21,1
73,Mastic,,2026-03-27,2026-03-28,1
73,Mastic,,2026-04-04,2026-04-05,1
73,Mastic,,2026-04-11,2026-04-12,1
73,Mastic,,2026-04-18,2026-04-19,1
73,Mastic,,2026-04-25,2026-04-28,2
73,Mastic,,2026-05-01,2026-05-02,1
73,Mastic,,2026-05-08,2026-05-09,1
73,Mastic,,2026-05-15,2026-05-16,1
73,Mastic,,2026-05-22,2026-05-23,1
73,Mastic,,2026-05-29,2026-05-30,1
73,Mastic,,2026-06-06,2026-06-07,1
73,Mastic,,2026-06-13,2026-06-14,1
73,Mastic,,2026-06-20,2026-06-21,1
73,Mastic,,2026-06-25,2026-06-28,2
,Handover to client,,2025-12-07,2025-12-08,1
,Handover to client,,2025-12-14,2025-12-15,1
,Handover to client,,2025-12-21,2025-12-22,1
,Handover to client,,2025-12-28,2025-12-29,1
,Handover to client,,2026-01-05,2026-01-06,2
,Handover to client,,2026-01-12,2026-01-13,2
,Handover to client,,2026-01-19,2026-01-21,3
,Handover to client,,2026-01-23,2026-02-04,9
,Handover to client,,2026-02-06,2026-02-10,3
,Handover to client,,2026-02-15,2026-02-17,2
,Handover to client,,2026-02-22,2026-02-25,3
,Handover to client,,2026-03-06,2026-03-07,1
,Handover to client,,2026-03-13,2026-03-14,1
,Handover to client,,2026-03-20,2026-03-21,1
,Handover to client,,2026-03-27,2026-03-28,1
,Handover to client,,2026-04-04,2026-04-05,1
,Handover to client,,2026-04-11,2026-04-12,1
,Handover to client,,2026-04-18,2026-04-19,1
,Handover to client,,2026-04-25,2026-04-26,1
,Handover to client,,2026-05-01,2026-05-02,1
,Handover to client,,2026-05-08,2026-05-10,1
,Handover to client,,2026-05-15,2026-05-16,1
,Handover to client,,2026-05-22,2026-05-23,1
,Handover to client,,2026-05-29,2026-05-30,1
,Handover to client,,2026-06-06,2026-06-07,1
,Handover to client,,2026-06-13,2026-06-14,1
,Handover to client,,2026-06-20,2026-06-21,1
,Handover to client,,2026-06-25,2026-06-28,2
74,PANACEA,,2025-12-07,2025-12-08,1
74,PANACEA,,2025-12-14,2025-12-15,1
74,PANACEA,,2025-12-21,2025-12-22,1
74,PANACEA,,2025-12-28,2025-12-29,1
74,PANACEA,,2026-01-05,2026-01-06,2
74,PANACEA,,2026-01-12,2026-01-13,2
74,PANACEA,,2026-01-19,2026-01-21,3
74,PANACEA,,2026-01-25,2026-03-03,27
74,PANACEA,,2026-03-06,2026-03-07,1
74,PANACEA,,2026-03-13,2026-03-14,1
74,PANACEA,,2026-03-20,2026-03-21,1
74,PANACEA,,2026-03-27,2026-03-28,1
74,PANACEA,,2026-04-04,2026-04-05,1
74,PANACEA,,2026-04-11,2026-04-12,1
74,PANACEA,,2026-04-18,2026-04-19,1
74,PANACEA,,2026-04-25,2026-04-26,1
74,PANACEA,,2026-05-01,2026-05-02,1
74,PANACEA,,2026-05-08,2026-05-09,1
74,PANACEA,,2026-05-15,2026-05-16,1
74,PANACEA,,2026-05-22,2026-05-23,1
74,PANACEA,,2026-05-29,2026-05-30,1
74,PANACEA,,2026-06-06,2026-06-07,1
74,PANACEA,,2026-06-13,2026-06-14,1
74,PANACEA,,2026-06-20,2026-06-21,1
74,PANACEA,,2026-06-25,2026-06-28,2
75,Edencroft,,2025-12-07,2025-12-08,1
75,Edencroft,,2025-12-14,2025-12-15,1
75,Edencroft,,2025-12-21,2025-12-22,1
75,Edencroft,,2025-12-28,2025-12-29,1
75,Edencroft,,2026-01-05,2026-01-06,2
75,Edencroft,,2026-01-12,2026-01-13,2
75,Edencroft,,2026-01-19,2026-01-21,3
75,Edencroft,,2026-01-25,2026-03-03,27
75,Edencroft,,2026-03-06,2026-03-07,1
75,Edencroft,,2026-03-13,2026-03-14,1
75,Edencroft,,2026-03-20,2026-03-21,1
75,Edencroft,,2026-03-27,2026-03-28,1
75,Edencroft,,2026-04-04,2026-04-05,1
75,Edencroft,,2026-04-11,2026-04-12,1
75,Edencroft,,2026-04-18,2026-04-19,1
75,Edencroft,,2026-04-25,2026-04-26,1
75,Edencroft,,2026-05-01,2026-05-02,1
75,Edencroft,,2026-05-08,2026-05-09,1
75,Edencroft,,2026-05-15,2026-05-16,1
75,Edencroft,,2026-05-22,2026-05-23,1
75,Edencroft,,2026-05-29,2026-05-30,1
75,Edencroft,,2026-06-06,2026-06-07,1
75,Edencroft,,2026-06-13,2026-06-14,1
75,Edencroft,,2026-06-20,2026-06-21,1
75,Edencroft,,2026-06-25,2026-06-28,2
76,GPL,,2025-12-07,2025-12-08,1
76,GPL,,2025-12-14,2025-12-15,1
76,GPL,,2025-12-21,2025-12-22,1
76,GPL,,2025-12-28,2025-12-29,1
76,GPL,,2026-01-05,2026-01-06,2
76,GPL,,2026-01-12,2026-01-13,2
76,GPL,,2026-01-19,2026-01-21,3
76,GPL,,2026-01-25,2026-03-03,27
76,GPL,,2026-03-06,2026-03-07,1
76,GPL,,2026-03-13,2026-03-14,1
76,GPL,,2026-03-20,2026-03-21,1
76,GPL,,2026-03-27,2026-03-28,1
76,GPL,,2026-04-04,2026-04-05,1
76,GPL,,2026-04-11,2026-04-12,1
76,GPL,,2026-04-18,2026-04-19,1
76,GPL,,2026-04-25,2026-04-26,1
76,GPL,,2026-05-01,2026-05-02,1
76,GPL,,2026-05-08,2026-05-09,1
76,GPL,,2026-05-15,2026-05-16,1
76,GPL,,2026-05-22,2026-05-23,1
76,GPL,,2026-05-29,2026-05-30,1
76,GPL,,2026-06-06,2026-06-07,1
76,GPL,,2026-06-13,2026-06-14,1
76,GPL,,2026-06-20,2026-06-21,1
76,GPL,,2026-06-25,2026-06-28,2
77,ARMSTRONG,,2025-12-07,2025-12-08,1
77,ARMSTRONG,,2025-12-10,2025-12-11,2
77,ARMSTRONG,,2025-12-14,2025-12-15,1
77,ARMSTRONG,,2025-12-21,2025-12-22,1
77,ARMSTRONG,,2025-12-28,2025-12-29,1
77,ARMSTRONG,,2026-01-05,2026-01-06,2
77,ARMSTRONG,,2026-01-12,2026-01-13,2
77,ARMSTRONG,,2026-01-19,2026-01-21,3
77,ARMSTRONG,,2026-01-25,2026-03-03,27
77,ARMSTRONG,,2026-03-06,2026-03-07,1
77,ARMSTRONG,,2026-03-13,2026-03-14,1
77,ARMSTRONG,,2026-03-20,2026-03-21,1
77,ARMSTRONG,,2026-03-27,2026-03-28,1
77,ARMSTRONG,,2026-04-04,2026-04-05,1
77,ARMSTRONG,,2026-04-11,2026-04-12,1
77,ARMSTRONG,,2026-04-18,2026-04-19,1
77,ARMSTRONG,,2026-04-25,2026-04-26,1
77,ARMSTRONG,,2026-05-01,2026-05-02,1
77,ARMSTRONG,,2026-05-08,2026-05-09,1
77,ARMSTRONG,,2026-05-15,2026-05-16,1
77,ARMSTRONG,,2026-05-22,2026-05-23,1
77,ARMSTRONG,,2026-05-29,2026-05-30,1
77,ARMSTRONG,,2026-06-06,2026-06-07,1
77,ARMSTRONG,,2026-06-13,2026-06-14,1
77,ARMSTRONG,,2026-06-20,2026-06-21,1
77,ARMSTRONG,,2026-06-25,2026-06-28,2
,Ceilings board,,2025-12-07,2025-12-15,6
,Ceilings board,,2025-12-21,2025-12-22,1
,Ceilings board,,2025-12-28,2025-12-29,1
,Ceilings board,,2026-01-05,2026-01-06,2
,Ceilings board,,2026-01-12,2026-01-13,2
,Ceilings board,,2026-01-19,2026-01-21,3
,Ceilings board,,2026-01-25,2026-03-03,27
,Ceilings board,,2026-03-06,2026-03-07,1
,Ceilings board,,2026-03-13,2026-03-14,1
,Ceilings board,,2026-03-20,2026-03-21,1
,Ceilings board,,2026-03-27,2026-03-28,1
,Ceilings board,,2026-04-04,2026-04-05,1
,Ceilings board,,2026-04-11,2026-04-12,1
,Ceilings board,,2026-04-18,2026-04-19,1
,Ceilings board,,2026-04-25,2026-04-26,1
,Ceilings board,,2026-05-01,2026-05-02,1
,Ceilings board,,2026-05-08,2026-05-09,1
,Ceilings board,,2026-05-15,2026-05-16,1
,Ceilings board,,2026-05-22,2026-05-23,1
,Ceilings board,,2026-05-29,2026-05-30,1
,Ceilings board,,2026-06-06,2026-06-07,1
,Ceilings board,,2026-06-13,2026-06-14,1
,Ceilings board,,2026-06-20,2026-06-21,1
,Ceilings board,,2026-06-25,2026-06-28,2
,Plaster spray,,2025-12-07,2025-12-15,6
,Plaster spray,,2025-12-21,2025-12-22,1
,Plaster spray,,2025-12-28,2025-12-29,1
,Plaster spray,,2026-01-05,2026-01-06,2
,Plaster spray,,2026-01-12,2026-01-13,2
,Plaster spray,,2026-01-19,2026-01-21,3
,Plaster spray,,2026-01-25,2026-03-03,27
,Plaster spray,,2026-03-06,2026-03-07,1
,Plaster spray,,2026-03-13,2026-03-14,1
,Plaster spray,,2026-03-20,2026-03-21,1
,Plaster spray,,2026-03-27,2026-03-28,1
,Plaster spray,,2026-04-04,2026-04-05,1
,Plaster spray,,2026-04-11,2026-04-12,1
,Plaster spray,,2026-04-18,2026-04-19,1
,Plaster spray,,2026-04-25,2026-04-26,1
,Plaster spray,,2026-05-01,2026-05-02,1
,Plaster spray,,2026-05-08,2026-05-09,1
,Plaster spray,,2026-05-15,2026-05-16,1
,Plaster spray,,2026-05-22,2026-05-23,1
,Plaster spray,,2026-05-29,2026-05-30,1
,Plaster spray,,2026-06-06,2026-06-07,1
,Plaster spray,,2026-06-13,2026-06-14,1
,Plaster spray,,2026-06-20,2026-06-21,1
,Plaster spray,,2026-06-25,2026-06-28,2
,Levveling screed /smoothing compound,,2025-12-07,2025-12-08,1
,Levveling screed /smoothing compound,,2025-12-14,2025-12-15,1
,Levveling screed /smoothing compound,,2025-12-21,2025-12-22,1
,Levveling screed /smoothing compound,,2025-12-28,2025-12-29,1
,Levveling screed /smoothing compound,,2026-01-05,2026-01-06,2
,Levveling screed /smoothing compound,,2026-01-12,2026-01-13,2
,Levveling screed /smoothing compound,,2026-01-19,2026-01-21,3
,Levveling screed /smoothing compound,,2026-01-25,2026-03-03,27
,Levveling screed /smoothing compound,,2026-03-06,2026-03-07,1
,Levveling screed /smoothing compound,,2026-03-13,2026-03-14,1
,Levveling screed /smoothing compound,,2026-03-20,2026-03-21,1
,Levveling screed /smoothing compound,,2026-03-27,2026-03-28,1
,Levveling screed /smoothing compound,,2026-04-04,2026-04-05,1
,Levveling screed /smoothing compound,,2026-04-11,2026-04-12,1
,Levveling screed /smoothing compound,,2026-04-18,2026-04-19,1
,Levveling screed /smoothing compound,,2026-04-25,2026-04-26,1
,Levveling screed /smoothing compound,,2026-05-01,2026-05-02,1
,Levveling screed /smoothing compound,,2026-05-08,2026-05-09,1
,Levveling screed /smoothing compound,,2026-05-15,2026-05-16,1
,Levveling screed /smoothing compound,,2026-05-22,2026-05-23,1
,Levveling screed /smoothing compound,,2026-05-29,2026-05-30,1
,Levveling screed /smoothing compound,,2026-06-06,2026-06-07,1
,Levveling screed /smoothing compound,,2026-06-13,2026-06-14,1
,Levveling screed /smoothing compound,,2026-06-20,2026-06-21,1
,Levveling screed /smoothing compound,,2026-06-25,2026-06-28,2
78,Drying out,,2025-12-07,2025-12-08,1
78,Drying out,,2025-12-14,2025-12-15,1
78,Drying out,,2025-12-21,2025-12-22,1
78,Drying out,,2025-12-28,2025-12-29,1
78,Drying out,,2026-01-05,2026-01-06,2
78,Drying out,,2026-01-12,2026-01-13,2
78,Drying out,,2026-01-19,2026-01-21,3
78,Drying out,,2026-01-25,2026-03-03,27
78,Drying out,,2026-03-06,2026-03-07,1
78,Drying out,,2026-03-13,2026-03-14,1
78,Drying out,,2026-03-20,2026-03-21,1
78,Drying out,,2026-03-27,2026-03-28,1
78,Drying out,,2026-04-04,2026-04-05,1
78,Drying out,,2026-04-11,2026-04-12,1
78,Drying out,,2026-04-18,2026-04-19,1
78,Drying out,,2026-04-25,2026-04-26,1
78,Drying out,,2026-05-01,2026-05-02,1
78,Drying out,,2026-05-08,2026-05-09,1
78,Drying out,,2026-05-15,2026-05-16,1
78,Drying out,,2026-05-22,2026-05-23,1
78,Drying out,,2026-05-29,2026-05-30,1
78,Drying out,,2026-06-06,2026-06-07,1
78,Drying out,,2026-06-13,2026-06-14,1
78,Drying out,,2026-06-20,2026-06-21,1
78,Drying out,,2026-06-25,2026-06-28,2
79,MCL,,2025-12-07,2025-12-08,1
79,MCL,,2025-12-14,2025-12-15,1
79,MCL,,2025-12-21,2025-12-22,1
79,MCL,,2025-12-28,2025-12-29,1
79,MCL,,2026-01-05,2026-01-06,2
79,MCL,,2026-01-12,2026-01-13,2
79,MCL,,2026-01-19,2026-01-21,3
79,MCL,,2026-01-25,2026-03-03,27
79,MCL,,2026-03-06,2026-03-07,1
79,MCL,,2026-03-13,2026-03-14,1
79,MCL,,2026-03-20,2026-03-21,1
79,MCL,,2026-03-27,2026-03-28,1
79,MCL,,2026-04-04,2026-04-05,1
79,MCL,,2026-04-11,2026-04-12,1
79,MCL,,2026-04-18,2026-04-19,1
79,MCL,,2026-04-25,2026-04-26,1
79,MCL,,2026-05-01,2026-05-02,1
79,MCL,,2026-05-08,2026-05-09,1
79,MCL,,2026-05-15,2026-05-16,1
79,MCL,,2026-05-22,2026-05-23,1
79,MCL,,2026-05-29,2026-05-30,1
79,MCL,,2026-06-06,2026-06-07,1
79,MCL,,2026-06-13,2026-06-14,1
79,MCL,,2026-06-20,2026-06-21,1
79,MCL,,2026-06-25,2026-06-28,2
,Vanity 1st fix framing,,2025-12-07,2025-12-08,1
,Vanity 1st fix framing,,2025-12-14,2025-12-15,1
,Vanity 1st fix framing,,2025-12-21,2025-12-22,1
,Vanity 1st fix framing,,2025-12-28,2025-12-29,1
,Vanity 1st fix framing,,2026-01-05,2026-01-06,2
,Vanity 1st fix framing,,2026-01-12,2026-01-13,2
,Vanity 1st fix framing,,2026-01-19,2026-01-21,3
,Vanity 1st fix framing,,2026-01-25,2026-03-03,27
,Vanity 1st fix framing,,2026-03-06,2026-03-07,1
,Vanity 1st fix framing,,2026-03-13,2026-03-14,1
,Vanity 1st fix framing,,2026-03-20,2026-03-21,1
,Vanity 1st fix framing,,2026-03-27,2026-03-28,1
,Vanity 1st fix framing,,2026-04-04,2026-04-05,1
,Vanity 1st fix framing,,2026-04-11,2026-04-12,1
,Vanity 1st fix framing,,2026-04-18,2026-04-19,1
,Vanity 1st fix framing,,2026-04-25,2026-04-26,1
,Vanity 1st fix framing,,2026-05-01,2026-05-02,1
,Vanity 1st fix framing,,2026-05-08,2026-05-09,1
,Vanity 1st fix framing,,2026-05-15,2026-05-16,1
,Vanity 1st fix framing,,2026-05-22,2026-05-23,1
,Vanity 1st fix framing,,2026-05-29,2026-05-30,1
,Vanity 1st fix framing,,2026-06-06,2026-06-07,1
,Vanity 1st fix framing,,2026-06-13,2026-06-14,1
,Vanity 1st fix framing,,2026-06-20,2026-06-21,1
,Vanity 1st fix framing,,2026-06-25,2026-06-28,2
80,PANACEA,,2025-12-07,2025-12-08,1
80,PANACEA,,2025-12-10,2025-12-15,4
80,PANACEA,,2025-12-21,2025-12-22,1
80,PANACEA,,2025-12-28,2025-12-29,1
80,PANACEA,,2026-01-05,2026-01-06,2
80,PANACEA,,2026-01-12,2026-01-13,2
80,PANACEA,,2026-01-19,2026-01-21,3
80,PANACEA,,2026-01-25,2026-03-03,27
80,PANACEA,,2026-03-06,2026-03-14,6
80,PANACEA,,2026-03-20,2026-03-21,1
80,PANACEA,,2026-03-27,2026-03-28,1
80,PANACEA,,2026-04-04,2026-04-05,1
80,PANACEA,,2026-04-11,2026-04-12,1
80,PANACEA,,2026-04-18,2026-04-19,1
80,PANACEA,,2026-04-25,2026-04-26,1
80,PANACEA,,2026-05-01,2026-05-02,1
80,PANACEA,,2026-05-08,2026-05-09,1
80,PANACEA,,2026-05-15,2026-05-16,1
80,PANACEA,,2026-05-22,2026-05-23,1
80,PANACEA,,2026-05-29,2026-05-30,1
80,PANACEA,,2026-06-06,2026-06-07,1
80,PANACEA,,2026-06-13,2026-06-14,1
80,PANACEA,,2026-06-20,2026-06-21,1
80,PANACEA,,2026-06-25,2026-06-28,2
,"Plumbing mid fix ,bath ,showers cisterns",,2025-12-07,2025-12-08,1
,"Plumbing mid fix ,bath ,showers cisterns",,2025-12-10,2025-12-15,4
,"Plumbing mid fix ,bath ,showers cisterns",,2025-12-21,2025-12-22,1
,"Plumbing mid fix ,bath ,showers cisterns",,2025-12-28,2025-12-29,1
,"Plumbing mid fix ,bath ,showers cisterns",,2026-01-05,2026-01-06,2
,"Plumbing mid fix ,bath ,showers cisterns",,2026-01-12,2026-01-13,2
,"Plumbing mid fix ,bath ,showers cisterns",,2026-01-19,2026-01-21,3
,"Plumbing mid fix ,bath ,showers cisterns",,2026-01-25,2026-03-03,27
,"Plumbing mid fix ,bath ,showers cisterns",,2026-03-06,2026-03-07,1
,"Plumbing mid fix ,bath ,showers cisterns",,2026-03-13,2026-03-14,1
,"Plumbing mid fix ,bath ,showers cisterns",,2026-03-20,2026-03-21,1
,"Plumbing mid fix ,bath ,showers cisterns",,2026-03-27,2026-03-28,1
,"Plumbing mid fix ,bath ,showers cisterns",,2026-04-04,2026-04-05,1
,"Plumbing mid fix ,bath ,showers cisterns",,2026-04-11,2026-04-12,1
,"Plumbing mid fix ,bath ,showers cisterns",,2026-04-18,2026-04-19,1
,"Plumbing mid fix ,bath ,showers cisterns",,2026-04-25,2026-04-26,1
,"Plumbing mid fix ,bath ,showers cisterns",,2026-05-01,2026-05-02,1
,"Plumbing mid fix ,bath ,showers cisterns",,2026-05-08,2026-05-09,1
,"Plumbing mid fix ,bath ,showers cisterns",,2026-05-15,2026-05-16,1
,"Plumbing mid fix ,bath ,showers cisterns",,2026-05-22,2026-05-23,1
,"Plumbing mid fix ,bath ,showers cisterns",,2026-05-29,2026-05-30,1
,"Plumbing mid fix ,bath ,showers cisterns",,2026-06-06,2026-06-07,1
,"Plumbing mid fix ,bath ,showers cisterns",,2026-06-13,2026-06-14,1
,"Plumbing mid fix ,bath ,showers cisterns",,2026-06-20,2026-06-21,1
,"Plumbing mid fix ,bath ,showers cisterns",,2026-06-25,2026-06-28,2
81,TECL,,2025-12-07,2025-12-08,1
81,TECL,,2025-12-14,2025-12-22,6
81,TECL,,2025-12-28,2025-12-29,1
81,TECL,,2026-01-05,2026-01-06,2
81,TECL,,2026-01-12,2026-01-13,2
81,TECL,,2026-01-19,2026-01-21,3
81,TECL,,2026-01-25,2026-03-10,32
81,TECL,,2026-03-13,2026-03-14,1
81,TECL,,2026-03-20,2026-03-21,1
81,TECL,,2026-03-27,2026-03-28,1
81,TECL,,2026-04-04,2026-04-05,1
81,TECL,,2026-04-11,2026-04-12,1
81,TECL,,2026-04-18,2026-04-19,1
81,TECL,,2026-04-25,2026-04-26,1
81,TECL,,2026-05-01,2026-05-02,1
81,TECL,,2026-05-08,2026-05-09,1
81,TECL,,2026-05-15,2026-05-16,1
81,TECL,,2026-05-22,2026-05-23,1
81,TECL,,2026-05-29,2026-05-30,1
81,TECL,,2026-06-06,2026-06-07,1
81,TECL,,2026-06-13,2026-06-14,1
81,TECL,,2026-06-20,2026-06-21,1
81,TECL,,2026-06-25,2026-06-28,2
,Floor and wall tiling JD tiling,,2025-12-07,2025-12-08,1
,Floor and wall tiling JD tiling,,2025-12-14,2025-12-15,1
,Floor and wall tiling JD tiling,,2025-12-21,2025-12-26,5
,Floor and wall tiling JD tiling,,2025-12-28,2025-12-29,1
,Floor and wall tiling JD tiling,,2026-01-05,2026-01-06,2
,Floor and wall tiling JD tiling,,2026-01-12,2026-01-13,2
,Floor and wall tiling JD tiling,,2026-01-19,2026-01-21,3
,Floor and wall tiling JD tiling,,2026-01-25,2026-03-08,30
,Floor and wall tiling JD tiling,,2026-03-13,2026-03-14,1
,Floor and wall tiling JD tiling,,2026-03-20,2026-03-21,1
,Floor and wall tiling JD tiling,,2026-03-27,2026-03-28,1
,Floor and wall tiling JD tiling,,2026-04-04,2026-04-05,1
,Floor and wall tiling JD tiling,,2026-04-11,2026-04-12,1
,Floor and wall tiling JD tiling,,2026-04-18,2026-04-19,1
,Floor and wall tiling JD tiling,,2026-04-25,2026-04-26,1
,Floor and wall tiling JD tiling,,2026-05-01,2026-05-02,1
,Floor and wall tiling JD tiling,,2026-05-08,2026-05-09,1
,Floor and wall tiling JD tiling,,2026-05-15,2026-05-16,1
,Floor and wall tiling JD tiling,,2026-05-22,2026-05-23,1
,Floor and wall tiling JD tiling,,2026-05-29,2026-05-30,1
,Floor and wall tiling JD tiling,,2026-06-06,2026-06-07,1
,Floor and wall tiling JD tiling,,2026-06-13,2026-06-14,1
,Floor and wall tiling JD tiling,,2026-06-20,2026-06-21,1
,Floor and wall tiling JD tiling,,2026-06-25,2026-06-28,2
82,service cupbaord -plywood flooring,,2025-12-07,2025-12-08,1
82,service cupbaord -plywood flooring,,2025-12-14,2025-12-15,1
82,service cupbaord -plywood flooring,,2025-12-21,2025-12-22,1
82,service cupbaord -plywood flooring,,2025-12-27,2025-12-29,1
82,service cupbaord -plywood flooring,,2026-01-05,2026-01-06,2
82,service cupbaord -plywood flooring,,2026-01-12,2026-01-13,2
82,service cupbaord -plywood flooring,,2026-01-19,2026-01-21,3
82,service cupbaord -plywood flooring,,2026-01-25,2026-03-03,27
82,service cupbaord -plywood flooring,,2026-03-06,2026-03-07,1
82,service cupbaord -plywood flooring,,2026-03-09,2026-03-10,2
82,service cupbaord -plywood flooring,,2026-03-13,2026-03-14,1
82,service cupbaord -plywood flooring,,2026-03-20,2026-03-21,1
82,service cupbaord -plywood flooring,,2026-03-27,2026-03-28,1
82,service cupbaord -plywood flooring,,2026-04-04,2026-04-05,1
82,service cupbaord -plywood flooring,,2026-04-11,2026-04-12,1
82,service cupbaord -plywood flooring,,2026-04-18,2026-04-19,1
82,service cupbaord -plywood flooring,,2026-04-25,2026-04-26,1
82,service cupbaord -plywood flooring,,2026-05-01,2026-05-02,1
82,service cupbaord -plywood flooring,,2026-05-08,2026-05-09,1
82,service cupbaord -plywood flooring,,2026-05-15,2026-05-16,1
82,service cupbaord -plywood flooring,,2026-05-22,2026-05-23,1
82,service cupbaord -plywood flooring,,2026-05-29,2026-05-30,1
82,service cupbaord -plywood flooring,,2026-06-06,2026-06-07,1
82,service cupbaord -plywood flooring,,2026-06-13,2026-06-14,1
82,service cupbaord -plywood flooring,,2026-06-20,2026-06-21,1
82,service cupbaord -plywood flooring,,2026-06-25,2026-06-28,2
83,MCL,,2025-12-07,2025-12-08,1
83,MCL,,2025-12-14,2025-12-15,1
83,MCL,,2025-12-21,2025-12-22,1
83,MCL,,2025-12-28,2025-12-29,1
83,MCL,,2026-01-05,2026-01-06,2
83,MCL,,2026-01-12,2026-01-13,2
83,MCL,,2026-01-19,2026-01-21,3
83,MCL,,2026-01-25,2026-03-03,27
83,MCL,,2026-03-06,2026-03-07,1
83,MCL,,2026-03-11,2026-03-14,3
83,MCL,,2026-03-20,2026-03-21,1
83,MCL,,2026-03-27,2026-03-28,1
83,MCL,,2026-04-04,2026-04-05,1
83,MCL,,2026-04-11,2026-04-12,1
83,MCL,,2026-04-18,2026-04-19,1
83,MCL,,2026-04-25,2026-04-26,1
83,MCL,,2026-05-01,2026-05-02,1
83,MCL,,2026-05-08,2026-05-09,1
83,MCL,,2026-05-15,2026-05-16,1
83,MCL,,2026-05-22,2026-05-23,1
83,MCL,,2026-05-29,2026-05-30,1
83,MCL,,2026-06-06,2026-06-07,1
83,MCL,,2026-06-13,2026-06-14,1
83,MCL,,2026-06-20,2026-06-21,1
83,MCL,,2026-06-25,2026-06-28,2
85,PANACEA,,2025-12-07,2025-12-08,1
85,PANACEA,,2025-12-14,2025-12-15,1
85,PANACEA,,2025-12-21,2025-12-29,6
85,PANACEA,,2026-01-05,2026-01-06,2
85,PANACEA,,2026-01-12,2026-01-13,2
85,PANACEA,,2026-01-19,2026-01-21,3
85,PANACEA,,2026-01-25,2026-03-03,27
85,PANACEA,,2026-03-06,2026-03-07,1
85,PANACEA,,2026-03-13,2026-03-14,1
85,PANACEA,,2026-03-20,2026-03-21,1
85,PANACEA,,2026-03-27,2026-03-28,1
85,PANACEA,,2026-04-04,2026-04-05,1
85,PANACEA,,2026-04-11,2026-04-12,1
85,PANACEA,,2026-04-18,2026-04-19,1
85,PANACEA,,2026-04-25,2026-04-26,1
85,PANACEA,,2026-05-01,2026-05-02,1
85,PANACEA,,2026-05-08,2026-05-09,1
85,PANACEA,,2026-05-15,2026-05-16,1
85,PANACEA,,2026-05-22,2026-05-23,1
85,PANACEA,,2026-05-29,2026-05-30,1
85,PANACEA,,2026-06-06,2026-06-07,1
85,PANACEA,,2026-06-13,2026-06-14,1
85,PANACEA,,2026-06-20,2026-06-21,1
85,PANACEA,,2026-06-25,2026-06-28,2
,Amtico flooring /Bathrooms,,2025-12-07,2025-12-08,1
,Amtico flooring /Bathrooms,,2025-12-14,2025-12-15,1
,Amtico flooring /Bathrooms,,2025-12-21,2025-12-29,6
,Amtico flooring /Bathrooms,,2026-01-05,2026-01-06,2
,Amtico flooring /Bathrooms,,2026-01-12,2026-01-13,2
,Amtico flooring /Bathrooms,,2026-01-19,2026-01-21,3
,Amtico flooring /Bathrooms,,2026-01-25,2026-03-03,27
,Amtico flooring /Bathrooms,,2026-03-06,2026-03-07,1
,Amtico flooring /Bathrooms,,2026-03-13,2026-03-21,6
,Amtico flooring /Bathrooms,,2026-03-27,2026-03-28,1
,Amtico flooring /Bathrooms,,2026-04-04,2026-04-05,1
,Amtico flooring /Bathrooms,,2026-04-11,2026-04-12,1
,Amtico flooring /Bathrooms,,2026-04-18,2026-04-19,1
,Amtico flooring /Bathrooms,,2026-04-25,2026-04-26,1
,Amtico flooring /Bathrooms,,2026-05-01,2026-05-02,1
,Amtico flooring /Bathrooms,,2026-05-08,2026-05-09,1
,Amtico flooring /Bathrooms,,2026-05-15,2026-05-16,1
,Amtico flooring /Bathrooms,,2026-05-22,2026-05-23,1
,Amtico flooring /Bathrooms,,2026-05-29,2026-05-30,1
,Amtico flooring /Bathrooms,,2026-06-06,2026-06-07,1
,Amtico flooring /Bathrooms,,2026-06-13,2026-06-14,1
,Amtico flooring /Bathrooms,,2026-06-20,2026-06-21,1
,Amtico flooring /Bathrooms,,2026-06-25,2026-06-28,2
,Plumbing second fix sanitaryware & pressure testing,,2025-12-07,2025-12-08,1
,Plumbing second fix sanitaryware & pressure testing,,2025-12-14,2025-12-15,1
,Plumbing second fix sanitaryware & pressure testing,,2025-12-21,2025-12-22,1
,Plumbing second fix sanitaryware & pressure testing,,2025-12-26,2025-12-29,2
,Plumbing second fix sanitaryware & pressure testing,,2026-01-05,2026-01-06,2
,Plumbing second fix sanitaryware & pressure testing,,2026-01-12,2026-01-13,2
,Plumbing second fix sanitaryware & pressure testing,,2026-01-19,2026-01-21,3
,Plumbing second fix sanitaryware & pressure testing,,2026-01-25,2026-03-03,27
,Plumbing second fix sanitaryware & pressure testing,,2026-03-06,2026-03-07,1
,Plumbing second fix sanitaryware & pressure testing,,2026-03-13,2026-03-14,1
,Plumbing second fix sanitaryware & pressure testing,,2026-03-20,2026-03-21,1
,Plumbing second fix sanitaryware & pressure testing,,2026-03-23,2026-03-29,5
,Plumbing second fix sanitaryware & pressure testing,,2026-04-04,2026-04-05,1
,Plumbing second fix sanitaryware & pressure testing,,2026-04-11,2026-04-12,1
,Plumbing second fix sanitaryware & pressure testing,,2026-04-18,2026-04-19,1
,Plumbing second fix sanitaryware & pressure testing,,2026-04-25,2026-04-26,1
,Plumbing second fix sanitaryware & pressure testing,,2026-05-01,2026-05-02,1
,Plumbing second fix sanitaryware & pressure testing,,2026-05-08,2026-05-09,1
,Plumbing second fix sanitaryware & pressure testing,,2026-05-15,2026-05-16,1
,Plumbing second fix sanitaryware & pressure testing,,2026-05-22,2026-05-23,1
,Plumbing second fix sanitaryware & pressure testing,,2026-05-29,2026-05-30,1
,Plumbing second fix sanitaryware & pressure testing,,2026-06-06,2026-06-07,1
,Plumbing second fix sanitaryware & pressure testing,,2026-06-13,2026-06-14,1
,Plumbing second fix sanitaryware & pressure testing,,2026-06-20,2026-06-21,1
,Plumbing second fix sanitaryware & pressure testing,,2026-06-25,2026-06-28,2
,Electrical 2nd fix & live testing,,2025-12-07,2025-12-08,1
,Electrical 2nd fix & live testing,,2025-12-14,2025-12-15,1
,Electrical 2nd fix & live testing,,2025-12-21,2025-12-22,1
,Electrical 2nd fix & live testing,,2025-12-28,2026-01-06,7
,Electrical 2nd fix & live testing,,2026-01-12,2026-01-13,2
,Electrical 2nd fix & live testing,,2026-01-19,2026-01-21,3
,Electrical 2nd fix & live testing,,2026-01-25,2026-03-03,27
,Electrical 2nd fix & live testing,,2026-03-06,2026-03-07,1
,Electrical 2nd fix & live testing,,2026-03-13,2026-03-14,1
,Electrical 2nd fix & live testing,,2026-03-20,2026-03-21,1
,Electrical 2nd fix & live testing,,2026-03-27,2026-03-28,1
,Electrical 2nd fix & live testing,,2026-03-30,2026-04-06,6
,Electrical 2nd fix & live testing,,2026-04-11,2026-04-12,1
,Electrical 2nd fix & live testing,,2026-04-18,2026-04-19,1
,Electrical 2nd fix & live testing,,2026-04-25,2026-04-26,1
,Electrical 2nd fix & live testing,,2026-05-01,2026-05-02,1
,Electrical 2nd fix & live testing,,2026-05-08,2026-05-09,1
,Electrical 2nd fix & live testing,,2026-05-15,2026-05-16,1
,Electrical 2nd fix & live testing,,2026-05-22,2026-05-23,1
,Electrical 2nd fix & live testing,,2026-05-29,2026-05-30,1
,Electrical 2nd fix & live testing,,2026-06-06,2026-06-07,1
,Electrical 2nd fix & live testing,,2026-06-13,2026-06-14,1
,Electrical 2nd fix & live testing,,2026-06-20,2026-06-21,1
,Electrical 2nd fix & live testing,,2026-06-25,2026-06-28,2
86,PANACEA,,2025-12-07,2025-12-08,1
86,PANACEA,,2025-12-14,2025-12-15,1
86,PANACEA,,2025-12-21,2025-12-22,1
86,PANACEA,,2025-12-28,2025-12-29,1
86,PANACEA,,2026-01-05,2026-01-13,7
86,PANACEA,,2026-01-19,2026-01-21,3
86,PANACEA,,2026-01-25,2026-03-03,27
86,PANACEA,,2026-03-06,2026-03-07,1
86,PANACEA,,2026-03-13,2026-03-14,1
86,PANACEA,,2026-03-20,2026-03-21,1
86,PANACEA,,2026-03-27,2026-03-28,1
86,PANACEA,,2026-04-04,2026-04-05,1
86,PANACEA,,2026-04-11,2026-04-12,1
86,PANACEA,,2026-04-18,2026-04-19,1
86,PANACEA,,2026-04-25,2026-04-26,1
86,PANACEA,,2026-05-01,2026-05-02,1
86,PANACEA,,2026-05-08,2026-05-09,1
86,PANACEA,,2026-05-15,2026-05-16,1
86,PANACEA,,2026-05-22,2026-05-23,1
86,PANACEA,,2026-05-29,2026-05-30,1
86,PANACEA,,2026-06-06,2026-06-07,1
86,PANACEA,,2026-06-13,2026-06-14,1
86,PANACEA,,2026-06-20,2026-06-21,1
86,PANACEA,,2026-06-25,2026-06-28,2
87,Active flooring,,2025-12-07,2025-12-08,1
87,Active flooring,,2025-12-14,2025-12-15,1
87,Active flooring,,2025-12-21,2025-12-22,1
87,Active flooring,,2025-12-28,2025-12-29,1
87,Active flooring,,2026-01-05,2026-01-06,2
87,Active flooring,,2026-01-12,2026-01-13,2
87,Active flooring,,2026-01-19,2026-03-03,32
87,Active flooring,,2026-03-06,2026-03-07,1
87,Active flooring,,2026-03-13,2026-03-14,1
87,Active flooring,,2026-03-20,2026-03-21,1
87,Active flooring,,2026-03-27,2026-03-28,1
87,Active flooring,,2026-04-04,2026-04-05,1
87,Active flooring,,2026-04-11,2026-04-12,1
87,Active flooring,,2026-04-18,2026-04-19,1
87,Active flooring,,2026-04-25,2026-04-26,1
87,Active flooring,,2026-05-01,2026-05-02,1
87,Active flooring,,2026-05-08,2026-05-09,1
87,Active flooring,,2026-05-15,2026-05-16,1
87,Active flooring,,2026-05-22,2026-05-23,1
87,Active flooring,,2026-05-29,2026-05-30,1
87,Active flooring,,2026-06-06,2026-06-07,1
87,Active flooring,,2026-06-13,2026-06-14,1
87,Active flooring,,2026-06-20,2026-06-21,1
87,Active flooring,,2026-06-25,2026-06-28,2
88,MCL,,2025-12-07,2025-12-08,1
88,MCL,,2025-12-14,2025-12-15,1
88,MCL,,2025-12-21,2025-12-22,1
88,MCL,,2025-12-28,2025-12-29,1
88,MCL,,2026-01-05,2026-01-06,2
88,MCL,,2026-01-12,2026-01-13,2
88,MCL,,2026-01-19,2026-03-03,32
88,MCL,,2026-03-06,2026-03-07,1
88,MCL,,2026-03-13,2026-03-14,1
88,MCL,,2026-03-20,2026-03-21,1
88,MCL,,2026-03-27,2026-03-28,1
88,MCL,,2026-04-04,2026-04-05,1
88,MCL,,2026-04-08,2026-04-14,5
88,MCL,,2026-04-18,2026-04-19,1
88,MCL,,2026-04-25,2026-04-26,1
88,MCL,,2026-05-01,2026-05-02,1
88,MCL,,2026-05-08,2026-05-09,1
88,MCL,,2026-05-15,2026-05-16,1
88,MCL,,2026-05-22,2026-05-23,1
88,MCL,,2026-05-29,2026-05-30,1
88,MCL,,2026-06-06,2026-06-07,1
88,MCL,,2026-06-13,2026-06-14,1
88,MCL,,2026-06-20,2026-06-21,1
88,MCL,,2026-06-25,2026-06-28,2
89,Smiths,,2025-12-07,2025-12-08,1
89,Smiths,,2025-12-14,2025-12-15,1
89,Smiths,,2025-12-21,2025-12-22,1
89,Smiths,,2025-12-28,2025-12-29,1
89,Smiths,,2026-01-05,2026-01-06,2
89,Smiths,,2026-01-12,2026-01-13,2
89,Smiths,,2026-01-19,2026-03-03,32
89,Smiths,,2026-03-06,2026-03-07,1
89,Smiths,,2026-03-13,2026-03-14,1
89,Smiths,,2026-03-20,2026-03-21,1
89,Smiths,,2026-03-27,2026-03-28,1
89,Smiths,,2026-04-04,2026-04-05,1
89,Smiths,,2026-04-11,2026-04-12,1
89,Smiths,,2026-04-15,2026-04-19,3
89,Smiths,,2026-04-25,2026-04-26,1
89,Smiths,,2026-05-01,2026-05-02,1
89,Smiths,,2026-05-08,2026-05-09,1
89,Smiths,,2026-05-15,2026-05-16,1
89,Smiths,,2026-05-22,2026-05-23,1
89,Smiths,,2026-05-29,2026-05-30,1
89,Smiths,,2026-06-06,2026-06-07,1
89,Smiths,,2026-06-13,2026-06-14,1
89,Smiths,,2026-06-20,2026-06-21,1
89,Smiths,,2026-06-25,2026-06-28,2
90,MCL,,2025-12-07,2025-12-08,1
90,MCL,,2025-12-14,2025-12-15,1
90,MCL,,2025-12-21,2025-12-22,1
90,MCL,,2025-12-28,2025-12-29,1
90,MCL,,2026-01-05,2026-01-06,2
90,MCL,,2026-01-12,2026-01-13,2
90,MCL,,2026-01-19,2026-03-03,32
90,MCL,,2026-03-06,2026-03-07,1
90,MCL,,2026-03-13,2026-03-14,1
90,MCL,,2026-03-20,2026-03-21,1
90,MCL,,2026-03-27,2026-03-28,1
90,MCL,,2026-04-04,2026-04-05,1
90,MCL,,2026-04-11,2026-04-12,1
90,MCL,,2026-04-18,2026-04-26,5
90,MCL,,2026-05-01,2026-05-02,1
90,MCL,,2026-05-08,2026-05-09,1
90,MCL,,2026-05-15,2026-05-16,1
90,MCL,,2026-05-22,2026-05-23,1
90,MCL,,2026-05-29,2026-05-30,1
90,MCL,,2026-06-06,2026-06-07,1
90,MCL,,2026-06-13,2026-06-14,1
90,MCL,,2026-06-20,2026-06-21,1
90,MCL,,2026-06-25,2026-06-28,2
,Sparkle clean,,2025-12-07,2025-12-08,1
,Sparkle clean,,2025-12-14,2025-12-15,1
,Sparkle clean,,2025-12-21,2025-12-22,1
,Sparkle clean,,2025-12-28,2025-12-29,1
,Sparkle clean,,2026-01-05,2026-01-06,2
,Sparkle clean,,2026-01-12,2026-01-13,2
,Sparkle clean,,2026-01-19,2026-03-03,32
,Sparkle clean,,2026-03-06,2026-03-07,1
,Sparkle clean,,2026-03-13,2026-03-14,1
,Sparkle clean,,2026-03-20,2026-03-21,1
,Sparkle clean,,2026-03-27,2026-03-28,1
,Sparkle clean,,2026-04-04,2026-04-05,1
,Sparkle clean,,2026-04-11,2026-04-12,1
,Sparkle clean,,2026-04-18,2026-04-19,1
,Sparkle clean,,2026-04-25,2026-05-02,5
,Sparkle clean,,2026-05-08,2026-05-09,1
,Sparkle clean,,2026-05-15,2026-05-16,1
,Sparkle clean,,2026-05-22,2026-05-23,1
,Sparkle clean,,2026-05-29,2026-05-30,1
,Sparkle clean,,2026-06-06,2026-06-07,1
,Sparkle clean,,2026-06-13,2026-06-14,1
,Sparkle clean,,2026-06-20,2026-06-21,1
,Sparkle clean,,2026-06-25,2026-06-28,2
,Mastic,,2025-12-07,2025-12-08,1
,Mastic,,2025-12-14,2025-12-15,1
,Mastic,,2025-12-21,2025-12-22,1
,Mastic,,2025-12-28,2025-12-29,1
,Mastic,,2026-01-05,2026-01-06,2
,Mastic,,2026-01-12,2026-01-13,2
,Mastic,,2026-01-19,2026-01-21,3
,Mastic,,2026-01-25,2026-03-03,27
,Mastic,,2026-03-06,2026-03-07,1
,Mastic,,2026-03-13,2026-03-14,1
,Mastic,,2026-03-20,2026-03-21,1
,Mastic,,2026-03-27,2026-03-28,1
,Mastic,,2026-04-04,2026-04-05,1
,Mastic,,2026-04-11,2026-04-12,1
,Mastic,,2026-04-18,2026-04-19,1
,Mastic,,2026-04-25,2026-04-26,1
,Mastic,,2026-05-01,2026-05-04,2
,Mastic,,2026-05-08,2026-05-09,1
,Mastic,,2026-05-15,2026-05-16,1
,Mastic,,2026-05-22,2026-05-23,1
,Mastic,,2026-05-29,2026-05-30,1
,Mastic,,2026-06-06,2026-06-07,1
,Mastic,,2026-06-13,2026-06-14,1
,Mastic,,2026-06-20,2026-06-21,1
,Mastic,,2026-06-25,2026-06-28,2
,Handover to client,,2025-12-07,2025-12-08,1
,Handover to client,,2025-12-14,2025-12-15,1
,Handover to client,,2025-12-21,2025-12-22,1
,Handover to client,,2025-12-28,2025-12-29,1
,Handover to client,,2026-01-05,2026-01-06,2
,Handover to client,,2026-01-12,2026-01-13,2
,Handover to client,,2026-01-19,2026-01-21,3
,Handover to client,,2026-01-25,2026-03-03,27
,Handover to client,,2026-03-06,2026-03-07,1
,Handover to client,,2026-03-13,2026-03-14,1
,Handover to client,,2026-03-20,2026-03-21,1
,Handover to client,,2026-03-27,2026-03-28,1
,Handover to client,,2026-04-04,2026-04-05,1
,Handover to client,,2026-04-11,2026-04-12,1
,Handover to client,,2026-04-18,2026-04-19,1
,Handover to client,,2026-04-25,2026-04-26,1
,Handover to client,,2026-05-01,2026-05-02,1
,Handover to client,,2026-05-08,2026-05-09,1
,Handover to client,,2026-05-15,2026-05-17,1
,Handover to client,,2026-05-22,2026-05-23,1
,Handover to client,,2026-05-29,2026-05-30,1
,Handover to client,,2026-06-06,2026-06-07,1
,Handover to client,,2026-06-13,2026-06-14,1
,Handover to client,,2026-06-20,2026-06-21,1
,Handover to client,,2026-06-25,2026-06-28,2
,Level 4 Apartment fit out -cluster 2,,2025-12-07,2025-12-08,1
,Level 4 Apartment fit out -cluster 2,,2025-12-14,2025-12-15,1
,Level 4 Apartment fit out -cluster 2,,2025-12-21,2025-12-22,1
,Level 4 Apartment fit out -cluster 2,,2025-12-28,2025-12-29,1
,Level 4 Apartment fit out -cluster 2,,2026-01-05,2026-01-06,2
,Level 4 Apartment fit out -cluster 2,,2026-01-12,2026-01-13,2
,Level 4 Apartment fit out -cluster 2,,2026-01-19,2026-01-21,3
,Level 4 Apartment fit out -cluster 2,,2026-01-23,2026-03-03,28
,Level 4 Apartment fit out -cluster 2,,2026-03-06,2026-03-07,1
,Level 4 Apartment fit out -cluster 2,,2026-03-13,2026-03-14,1
,Level 4 Apartment fit out -cluster 2,,2026-03-20,2026-03-21,1
,Level 4 Apartment fit out -cluster 2,,2026-03-27,2026-03-28,1
,Level 4 Apartment fit out -cluster 2,,2026-04-04,2026-04-05,1
,Level 4 Apartment fit out -cluster 2,,2026-04-11,2026-04-12,1
,Level 4 Apartment fit out -cluster 2,,2026-04-18,2026-04-19,1
,Level 4 Apartment fit out -cluster 2,,2026-04-25,2026-04-26,1
,Level 4 Apartment fit out -cluster 2,,2026-05-01,2026-05-02,1
,Level 4 Apartment fit out -cluster 2,,2026-05-08,2026-05-09,1
,Level 4 Apartment fit out -cluster 2,,2026-05-15,2026-05-16,1
,Level 4 Apartment fit out -cluster 2,,2026-05-22,2026-05-23,1
,Level 4 Apartment fit out -cluster 2,,2026-05-29,2026-05-30,1
,Level 4 Apartment fit out -cluster 2,,2026-06-06,2026-06-07,1
,Level 4 Apartment fit out -cluster 2,,2026-06-13,2026-06-14,1
,Level 4 Apartment fit out -cluster 2,,2026-06-20,2026-06-21,1
,Level 4 Apartment fit out -cluster 2,,2026-06-25,2026-06-28,2
,Ceiling void closure checklist sign off,,2025-12-07,2025-12-08,1
,Ceiling void closure checklist sign off,,2025-12-14,2025-12-15,1
,Ceiling void closure checklist sign off,,2025-12-21,2025-12-22,1
,Ceiling void closure checklist sign off,,2025-12-28,2025-12-29,1
,Ceiling void closure checklist sign off,,2026-01-05,2026-01-06,2
,Ceiling void closure checklist sign off,,2026-01-12,2026-01-13,2
,Ceiling void closure checklist sign off,,2026-01-19,2026-03-03,32
,Ceiling void closure checklist sign off,,2026-03-06,2026-03-07,1
,Ceiling void closure checklist sign off,,2026-03-13,2026-03-14,1
,Ceiling void closure checklist sign off,,2026-03-20,2026-03-21,1
,Ceiling void closure checklist sign off,,2026-03-27,2026-03-28,1
,Ceiling void closure checklist sign off,,2026-04-04,2026-04-05,1
,Ceiling void closure checklist sign off,,2026-04-11,2026-04-12,1
,Ceiling void closure checklist sign off,,2026-04-18,2026-04-19,1
,Ceiling void closure checklist sign off,,2026-04-25,2026-04-26,1
,Ceiling void closure checklist sign off,,2026-05-01,2026-05-02,1
,Ceiling void closure checklist sign off,,2026-05-08,2026-05-09,1
,Ceiling void closure checklist sign off,,2026-05-15,2026-05-16,1
,Ceiling void closure checklist sign off,,2026-05-22,2026-05-23,1
,Ceiling void closure checklist sign off,,2026-05-29,2026-05-30,1
,Ceiling void closure checklist sign off,,2026-06-06,2026-06-07,1
,Ceiling void closure checklist sign off,,2026-06-13,2026-06-14,1
,Ceiling void closure checklist sign off,,2026-06-20,2026-06-21,1
,Ceiling void closure checklist sign off,,2026-06-25,2026-06-28,2
,Ceilings - metal,,2025-12-07,2025-12-08,1
,Ceilings - metal,,2025-12-14,2025-12-15,1
,Ceilings - metal,,2025-12-21,2025-12-22,1
,Ceilings - metal,,2025-12-28,2025-12-29,1
,Ceilings - metal,,2026-01-05,2026-01-06,2
,Ceilings - metal,,2026-01-12,2026-01-13,2
,Ceilings - metal,,2026-01-19,2026-01-20,2
,Ceilings - metal,,2026-01-23,2026-03-03,28
,Ceilings - metal,,2026-03-06,2026-03-07,1
,Ceilings - metal,,2026-03-13,2026-03-14,1
,Ceilings - metal,,2026-03-20,2026-03-21,1
,Ceilings - metal,,2026-03-27,2026-03-28,1
,Ceilings - metal,,2026-04-04,2026-04-05,1
,Ceilings - metal,,2026-04-11,2026-04-12,1
,Ceilings - metal,,2026-04-18,2026-04-19,1
,Ceilings - metal,,2026-04-25,2026-04-26,1
,Ceilings - metal,,2026-05-01,2026-05-02,1
,Ceilings - metal,,2026-05-08,2026-05-09,1
,Ceilings - metal,,2026-05-15,2026-05-16,1
,Ceilings - metal,,2026-05-22,2026-05-23,1
,Ceilings - metal,,2026-05-29,2026-05-30,1
,Ceilings - metal,,2026-06-06,2026-06-07,1
,Ceilings - metal,,2026-06-13,2026-06-14,1
,Ceilings - metal,,2026-06-20,2026-06-21,1
,Ceilings - metal,,2026-06-25,2026-06-28,2
,Sprinkler 2nd fix & test  Armstrong preistly,,2025-12-07,2025-12-08,1
,Sprinkler 2nd fix & test  Armstrong preistly,,2025-12-14,2025-12-15,1
,Sprinkler 2nd fix & test  Armstrong preistly,,2025-12-21,2025-12-22,1
,Sprinkler 2nd fix & test  Armstrong preistly,,2025-12-28,2025-12-29,1
,Sprinkler 2nd fix & test  Armstrong preistly,,2026-01-05,2026-01-06,2
,Sprinkler 2nd fix & test  Armstrong preistly,,2026-01-12,2026-01-13,2
,Sprinkler 2nd fix & test  Armstrong preistly,,2026-01-19,2026-01-20,2
,Sprinkler 2nd fix & test  Armstrong preistly,,2026-01-23,2026-03-03,28
,Sprinkler 2nd fix & test  Armstrong preistly,,2026-03-06,2026-03-07,1
,Sprinkler 2nd fix & test  Armstrong preistly,,2026-03-13,2026-03-14,1
,Sprinkler 2nd fix & test  Armstrong preistly,,2026-03-20,2026-03-21,1
,Sprinkler 2nd fix & test  Armstrong preistly,,2026-03-27,2026-03-28,1
,Sprinkler 2nd fix & test  Armstrong preistly,,2026-04-04,2026-04-05,1
,Sprinkler 2nd fix & test  Armstrong preistly,,2026-04-11,2026-04-12,1
,Sprinkler 2nd fix & test  Armstrong preistly,,2026-04-18,2026-04-19,1
,Sprinkler 2nd fix & test  Armstrong preistly,,2026-04-25,2026-04-26,1
,Sprinkler 2nd fix & test  Armstrong preistly,,2026-05-01,2026-05-02,1
,Sprinkler 2nd fix & test  Armstrong preistly,,2026-05-08,2026-05-09,1
,Sprinkler 2nd fix & test  Armstrong preistly,,2026-05-15,2026-05-16,1
,Sprinkler 2nd fix & test  Armstrong preistly,,2026-05-22,2026-05-23,1
,Sprinkler 2nd fix & test  Armstrong preistly,,2026-05-29,2026-05-30,1
,Sprinkler 2nd fix & test  Armstrong preistly,,2026-06-06,2026-06-07,1
,Sprinkler 2nd fix & test  Armstrong preistly,,2026-06-13,2026-06-14,1
,Sprinkler 2nd fix & test  Armstrong preistly,,2026-06-20,2026-06-21,1
,Sprinkler 2nd fix & test  Armstrong preistly,,2026-06-25,2026-06-28,2
,Ceilings board,,2025-12-07,2025-12-08,1
,Ceilings board,,2025-12-14,2025-12-15,1
,Ceilings board,,2025-12-21,2025-12-22,1
,Ceilings board,,2025-12-28,2025-12-29,1
,Ceilings board,,2026-01-05,2026-01-06,2
,Ceilings board,,2026-01-12,2026-01-13,2
,Ceilings board,,2026-01-19,2026-01-21,3
,Ceilings board,,2026-01-23,2026-03-03,28
,Ceilings board,,2026-03-06,2026-03-07,1
,Ceilings board,,2026-03-13,2026-03-14,1
,Ceilings board,,2026-03-20,2026-03-21,1
,Ceilings board,,2026-03-27,2026-03-28,1
,Ceilings board,,2026-04-04,2026-04-05,1
,Ceilings board,,2026-04-11,2026-04-12,1
,Ceilings board,,2026-04-18,2026-04-19,1
,Ceilings board,,2026-04-25,2026-04-26,1
,Ceilings board,,2026-05-01,2026-05-02,1
,Ceilings board,,2026-05-08,2026-05-09,1
,Ceilings board,,2026-05-15,2026-05-16,1
,Ceilings board,,2026-05-22,2026-05-23,1
,Ceilings board,,2026-05-29,2026-05-30,1
,Ceilings board,,2026-06-06,2026-06-07,1
,Ceilings board,,2026-06-13,2026-06-14,1
,Ceilings board,,2026-06-20,2026-06-21,1
,Ceilings board,,2026-06-25,2026-06-28,2
,Plaster spray,,2025-12-07,2025-12-08,1
,Plaster spray,,2025-12-14,2025-12-15,1
,Plaster spray,,2025-12-21,2025-12-22,1
,Plaster spray,,2025-12-28,2025-12-29,1
,Plaster spray,,2026-01-05,2026-01-06,2
,Plaster spray,,2026-01-12,2026-01-13,2
,Plaster spray,,2026-01-19,2026-01-21,3
,Plaster spray,,2026-01-23,2026-03-03,28
,Plaster spray,,2026-03-06,2026-03-07,1
,Plaster spray,,2026-03-13,2026-03-14,1
,Plaster spray,,2026-03-20,2026-03-21,1
,Plaster spray,,2026-03-27,2026-03-28,1
,Plaster spray,,2026-04-04,2026-04-05,1
,Plaster spray,,2026-04-11,2026-04-12,1
,Plaster spray,,2026-04-18,2026-04-19,1
,Plaster spray,,2026-04-25,2026-04-26,1
,Plaster spray,,2026-05-01,2026-05-02,1
,Plaster spray,,2026-05-08,2026-05-09,1
,Plaster spray,,2026-05-15,2026-05-16,1
,Plaster spray,,2026-05-22,2026-05-23,1
,Plaster spray,,2026-05-29,2026-05-30,1
,Plaster spray,,2026-06-06,2026-06-07,1
,Plaster spray,,2026-06-13,2026-06-14,1
,Plaster spray,,2026-06-20,2026-06-21,1
,Plaster spray,,2026-06-25,2026-06-28,2
,Levveling screed /smoothing compound,,2025-12-07,2025-12-08,1
,Levveling screed /smoothing compound,,2025-12-14,2025-12-15,1
,Levveling screed /smoothing compound,,2025-12-21,2025-12-22,1
,Levveling screed /smoothing compound,,2025-12-28,2025-12-29,1
,Levveling screed /smoothing compound,,2026-01-05,2026-01-06,2
,Levveling screed /smoothing compound,,2026-01-12,2026-01-13,2
,Levveling screed /smoothing compound,,2026-01-19,2026-01-21,3
,Levveling screed /smoothing compound,,2026-01-23,2026-03-03,28
,Levveling screed /smoothing compound,,2026-03-06,2026-03-07,1
,Levveling screed /smoothing compound,,2026-03-13,2026-03-14,1
,Levveling screed /smoothing compound,,2026-03-20,2026-03-21,1
,Levveling screed /smoothing compound,,2026-03-27,2026-03-28,1
,Levveling screed /smoothing compound,,2026-04-04,2026-04-05,1
,Levveling screed /smoothing compound,,2026-04-11,2026-04-12,1
,Levveling screed /smoothing compound,,2026-04-18,2026-04-19,1
,Levveling screed /smoothing compound,,2026-04-25,2026-04-26,1
,Levveling screed /smoothing compound,,2026-05-01,2026-05-02,1
,Levveling screed /smoothing compound,,2026-05-08,2026-05-09,1
,Levveling screed /smoothing compound,,2026-05-15,2026-05-16,1
,Levveling screed /smoothing compound,,2026-05-22,2026-05-23,1
,Levveling screed /smoothing compound,,2026-05-29,2026-05-30,1
,Levveling screed /smoothing compound,,2026-06-06,2026-06-07,1
,Levveling screed /smoothing compound,,2026-06-13,2026-06-14,1
,Levveling screed /smoothing compound,,2026-06-20,2026-06-21,1
,Levveling screed /smoothing compound,,2026-06-25,2026-06-28,2
,Drying out,,2025-12-07,2025-12-08,1
,Drying out,,2025-12-14,2025-12-15,1
,Drying out,,2025-12-21,2025-12-22,1
,Drying out,,2025-12-28,2025-12-29,1
,Drying out,,2026-01-05,2026-01-06,2
,Drying out,,2026-01-12,2026-01-13,2
,Drying out,,2026-01-19,2026-01-21,3
,Drying out,,2026-01-23,2026-03-03,28
,Drying out,,2026-03-06,2026-03-07,1
,Drying out,,2026-03-13,2026-03-14,1
,Drying out,,2026-03-20,2026-03-21,1
,Drying out,,2026-03-27,2026-03-28,1
,Drying out,,2026-04-04,2026-04-05,1
,Drying out,,2026-04-11,2026-04-12,1
,Drying out,,2026-04-18,2026-04-19,1
,Drying out,,2026-04-25,2026-04-26,1
,Drying out,,2026-05-01,2026-05-02,1
,Drying out,,2026-05-08,2026-05-09,1
,Drying out,,2026-05-15,2026-05-16,1
,Drying out,,2026-05-22,2026-05-23,1
,Drying out,,2026-05-29,2026-05-30,1
,Drying out,,2026-06-06,2026-06-07,1
,Drying out,,2026-06-13,2026-06-14,1
,Drying out,,2026-06-20,2026-06-21,1
,Drying out,,2026-06-25,2026-06-28,2
,Mist coat,,2025-12-07,2025-12-08,1
,Mist coat,,2025-12-14,2025-12-15,1
,Mist coat,,2025-12-21,2025-12-22,1
,Mist coat,,2025-12-28,2025-12-29,1
,Mist coat,,2026-01-05,2026-01-06,2
,Mist coat,,2026-01-12,2026-01-13,2
,Mist coat,,2026-01-19,2026-01-21,3
,Mist coat,,2026-01-23,2026-03-03,28
,Mist coat,,2026-03-06,2026-03-07,1
,Mist coat,,2026-03-13,2026-03-14,1
,Mist coat,,2026-03-20,2026-03-21,1
,Mist coat,,2026-03-27,2026-03-28,1
,Mist coat,,2026-04-04,2026-04-05,1
,Mist coat,,2026-04-11,2026-04-12,1
,Mist coat,,2026-04-18,2026-04-19,1
,Mist coat,,2026-04-25,2026-04-26,1
,Mist coat,,2026-05-01,2026-05-02,1
,Mist coat,,2026-05-08,2026-05-09,1
,Mist coat,,2026-05-15,2026-05-16,1
,Mist coat,,2026-05-22,2026-05-23,1
,Mist coat,,2026-05-29,2026-05-30,1
,Mist coat,,2026-06-06,2026-06-07,1
,Mist coat,,2026-06-13,2026-06-14,1
,Mist coat,,2026-06-20,2026-06-21,1
,Mist coat,,2026-06-25,2026-06-28,2
,Vanity 1st fix framing,,2025-12-07,2025-12-08,1
,Vanity 1st fix framing,,2025-12-14,2025-12-15,1
,Vanity 1st fix framing,,2025-12-21,2025-12-22,1
,Vanity 1st fix framing,,2025-12-28,2025-12-29,1
,Vanity 1st fix framing,,2026-01-05,2026-01-06,2
,Vanity 1st fix framing,,2026-01-12,2026-01-13,2
,Vanity 1st fix framing,,2026-01-19,2026-01-21,3
,Vanity 1st fix framing,,2026-01-23,2026-03-03,28
,Vanity 1st fix framing,,2026-03-06,2026-03-07,1
,Vanity 1st fix framing,,2026-03-13,2026-03-14,1
,Vanity 1st fix framing,,2026-03-20,2026-03-21,1
,Vanity 1st fix framing,,2026-03-27,2026-03-28,1
,Vanity 1st fix framing,,2026-04-04,2026-04-05,1
,Vanity 1st fix framing,,2026-04-11,2026-04-12,1
,Vanity 1st fix framing,,2026-04-18,2026-04-19,1
,Vanity 1st fix framing,,2026-04-25,2026-04-26,1
,Vanity 1st fix framing,,2026-05-01,2026-05-02,1
,Vanity 1st fix framing,,2026-05-08,2026-05-09,1
,Vanity 1st fix framing,,2026-05-15,2026-05-16,1
,Vanity 1st fix framing,,2026-05-22,2026-05-23,1
,Vanity 1st fix framing,,2026-05-29,2026-05-30,1
,Vanity 1st fix framing,,2026-06-06,2026-06-07,1
,Vanity 1st fix framing,,2026-06-13,2026-06-14,1
,Vanity 1st fix framing,,2026-06-20,2026-06-21,1
,Vanity 1st fix framing,,2026-06-25,2026-06-28,2
,"Kitchen 1st fix,units tops & appliances",,2025-12-07,2025-12-08,1
,"Kitchen 1st fix,units tops & appliances",,2025-12-14,2025-12-15,1
,"Kitchen 1st fix,units tops & appliances",,2025-12-21,2025-12-22,1
,"Kitchen 1st fix,units tops & appliances",,2025-12-28,2025-12-29,1
,"Kitchen 1st fix,units tops & appliances",,2026-01-05,2026-01-06,2
,"Kitchen 1st fix,units tops & appliances",,2026-01-12,2026-01-13,2
,"Kitchen 1st fix,units tops & appliances",,2026-01-19,2026-01-21,3
,"Kitchen 1st fix,units tops & appliances",,2026-01-23,2026-03-03,28
,"Kitchen 1st fix,units tops & appliances",,2026-03-06,2026-03-07,1
,"Kitchen 1st fix,units tops & appliances",,2026-03-13,2026-03-21,6
,"Kitchen 1st fix,units tops & appliances",,2026-03-27,2026-03-28,1
,"Kitchen 1st fix,units tops & appliances",,2026-04-04,2026-04-05,1
,"Kitchen 1st fix,units tops & appliances",,2026-04-11,2026-04-12,1
,"Kitchen 1st fix,units tops & appliances",,2026-04-18,2026-04-19,1
,"Kitchen 1st fix,units tops & appliances",,2026-04-25,2026-04-26,1
,"Kitchen 1st fix,units tops & appliances",,2026-05-01,2026-05-02,1
,"Kitchen 1st fix,units tops & appliances",,2026-05-08,2026-05-09,1
,"Kitchen 1st fix,units tops & appliances",,2026-05-15,2026-05-16,1
,"Kitchen 1st fix,units tops & appliances",,2026-05-22,2026-05-23,1
,"Kitchen 1st fix,units tops & appliances",,2026-05-29,2026-05-30,1
,"Kitchen 1st fix,units tops & appliances",,2026-06-06,2026-06-07,1
,"Kitchen 1st fix,units tops & appliances",,2026-06-13,2026-06-14,1
,"Kitchen 1st fix,units tops & appliances",,2026-06-20,2026-06-21,1
,"Kitchen 1st fix,units tops & appliances",,2026-06-25,2026-06-28,2
,"Plumbing mid fix ,bath ,showers cisterns",,2025-12-07,2025-12-08,1
,"Plumbing mid fix ,bath ,showers cisterns",,2025-12-14,2025-12-15,1
,"Plumbing mid fix ,bath ,showers cisterns",,2025-12-21,2025-12-22,1
,"Plumbing mid fix ,bath ,showers cisterns",,2025-12-28,2025-12-29,1
,"Plumbing mid fix ,bath ,showers cisterns",,2026-01-05,2026-01-06,2
,"Plumbing mid fix ,bath ,showers cisterns",,2026-01-12,2026-01-13,2
,"Plumbing mid fix ,bath ,showers cisterns",,2026-01-19,2026-01-21,3
,"Plumbing mid fix ,bath ,showers cisterns",,2026-01-23,2026-03-07,31
,"Plumbing mid fix ,bath ,showers cisterns",,2026-03-13,2026-03-14,1
,"Plumbing mid fix ,bath ,showers cisterns",,2026-03-20,2026-03-21,1
,"Plumbing mid fix ,bath ,showers cisterns",,2026-03-27,2026-03-28,1
,"Plumbing mid fix ,bath ,showers cisterns",,2026-04-04,2026-04-05,1
,"Plumbing mid fix ,bath ,showers cisterns",,2026-04-11,2026-04-12,1
,"Plumbing mid fix ,bath ,showers cisterns",,2026-04-18,2026-04-19,1
,"Plumbing mid fix ,bath ,showers cisterns",,2026-04-25,2026-04-26,1
,"Plumbing mid fix ,bath ,showers cisterns",,2026-05-01,2026-05-02,1
,"Plumbing mid fix ,bath ,showers cisterns",,2026-05-08,2026-05-09,1
,"Plumbing mid fix ,bath ,showers cisterns",,2026-05-15,2026-05-16,1
,"Plumbing mid fix ,bath ,showers cisterns",,2026-05-22,2026-05-23,1
,"Plumbing mid fix ,bath ,showers cisterns",,2026-05-29,2026-05-30,1
,"Plumbing mid fix ,bath ,showers cisterns",,2026-06-06,2026-06-07,1
,"Plumbing mid fix ,bath ,showers cisterns",,2026-06-13,2026-06-14,1
,"Plumbing mid fix ,bath ,showers cisterns",,2026-06-20,2026-06-21,1
,"Plumbing mid fix ,bath ,showers cisterns",,2026-06-25,2026-06-28,2
91,"Joinery 1st fix -doors, frames ,skirtings,archs vanity framing  & plinths .",,2025-12-07,2025-12-08,1
91,"Joinery 1st fix -doors, frames ,skirtings,archs vanity framing  & plinths .",,2025-12-14,2025-12-15,1
91,"Joinery 1st fix -doors, frames ,skirtings,archs vanity framing  & plinths .",,2025-12-21,2025-12-22,1
91,"Joinery 1st fix -doors, frames ,skirtings,archs vanity framing  & plinths .",,2025-12-28,2025-12-29,1
91,"Joinery 1st fix -doors, frames ,skirtings,archs vanity framing  & plinths .",,2026-01-05,2026-01-06,2
91,"Joinery 1st fix -doors, frames ,skirtings,archs vanity framing  & plinths .",,2026-01-12,2026-01-13,2
91,"Joinery 1st fix -doors, frames ,skirtings,archs vanity framing  & plinths .",,2026-01-19,2026-01-21,3
91,"Joinery 1st fix -doors, frames ,skirtings,archs vanity framing  & plinths .",,2026-01-23,2026-03-03,28
91,"Joinery 1st fix -doors, frames ,skirtings,archs vanity framing  & plinths .",,2026-03-06,2026-03-07,1
91,"Joinery 1st fix -doors, frames ,skirtings,archs vanity framing  & plinths .",,2026-03-11,2026-03-17,5
91,"Joinery 1st fix -doors, frames ,skirtings,archs vanity framing  & plinths .",,2026-03-20,2026-03-21,1
91,"Joinery 1st fix -doors, frames ,skirtings,archs vanity framing  & plinths .",,2026-03-27,2026-03-28,1
91,"Joinery 1st fix -doors, frames ,skirtings,archs vanity framing  & plinths .",,2026-04-04,2026-04-05,1
91,"Joinery 1st fix -doors, frames ,skirtings,archs vanity framing  & plinths .",,2026-04-11,2026-04-12,1
91,"Joinery 1st fix -doors, frames ,skirtings,archs vanity framing  & plinths .",,2026-04-18,2026-04-19,1
91,"Joinery 1st fix -doors, frames ,skirtings,archs vanity framing  & plinths .",,2026-04-25,2026-04-26,1
91,"Joinery 1st fix -doors, frames ,skirtings,archs vanity framing  & plinths .",,2026-05-01,2026-05-02,1
91,"Joinery 1st fix -doors, frames ,skirtings,archs vanity framing  & plinths .",,2026-05-08,2026-05-09,1
91,"Joinery 1st fix -doors, frames ,skirtings,archs vanity framing  & plinths .",,2026-05-15,2026-05-16,1
91,"Joinery 1st fix -doors, frames ,skirtings,archs vanity framing  & plinths .",,2026-05-22,2026-05-23,1
91,"Joinery 1st fix -doors, frames ,skirtings,archs vanity framing  & plinths .",,2026-05-29,2026-05-30,1
91,"Joinery 1st fix -doors, frames ,skirtings,archs vanity framing  & plinths .",,2026-06-06,2026-06-07,1
91,"Joinery 1st fix -doors, frames ,skirtings,archs vanity framing  & plinths .",,2026-06-13,2026-06-14,1
91,"Joinery 1st fix -doors, frames ,skirtings,archs vanity framing  & plinths .",,2026-06-20,2026-06-21,1
91,"Joinery 1st fix -doors, frames ,skirtings,archs vanity framing  & plinths .",,2026-06-25,2026-06-28,2
92,PANACEA,,2025-12-07,2025-12-08,1
92,PANACEA,,2025-12-14,2025-12-15,1
92,PANACEA,,2025-12-21,2025-12-22,1
92,PANACEA,,2025-12-28,2025-12-29,1
92,PANACEA,,2026-01-05,2026-01-06,2
92,PANACEA,,2026-01-12,2026-01-13,2
92,PANACEA,,2026-01-19,2026-01-21,3
92,PANACEA,,2026-01-25,2026-03-03,27
92,PANACEA,,2026-03-06,2026-03-14,6
92,PANACEA,,2026-03-20,2026-03-21,1
92,PANACEA,,2026-03-27,2026-03-28,1
92,PANACEA,,2026-04-04,2026-04-05,1
92,PANACEA,,2026-04-11,2026-04-12,1
92,PANACEA,,2026-04-18,2026-04-19,1
92,PANACEA,,2026-04-25,2026-04-26,1
92,PANACEA,,2026-05-01,2026-05-02,1
92,PANACEA,,2026-05-08,2026-05-09,1
92,PANACEA,,2026-05-15,2026-05-16,1
92,PANACEA,,2026-05-22,2026-05-23,1
92,PANACEA,,2026-05-29,2026-05-30,1
92,PANACEA,,2026-06-06,2026-06-07,1
92,PANACEA,,2026-06-13,2026-06-14,1
92,PANACEA,,2026-06-20,2026-06-21,1
92,PANACEA,,2026-06-25,2026-06-28,2
93,Edencroft,,2025-12-07,2025-12-08,1
93,Edencroft,,2025-12-14,2025-12-15,1
93,Edencroft,,2025-12-21,2025-12-22,1
93,Edencroft,,2025-12-28,2025-12-29,1
93,Edencroft,,2026-01-05,2026-01-06,2
93,Edencroft,,2026-01-12,2026-01-13,2
93,Edencroft,,2026-01-19,2026-01-21,3
93,Edencroft,,2026-01-25,2026-03-03,27
93,Edencroft,,2026-03-06,2026-03-07,1
93,Edencroft,,2026-03-13,2026-03-14,1
93,Edencroft,,2026-03-16,2026-03-17,2
93,Edencroft,,2026-03-20,2026-03-21,1
93,Edencroft,,2026-03-27,2026-03-28,1
93,Edencroft,,2026-04-04,2026-04-05,1
93,Edencroft,,2026-04-11,2026-04-12,1
93,Edencroft,,2026-04-18,2026-04-19,1
93,Edencroft,,2026-04-25,2026-04-26,1
93,Edencroft,,2026-05-01,2026-05-02,1
93,Edencroft,,2026-05-08,2026-05-09,1
93,Edencroft,,2026-05-15,2026-05-16,1
93,Edencroft,,2026-05-22,2026-05-23,1
93,Edencroft,,2026-05-29,2026-05-30,1
93,Edencroft,,2026-06-06,2026-06-07,1
93,Edencroft,,2026-06-13,2026-06-14,1
93,Edencroft,,2026-06-20,2026-06-21,1
93,Edencroft,,2026-06-25,2026-06-28,2
94,GPL,,2025-12-07,2025-12-08,1
94,GPL,,2025-12-14,2025-12-15,1
94,GPL,,2025-12-21,2025-12-22,1
94,GPL,,2025-12-28,2025-12-29,1
94,GPL,,2026-01-05,2026-01-06,2
94,GPL,,2026-01-12,2026-01-13,2
94,GPL,,2026-01-19,2026-01-21,3
94,GPL,,2026-01-25,2026-03-03,27
94,GPL,,2026-03-06,2026-03-07,1
94,GPL,,2026-03-13,2026-03-14,1
94,GPL,,2026-03-18,2026-03-21,3
94,GPL,,2026-03-27,2026-03-28,1
94,GPL,,2026-04-04,2026-04-05,1
94,GPL,,2026-04-11,2026-04-12,1
94,GPL,,2026-04-18,2026-04-19,1
94,GPL,,2026-04-25,2026-04-26,1
94,GPL,,2026-05-01,2026-05-02,1
94,GPL,,2026-05-08,2026-05-09,1
94,GPL,,2026-05-15,2026-05-16,1
94,GPL,,2026-05-22,2026-05-23,1
94,GPL,,2026-05-29,2026-05-30,1
94,GPL,,2026-06-06,2026-06-07,1
94,GPL,,2026-06-13,2026-06-14,1
94,GPL,,2026-06-20,2026-06-21,1
94,GPL,,2026-06-25,2026-06-28,2
95,ARMSTRONG,,2025-12-07,2025-12-08,1
95,ARMSTRONG,,2025-12-12,2025-12-15,2
95,ARMSTRONG,,2025-12-18,2025-12-29,8
95,ARMSTRONG,,2026-01-05,2026-01-06,2
95,ARMSTRONG,,2026-01-12,2026-01-13,2
95,ARMSTRONG,,2026-01-19,2026-01-21,3
95,ARMSTRONG,,2026-01-25,2026-03-03,27
95,ARMSTRONG,,2026-03-06,2026-03-07,1
95,ARMSTRONG,,2026-03-13,2026-03-14,1
95,ARMSTRONG,,2026-03-20,2026-03-21,1
95,ARMSTRONG,,2026-03-27,2026-03-28,1
95,ARMSTRONG,,2026-04-04,2026-04-05,1
95,ARMSTRONG,,2026-04-11,2026-04-12,1
95,ARMSTRONG,,2026-04-18,2026-04-19,1
95,ARMSTRONG,,2026-04-25,2026-04-26,1
95,ARMSTRONG,,2026-05-01,2026-05-02,1
95,ARMSTRONG,,2026-05-08,2026-05-09,1
95,ARMSTRONG,,2026-05-15,2026-05-16,1
95,ARMSTRONG,,2026-05-22,2026-05-23,1
95,ARMSTRONG,,2026-05-29,2026-05-30,1
95,ARMSTRONG,,2026-06-06,2026-06-07,1
95,ARMSTRONG,,2026-06-13,2026-06-14,1
95,ARMSTRONG,,2026-06-20,2026-06-21,1
95,ARMSTRONG,,2026-06-25,2026-06-28,2
,Amtico flooring /Bathrooms,,2025-12-07,2025-12-08,1
,Amtico flooring /Bathrooms,,2025-12-12,2025-12-15,2
,Amtico flooring /Bathrooms,,2025-12-18,2025-12-29,8
,Amtico flooring /Bathrooms,,2026-01-05,2026-01-06,2
,Amtico flooring /Bathrooms,,2026-01-12,2026-01-13,2
,Amtico flooring /Bathrooms,,2026-01-19,2026-01-21,3
,Amtico flooring /Bathrooms,,2026-01-25,2026-03-03,27
,Amtico flooring /Bathrooms,,2026-03-06,2026-03-07,1
,Amtico flooring /Bathrooms,,2026-03-13,2026-03-14,1
,Amtico flooring /Bathrooms,,2026-03-20,2026-03-28,6
,Amtico flooring /Bathrooms,,2026-04-04,2026-04-05,1
,Amtico flooring /Bathrooms,,2026-04-11,2026-04-12,1
,Amtico flooring /Bathrooms,,2026-04-18,2026-04-19,1
,Amtico flooring /Bathrooms,,2026-04-25,2026-04-26,1
,Amtico flooring /Bathrooms,,2026-05-01,2026-05-02,1
,Amtico flooring /Bathrooms,,2026-05-08,2026-05-09,1
,Amtico flooring /Bathrooms,,2026-05-15,2026-05-16,1
,Amtico flooring /Bathrooms,,2026-05-22,2026-05-23,1
,Amtico flooring /Bathrooms,,2026-05-29,2026-05-30,1
,Amtico flooring /Bathrooms,,2026-06-06,2026-06-07,1
,Amtico flooring /Bathrooms,,2026-06-13,2026-06-14,1
,Amtico flooring /Bathrooms,,2026-06-20,2026-06-21,1
,Amtico flooring /Bathrooms,,2026-06-25,2026-06-28,2
,Plumbing second fix sanitaryware & pressure testing,,2025-12-07,2025-12-08,1
,Plumbing second fix sanitaryware & pressure testing,,2025-12-14,2025-12-22,6
,Plumbing second fix sanitaryware & pressure testing,,2025-12-28,2025-12-29,1
,Plumbing second fix sanitaryware & pressure testing,,2026-01-05,2026-01-06,2
,Plumbing second fix sanitaryware & pressure testing,,2026-01-12,2026-01-13,2
,Plumbing second fix sanitaryware & pressure testing,,2026-01-19,2026-01-21,3
,Plumbing second fix sanitaryware & pressure testing,,2026-01-25,2026-03-03,27
,Plumbing second fix sanitaryware & pressure testing,,2026-03-06,2026-03-07,1
,Plumbing second fix sanitaryware & pressure testing,,2026-03-13,2026-03-14,1
,Plumbing second fix sanitaryware & pressure testing,,2026-03-20,2026-03-21,1
,Plumbing second fix sanitaryware & pressure testing,,2026-03-27,2026-04-05,6
,Plumbing second fix sanitaryware & pressure testing,,2026-04-11,2026-04-12,1
,Plumbing second fix sanitaryware & pressure testing,,2026-04-18,2026-04-19,1
,Plumbing second fix sanitaryware & pressure testing,,2026-04-25,2026-04-26,1
,Plumbing second fix sanitaryware & pressure testing,,2026-05-01,2026-05-02,1
,Plumbing second fix sanitaryware & pressure testing,,2026-05-08,2026-05-09,1
,Plumbing second fix sanitaryware & pressure testing,,2026-05-15,2026-05-16,1
,Plumbing second fix sanitaryware & pressure testing,,2026-05-22,2026-05-23,1
,Plumbing second fix sanitaryware & pressure testing,,2026-05-29,2026-05-30,1
,Plumbing second fix sanitaryware & pressure testing,,2026-06-06,2026-06-07,1
,Plumbing second fix sanitaryware & pressure testing,,2026-06-13,2026-06-14,1
,Plumbing second fix sanitaryware & pressure testing,,2026-06-20,2026-06-21,1
,Plumbing second fix sanitaryware & pressure testing,,2026-06-25,2026-06-28,2
,Electrical 2nd fix & live testing,,2025-12-07,2025-12-08,1
,Electrical 2nd fix & live testing,,2025-12-14,2025-12-22,6
,Electrical 2nd fix & live testing,,2025-12-28,2025-12-29,1
,Electrical 2nd fix & live testing,,2026-01-05,2026-01-06,2
,Electrical 2nd fix & live testing,,2026-01-12,2026-01-13,2
,Electrical 2nd fix & live testing,,2026-01-19,2026-01-21,3
,Electrical 2nd fix & live testing,,2026-01-25,2026-03-03,27
,Electrical 2nd fix & live testing,,2026-03-06,2026-03-07,1
,Electrical 2nd fix & live testing,,2026-03-13,2026-03-14,1
,Electrical 2nd fix & live testing,,2026-03-20,2026-03-21,1
,Electrical 2nd fix & live testing,,2026-03-27,2026-03-28,1
,Electrical 2nd fix & live testing,,2026-04-04,2026-04-12,5
,Electrical 2nd fix & live testing,,2026-04-18,2026-04-19,1
,Electrical 2nd fix & live testing,,2026-04-25,2026-04-26,1
,Electrical 2nd fix & live testing,,2026-05-01,2026-05-02,1
,Electrical 2nd fix & live testing,,2026-05-08,2026-05-09,1
,Electrical 2nd fix & live testing,,2026-05-15,2026-05-16,1
,Electrical 2nd fix & live testing,,2026-05-22,2026-05-23,1
,Electrical 2nd fix & live testing,,2026-05-29,2026-05-30,1
,Electrical 2nd fix & live testing,,2026-06-06,2026-06-07,1
,Electrical 2nd fix & live testing,,2026-06-13,2026-06-14,1
,Electrical 2nd fix & live testing,,2026-06-20,2026-06-21,1
,Electrical 2nd fix & live testing,,2026-06-25,2026-06-28,2
,Builders clean,,2025-12-07,2025-12-08,1
,Builders clean,,2025-12-14,2025-12-15,1
,Builders clean,,2025-12-21,2025-12-22,1
,Builders clean,,2025-12-28,2026-01-06,7
,Builders clean,,2026-01-12,2026-01-13,2
,Builders clean,,2026-01-19,2026-01-21,3
,Builders clean,,2026-01-25,2026-03-03,27
,Builders clean,,2026-03-06,2026-03-07,1
,Builders clean,,2026-03-13,2026-03-14,1
,Builders clean,,2026-03-20,2026-03-21,1
,Builders clean,,2026-03-27,2026-03-28,1
,Builders clean,,2026-04-04,2026-04-05,1
,Builders clean,,2026-04-11,2026-04-12,1
,Builders clean,,2026-04-18,2026-04-19,1
,Builders clean,,2026-04-25,2026-04-26,1
,Builders clean,,2026-05-01,2026-05-02,1
,Builders clean,,2026-05-08,2026-05-09,1
,Builders clean,,2026-05-15,2026-05-16,1
,Builders clean,,2026-05-22,2026-05-23,1
,Builders clean,,2026-05-29,2026-05-30,1
,Builders clean,,2026-06-06,2026-06-07,1
,Builders clean,,2026-06-13,2026-06-14,1
,Builders clean,,2026-06-20,2026-06-21,1
,Builders clean,,2026-06-25,2026-06-28,2
96,Pre -dec -snagging,,2025-12-07,2025-12-08,1
96,Pre -dec -snagging,,2025-12-14,2025-12-15,1
96,Pre -dec -snagging,,2025-12-21,2025-12-22,1
96,Pre -dec -snagging,,2025-12-28,2025-12-29,1
96,Pre -dec -snagging,,2026-01-05,2026-01-06,2
96,Pre -dec -snagging,,2026-01-12,2026-01-13,2
96,Pre -dec -snagging,,2026-01-19,2026-01-21,3
96,Pre -dec -snagging,,2026-01-25,2026-03-03,27
96,Pre -dec -snagging,,2026-03-06,2026-03-07,1
96,Pre -dec -snagging,,2026-03-13,2026-03-14,1
96,Pre -dec -snagging,,2026-03-20,2026-03-21,1
96,Pre -dec -snagging,,2026-03-27,2026-03-28,1
96,Pre -dec -snagging,,2026-04-04,2026-04-05,1
96,Pre -dec -snagging,,2026-04-11,2026-04-12,1
96,Pre -dec -snagging,,2026-04-18,2026-04-19,1
96,Pre -dec -snagging,,2026-04-25,2026-04-26,1
96,Pre -dec -snagging,,2026-05-01,2026-05-02,1
96,Pre -dec -snagging,,2026-05-08,2026-05-09,1
96,Pre -dec -snagging,,2026-05-15,2026-05-16,1
96,Pre -dec -snagging,,2026-05-22,2026-05-23,1
96,Pre -dec -snagging,,2026-05-29,2026-05-30,1
96,Pre -dec -snagging,,2026-06-06,2026-06-07,1
96,Pre -dec -snagging,,2026-06-13,2026-06-14,1
96,Pre -dec -snagging,,2026-06-20,2026-06-21,1
96,Pre -dec -snagging,,2026-06-25,2026-06-28,2
97,MCL,,2025-12-07,2025-12-08,1
97,MCL,,2025-12-14,2025-12-15,1
97,MCL,,2025-12-21,2025-12-22,1
97,MCL,,2025-12-28,2025-12-29,1
97,MCL,,2026-01-05,2026-01-06,2
97,MCL,,2026-01-12,2026-01-13,2
97,MCL,,2026-01-19,2026-01-21,3
97,MCL,,2026-01-25,2026-03-03,27
97,MCL,,2026-03-06,2026-03-07,1
97,MCL,,2026-03-13,2026-03-14,1
97,MCL,,2026-03-20,2026-03-21,1
97,MCL,,2026-03-27,2026-03-28,1
97,MCL,,2026-04-04,2026-04-05,1
97,MCL,,2026-04-11,2026-04-12,1
97,MCL,,2026-04-15,2026-04-21,5
97,MCL,,2026-04-25,2026-04-26,1
97,MCL,,2026-05-01,2026-05-02,1
97,MCL,,2026-05-08,2026-05-09,1
97,MCL,,2026-05-15,2026-05-16,1
97,MCL,,2026-05-22,2026-05-23,1
97,MCL,,2026-05-29,2026-05-30,1
97,MCL,,2026-06-06,2026-06-07,1
97,MCL,,2026-06-13,2026-06-14,1
97,MCL,,2026-06-20,2026-06-21,1
97,MCL,,2026-06-25,2026-06-28,2
98,PANACEA,,2025-12-07,2025-12-08,1
98,PANACEA,,2025-12-14,2025-12-15,1
98,PANACEA,,2025-12-21,2025-12-29,6
98,PANACEA,,2026-01-05,2026-01-06,2
98,PANACEA,,2026-01-12,2026-01-13,2
98,PANACEA,,2026-01-19,2026-01-21,3
98,PANACEA,,2026-01-25,2026-03-03,27
98,PANACEA,,2026-03-06,2026-03-07,1
98,PANACEA,,2026-03-13,2026-03-14,1
98,PANACEA,,2026-03-20,2026-03-21,1
98,PANACEA,,2026-03-27,2026-03-28,1
98,PANACEA,,2026-04-04,2026-04-05,1
98,PANACEA,,2026-04-11,2026-04-12,1
98,PANACEA,,2026-04-18,2026-04-19,1
98,PANACEA,,2026-04-22,2026-04-26,3
98,PANACEA,,2026-05-01,2026-05-02,1
98,PANACEA,,2026-05-08,2026-05-09,1
98,PANACEA,,2026-05-15,2026-05-16,1
98,PANACEA,,2026-05-22,2026-05-23,1
98,PANACEA,,2026-05-29,2026-05-30,1
98,PANACEA,,2026-06-06,2026-06-07,1
98,PANACEA,,2026-06-13,2026-06-14,1
98,PANACEA,,2026-06-20,2026-06-21,1
98,PANACEA,,2026-06-25,2026-06-28,2
99,TECL,,2025-12-07,2025-12-08,1
99,TECL,,2025-12-14,2025-12-15,1
99,TECL,,2025-12-21,2025-12-22,1
99,TECL,,2025-12-28,2026-01-06,7
99,TECL,,2026-01-12,2026-01-13,2
99,TECL,,2026-01-19,2026-01-21,3
99,TECL,,2026-01-25,2026-03-03,27
99,TECL,,2026-03-06,2026-03-07,1
99,TECL,,2026-03-13,2026-03-14,1
99,TECL,,2026-03-20,2026-03-21,1
99,TECL,,2026-03-27,2026-03-28,1
99,TECL,,2026-04-04,2026-04-05,1
99,TECL,,2026-04-11,2026-04-12,1
99,TECL,,2026-04-18,2026-04-19,1
99,TECL,,2026-04-25,2026-05-02,5
99,TECL,,2026-05-08,2026-05-09,1
99,TECL,,2026-05-15,2026-05-16,1
99,TECL,,2026-05-22,2026-05-23,1
99,TECL,,2026-05-29,2026-05-30,1
99,TECL,,2026-06-06,2026-06-07,1
99,TECL,,2026-06-13,2026-06-14,1
99,TECL,,2026-06-20,2026-06-21,1
99,TECL,,2026-06-25,2026-06-28,2
100,Sparkle clean,,2025-12-07,2025-12-08,1
100,Sparkle clean,,2025-12-14,2025-12-15,1
100,Sparkle clean,,2025-12-21,2025-12-22,1
100,Sparkle clean,,2025-12-28,2025-12-29,1
100,Sparkle clean,,2026-01-05,2026-01-06,2
100,Sparkle clean,,2026-01-12,2026-01-13,2
100,Sparkle clean,,2026-01-19,2026-01-21,3
100,Sparkle clean,,2026-01-25,2026-03-03,27
100,Sparkle clean,,2026-03-06,2026-03-07,1
100,Sparkle clean,,2026-03-13,2026-03-14,1
100,Sparkle clean,,2026-03-20,2026-03-21,1
100,Sparkle clean,,2026-03-27,2026-03-28,1
100,Sparkle clean,,2026-04-04,2026-04-05,1
100,Sparkle clean,,2026-04-11,2026-04-12,1
100,Sparkle clean,,2026-04-18,2026-04-19,1
100,Sparkle clean,,2026-04-25,2026-04-26,1
100,Sparkle clean,,2026-05-01,2026-05-09,6
100,Sparkle clean,,2026-05-15,2026-05-16,1
100,Sparkle clean,,2026-05-22,2026-05-23,1
100,Sparkle clean,,2026-05-29,2026-05-30,1
100,Sparkle clean,,2026-06-06,2026-06-07,1
100,Sparkle clean,,2026-06-13,2026-06-14,1
100,Sparkle clean,,2026-06-20,2026-06-21,1
100,Sparkle clean,,2026-06-25,2026-06-28,2
101,MCL,,2025-12-07,2025-12-08,1
101,MCL,,2025-12-14,2025-12-15,1
101,MCL,,2025-12-21,2025-12-22,1
101,MCL,,2025-12-28,2025-12-29,1
101,MCL,,2026-01-05,2026-01-06,2
101,MCL,,2026-01-12,2026-01-13,2
101,MCL,,2026-01-19,2026-01-21,3
101,MCL,,2026-01-25,2026-03-03,27
101,MCL,,2026-03-06,2026-03-07,1
101,MCL,,2026-03-13,2026-03-14,1
101,MCL,,2026-03-20,2026-03-21,1
101,MCL,,2026-03-27,2026-03-28,1
101,MCL,,2026-04-04,2026-04-05,1
101,MCL,,2026-04-11,2026-04-12,1
101,MCL,,2026-04-18,2026-04-19,1
101,MCL,,2026-04-25,2026-04-26,1
101,MCL,,2026-05-01,2026-05-02,1
101,MCL,,2026-05-08,2026-05-11,2
101,MCL,,2026-05-15,2026-05-16,1
101,MCL,,2026-05-22,2026-05-23,1
101,MCL,,2026-05-29,2026-05-30,1
101,MCL,,2026-06-06,2026-06-07,1
101,MCL,,2026-06-13,2026-06-14,1
101,MCL,,2026-06-20,2026-06-21,1
101,MCL,,2026-06-25,2026-06-28,2
,Handover to client,,2025-12-07,2025-12-08,1
,Handover to client,,2025-12-14,2025-12-15,1
,Handover to client,,2025-12-21,2025-12-22,1
,Handover to client,,2025-12-28,2025-12-29,1
,Handover to client,,2026-01-05,2026-01-06,2
,Handover to client,,2026-01-12,2026-01-13,2
,Handover to client,,2026-01-19,2026-01-21,3
,Handover to client,,2026-01-25,2026-03-03,27
,Handover to client,,2026-03-06,2026-03-07,1
,Handover to client,,2026-03-13,2026-03-14,1
,Handover to client,,2026-03-20,2026-03-21,1
,Handover to client,,2026-03-27,2026-03-28,1
,Handover to client,,2026-04-04,2026-04-05,1
,Handover to client,,2026-04-11,2026-04-12,1
,Handover to client,,2026-04-18,2026-04-19,1
,Handover to client,,2026-04-25,2026-04-26,1
,Handover to client,,2026-05-01,2026-05-02,1
,Handover to client,,2026-05-08,2026-05-09,1
,Handover to client,,2026-05-15,2026-05-16,1
,Handover to client,,2026-05-22,2026-05-24,1
,Handover to client,,2026-05-29,2026-05-30,1
,Handover to client,,2026-06-06,2026-06-07,1
,Handover to client,,2026-06-13,2026-06-14,1
,Handover to client,,2026-06-20,2026-06-21,1
,Handover to client,,2026-06-25,2026-06-28,2
103,PANACEA,,2025-12-07,2025-12-08,1
103,PANACEA,,2025-12-14,2025-12-15,1
103,PANACEA,,2025-12-21,2025-12-22,1
103,PANACEA,,2025-12-28,2025-12-29,1
103,PANACEA,,2026-01-05,2026-01-13,7
103,PANACEA,,2026-01-19,2026-01-21,3
103,PANACEA,,2026-01-25,2026-03-03,27
103,PANACEA,,2026-03-06,2026-03-07,1
103,PANACEA,,2026-03-13,2026-03-14,1
103,PANACEA,,2026-03-20,2026-03-21,1
103,PANACEA,,2026-03-27,2026-03-28,1
103,PANACEA,,2026-04-04,2026-04-05,1
103,PANACEA,,2026-04-11,2026-04-12,1
103,PANACEA,,2026-04-18,2026-04-19,1
103,PANACEA,,2026-04-25,2026-04-26,1
103,PANACEA,,2026-05-01,2026-05-02,1
103,PANACEA,,2026-05-08,2026-05-09,1
103,PANACEA,,2026-05-15,2026-05-16,1
103,PANACEA,,2026-05-22,2026-05-23,1
103,PANACEA,,2026-05-29,2026-05-30,1
103,PANACEA,,2026-06-06,2026-06-07,1
103,PANACEA,,2026-06-13,2026-06-14,1
103,PANACEA,,2026-06-20,2026-06-21,1
103,PANACEA,,2026-06-25,2026-06-28,2
,2nd fix Partitions - insulation and board,,2025-12-07,2025-12-08,1
,2nd fix Partitions - insulation and board,,2025-12-14,2025-12-15,1
,2nd fix Partitions - insulation and board,,2025-12-21,2025-12-22,1
,2nd fix Partitions - insulation and board,,2025-12-28,2025-12-29,1
,2nd fix Partitions - insulation and board,,2026-01-05,2026-01-06,2
,2nd fix Partitions - insulation and board,,2026-01-10,2026-01-14,3
,2nd fix Partitions - insulation and board,,2026-01-19,2026-01-20,2
,2nd fix Partitions - insulation and board,,2026-01-25,2026-03-03,27
,2nd fix Partitions - insulation and board,,2026-03-06,2026-03-07,1
,2nd fix Partitions - insulation and board,,2026-03-13,2026-03-14,1
,2nd fix Partitions - insulation and board,,2026-03-20,2026-03-21,1
,2nd fix Partitions - insulation and board,,2026-03-27,2026-03-28,1
,2nd fix Partitions - insulation and board,,2026-04-04,2026-04-05,1
,2nd fix Partitions - insulation and board,,2026-04-11,2026-04-12,1
,2nd fix Partitions - insulation and board,,2026-04-18,2026-04-19,1
,2nd fix Partitions - insulation and board,,2026-04-25,2026-04-26,1
,2nd fix Partitions - insulation and board,,2026-05-01,2026-05-02,1
,2nd fix Partitions - insulation and board,,2026-05-08,2026-05-09,1
,2nd fix Partitions - insulation and board,,2026-05-15,2026-05-16,1
,2nd fix Partitions - insulation and board,,2026-05-22,2026-05-23,1
,2nd fix Partitions - insulation and board,,2026-05-29,2026-05-30,1
,2nd fix Partitions - insulation and board,,2026-06-06,2026-06-07,1
,2nd fix Partitions - insulation and board,,2026-06-13,2026-06-14,1
,2nd fix Partitions - insulation and board,,2026-06-20,2026-06-21,1
,2nd fix Partitions - insulation and board,,2026-06-25,2026-06-28,2
Ceilings board,Install Vents/ducts,,2025-12-07,2025-12-08,1
Ceilings board,Install Vents/ducts,,2025-12-14,2025-12-15,1
Ceilings board,Install Vents/ducts,,2025-12-21,2025-12-22,1
Ceilings board,Install Vents/ducts,,2025-12-28,2025-12-29,1
Ceilings board,Install Vents/ducts,,2026-01-05,2026-01-06,2
Ceilings board,Install Vents/ducts,,2026-01-12,2026-01-13,2
Ceilings board,Install Vents/ducts,,2026-01-15,2026-01-20,4
Ceilings board,Install Vents/ducts,,2026-01-25,2026-03-03,27
Ceilings board,Install Vents/ducts,,2026-03-06,2026-03-07,1
Ceilings board,Install Vents/ducts,,2026-03-13,2026-03-14,1
Ceilings board,Install Vents/ducts,,2026-03-20,2026-03-21,1
Ceilings board,Install Vents/ducts,,2026-03-27,2026-03-28,1
Ceilings board,Install Vents/ducts,,2026-04-04,2026-04-05,1
Ceilings board,Install Vents/ducts,,2026-04-11,2026-04-12,1
Ceilings board,Install Vents/ducts,,2026-04-18,2026-04-19,1
Ceilings board,Install Vents/ducts,,2026-04-25,2026-04-26,1
Ceilings board,Install Vents/ducts,,2026-05-01,2026-05-02,1
Ceilings board,Install Vents/ducts,,2026-05-08,2026-05-09,1
Ceilings board,Install Vents/ducts,,2026-05-15,2026-05-16,1
Ceilings board,Install Vents/ducts,,2026-05-22,2026-05-23,1
Ceilings board,Install Vents/ducts,,2026-05-29,2026-05-30,1
Ceilings board,Install Vents/ducts,,2026-06-06,2026-06-07,1
Ceilings board,Install Vents/ducts,,2026-06-13,2026-06-14,1
Ceilings board,Install Vents/ducts,,2026-06-20,2026-06-21,1
Ceilings board,Install Vents/ducts,,2026-06-25,2026-06-28,2
,CONTROL POINT 3 CP3,,2025-12-07,2025-12-08,1
,CONTROL POINT 3 CP3,,2025-12-14,2025-12-15,1
,CONTROL POINT 3 CP3,,2025-12-21,2025-12-22,1
,CONTROL POINT 3 CP3,,2025-12-28,2025-12-29,1
,CONTROL POINT 3 CP3,,2026-01-05,2026-01-06,2
,CONTROL POINT 3 CP3,,2026-01-12,2026-01-13,2
,CONTROL POINT 3 CP3,,2026-01-15,2026-01-20,4
,CONTROL POINT 3 CP3,,2026-01-25,2026-03-03,27
,CONTROL POINT 3 CP3,,2026-03-06,2026-03-07,1
,CONTROL POINT 3 CP3,,2026-03-13,2026-03-14,1
,CONTROL POINT 3 CP3,,2026-03-20,2026-03-21,1
,CONTROL POINT 3 CP3,,2026-03-27,2026-03-28,1
,CONTROL POINT 3 CP3,,2026-04-04,2026-04-05,1
,CONTROL POINT 3 CP3,,2026-04-11,2026-04-12,1
,CONTROL POINT 3 CP3,,2026-04-18,2026-04-19,1
,CONTROL POINT 3 CP3,,2026-04-25,2026-04-26,1
,CONTROL POINT 3 CP3,,2026-05-01,2026-05-02,1
,CONTROL POINT 3 CP3,,2026-05-08,2026-05-09,1
,CONTROL POINT 3 CP3,,2026-05-15,2026-05-16,1
,CONTROL POINT 3 CP3,,2026-05-22,2026-05-23,1
,CONTROL POINT 3 CP3,,2026-05-29,2026-05-30,1
,CONTROL POINT 3 CP3,,2026-06-06,2026-06-07,1
,CONTROL POINT 3 CP3,,2026-06-13,2026-06-14,1
,CONTROL POINT 3 CP3,,2026-06-20,2026-06-21,1
,CONTROL POINT 3 CP3,,2026-06-25,2026-06-28,2
105,Active flooring,,2025-12-07,2025-12-08,1
105,Active flooring,,2025-12-14,2025-12-15,1
105,Active flooring,,2025-12-21,2025-12-22,1
105,Active flooring,,2025-12-28,2025-12-29,1
105,Active flooring,,2026-01-05,2026-01-06,2
105,Active flooring,,2026-01-12,2026-01-13,2
105,Active flooring,,2026-01-19,2026-01-21,3
105,Active flooring,,2026-01-23,2026-03-03,28
105,Active flooring,,2026-03-06,2026-03-07,1
105,Active flooring,,2026-03-13,2026-03-14,1
105,Active flooring,,2026-03-20,2026-03-21,1
105,Active flooring,,2026-03-27,2026-03-28,1
105,Active flooring,,2026-04-04,2026-04-05,1
105,Active flooring,,2026-04-11,2026-04-12,1
105,Active flooring,,2026-04-18,2026-04-19,1
105,Active flooring,,2026-04-25,2026-04-26,1
105,Active flooring,,2026-05-01,2026-05-02,1
105,Active flooring,,2026-05-08,2026-05-09,1
105,Active flooring,,2026-05-15,2026-05-16,1
105,Active flooring,,2026-05-22,2026-05-23,1
105,Active flooring,,2026-05-29,2026-05-30,1
105,Active flooring,,2026-06-06,2026-06-07,1
105,Active flooring,,2026-06-13,2026-06-14,1
105,Active flooring,,2026-06-20,2026-06-21,1
105,Active flooring,,2026-06-25,2026-06-28,2
106,MCL,,2025-12-07,2025-12-08,1
106,MCL,,2025-12-14,2025-12-15,1
106,MCL,,2025-12-21,2025-12-22,1
106,MCL,,2025-12-28,2025-12-29,1
106,MCL,,2026-01-05,2026-01-06,2
106,MCL,,2026-01-12,2026-01-13,2
106,MCL,,2026-01-19,2026-01-21,3
106,MCL,,2026-01-25,2026-03-03,27
106,MCL,,2026-03-06,2026-03-07,1
106,MCL,,2026-03-13,2026-03-14,1
106,MCL,,2026-03-20,2026-03-21,1
106,MCL,,2026-03-27,2026-03-28,1
106,MCL,,2026-04-04,2026-04-05,1
106,MCL,,2026-04-11,2026-04-12,1
106,MCL,,2026-04-18,2026-04-19,1
106,MCL,,2026-04-25,2026-04-26,1
106,MCL,,2026-05-01,2026-05-02,1
106,MCL,,2026-05-08,2026-05-09,1
106,MCL,,2026-05-15,2026-05-16,1
106,MCL,,2026-05-22,2026-05-23,1
106,MCL,,2026-05-29,2026-05-30,1
106,MCL,,2026-06-06,2026-06-07,1
106,MCL,,2026-06-13,2026-06-14,1
106,MCL,,2026-06-20,2026-06-21,1
106,MCL,,2026-06-25,2026-06-28,2
107,Sprinkler 2nd fix & test,,2025-12-07,2025-12-08,1
107,Sprinkler 2nd fix & test,,2025-12-14,2025-12-15,1
107,Sprinkler 2nd fix & test,,2025-12-21,2025-12-22,1
107,Sprinkler 2nd fix & test,,2025-12-28,2025-12-29,1
107,Sprinkler 2nd fix & test,,2026-01-05,2026-01-06,2
107,Sprinkler 2nd fix & test,,2026-01-12,2026-01-13,2
107,Sprinkler 2nd fix & test,,2026-01-19,2026-01-21,3
107,Sprinkler 2nd fix & test,,2026-01-25,2026-03-03,27
107,Sprinkler 2nd fix & test,,2026-03-06,2026-03-07,1
107,Sprinkler 2nd fix & test,,2026-03-13,2026-03-14,1
107,Sprinkler 2nd fix & test,,2026-03-20,2026-03-21,1
107,Sprinkler 2nd fix & test,,2026-03-27,2026-03-28,1
107,Sprinkler 2nd fix & test,,2026-04-04,2026-04-05,1
107,Sprinkler 2nd fix & test,,2026-04-11,2026-04-12,1
107,Sprinkler 2nd fix & test,,2026-04-18,2026-04-19,1
107,Sprinkler 2nd fix & test,,2026-04-25,2026-04-26,1
107,Sprinkler 2nd fix & test,,2026-05-01,2026-05-02,1
107,Sprinkler 2nd fix & test,,2026-05-08,2026-05-09,1
107,Sprinkler 2nd fix & test,,2026-05-15,2026-05-16,1
107,Sprinkler 2nd fix & test,,2026-05-22,2026-05-23,1
107,Sprinkler 2nd fix & test,,2026-05-29,2026-05-30,1
107,Sprinkler 2nd fix & test,,2026-06-06,2026-06-07,1
107,Sprinkler 2nd fix & test,,2026-06-13,2026-06-14,1
107,Sprinkler 2nd fix & test,,2026-06-20,2026-06-21,1
107,Sprinkler 2nd fix & test,,2026-06-25,2026-06-28,2
108,MCL,,2025-12-07,2025-12-09,2
108,MCL,,2025-12-14,2025-12-15,1
108,MCL,,2025-12-21,2025-12-22,1
108,MCL,,2025-12-28,2025-12-29,1
108,MCL,,2026-01-05,2026-01-06,2
108,MCL,,2026-01-12,2026-01-13,2
108,MCL,,2026-01-19,2026-01-21,3
108,MCL,,2026-01-25,2026-03-03,27
108,MCL,,2026-03-06,2026-03-07,1
108,MCL,,2026-03-13,2026-03-14,1
108,MCL,,2026-03-20,2026-03-21,1
108,MCL,,2026-03-27,2026-03-28,1
108,MCL,,2026-04-04,2026-04-05,1
108,MCL,,2026-04-11,2026-04-12,1
108,MCL,,2026-04-18,2026-04-19,1
108,MCL,,2026-04-25,2026-04-26,1
108,MCL,,2026-05-01,2026-05-02,1
108,MCL,,2026-05-08,2026-05-09,1
108,MCL,,2026-05-15,2026-05-16,1
108,MCL,,2026-05-22,2026-05-23,1
108,MCL,,2026-05-29,2026-05-30,1
108,MCL,,2026-06-06,2026-06-07,1
108,MCL,,2026-06-13,2026-06-14,1
108,MCL,,2026-06-20,2026-06-21,1
108,MCL,,2026-06-25,2026-06-28,2
109,Active flooring,,2025-12-07,2025-12-08,1
109,Active flooring,,2025-12-14,2025-12-15,1
109,Active flooring,,2025-12-21,2025-12-22,1
109,Active flooring,,2025-12-28,2025-12-29,1
109,Active flooring,,2026-01-05,2026-01-06,2
109,Active flooring,,2026-01-12,2026-01-13,2
109,Active flooring,,2026-01-19,2026-01-21,3
109,Active flooring,,2026-01-25,2026-03-04,28
109,Active flooring,,2026-03-06,2026-03-07,1
109,Active flooring,,2026-03-13,2026-03-14,1
109,Active flooring,,2026-03-20,2026-03-21,1
109,Active flooring,,2026-03-27,2026-03-28,1
109,Active flooring,,2026-04-04,2026-04-05,1
109,Active flooring,,2026-04-11,2026-04-12,1
109,Active flooring,,2026-04-18,2026-04-19,1
109,Active flooring,,2026-04-25,2026-04-26,1
109,Active flooring,,2026-05-01,2026-05-02,1
109,Active flooring,,2026-05-08,2026-05-09,1
109,Active flooring,,2026-05-15,2026-05-16,1
109,Active flooring,,2026-05-22,2026-05-23,1
109,Active flooring,,2026-05-29,2026-05-30,1
109,Active flooring,,2026-06-06,2026-06-07,1
109,Active flooring,,2026-06-13,2026-06-14,1
109,Active flooring,,2026-06-20,2026-06-21,1
109,Active flooring,,2026-06-25,2026-06-28,2
110,Branniff,,2025-12-07,2025-12-08,1
110,Branniff,,2025-12-14,2025-12-15,1
110,Branniff,,2025-12-21,2025-12-22,1
110,Branniff,,2025-12-28,2025-12-29,1
110,Branniff,,2026-01-05,2026-01-06,2
110,Branniff,,2026-01-12,2026-01-13,2
110,Branniff,,2026-01-19,2026-01-21,3
110,Branniff,,2026-01-25,2026-03-03,27
110,Branniff,,2026-03-05,2026-03-11,5
110,Branniff,,2026-03-13,2026-03-14,1
110,Branniff,,2026-03-20,2026-03-21,1
110,Branniff,,2026-03-27,2026-03-28,1
110,Branniff,,2026-04-04,2026-04-05,1
110,Branniff,,2026-04-11,2026-04-12,1
110,Branniff,,2026-04-18,2026-04-19,1
110,Branniff,,2026-04-25,2026-04-26,1
110,Branniff,,2026-05-01,2026-05-02,1
110,Branniff,,2026-05-08,2026-05-09,1
110,Branniff,,2026-05-15,2026-05-16,1
110,Branniff,,2026-05-22,2026-05-23,1
110,Branniff,,2026-05-29,2026-05-30,1
110,Branniff,,2026-06-06,2026-06-07,1
110,Branniff,,2026-06-13,2026-06-14,1
110,Branniff,,2026-06-20,2026-06-21,1
110,Branniff,,2026-06-25,2026-06-28,2
Drying out,Wren,,2025-12-07,2025-12-08,1
Drying out,Wren,,2025-12-14,2025-12-15,1
Drying out,Wren,,2025-12-21,2025-12-22,1
Drying out,Wren,,2025-12-28,2025-12-29,1
Drying out,Wren,,2026-01-05,2026-01-06,2
Drying out,Wren,,2026-01-12,2026-01-13,2
Drying out,Wren,,2026-01-19,2026-01-21,3
Drying out,Wren,,2026-01-25,2026-03-03,27
Drying out,Wren,,2026-03-06,2026-03-07,1
Drying out,Wren,,2026-03-13,2026-03-14,1
Drying out,Wren,,2026-03-20,2026-03-21,1
Drying out,Wren,,2026-03-27,2026-03-28,1
Drying out,Wren,,2026-04-04,2026-04-05,1
Drying out,Wren,,2026-04-11,2026-04-12,1
Drying out,Wren,,2026-04-18,2026-04-19,1
Drying out,Wren,,2026-04-25,2026-04-26,1
Drying out,Wren,,2026-05-01,2026-05-02,1
Drying out,Wren,,2026-05-08,2026-05-09,1
Drying out,Wren,,2026-05-15,2026-05-16,1
Drying out,Wren,,2026-05-22,2026-05-23,1
Drying out,Wren,,2026-05-29,2026-05-30,1
Drying out,Wren,,2026-06-06,2026-06-07,1
Drying out,Wren,,2026-06-13,2026-06-14,1
Drying out,Wren,,2026-06-20,2026-06-21,1
Drying out,Wren,,2026-06-25,2026-06-28,2
,Mist coat,,2025-12-07,2025-12-08,1
,Mist coat,,2025-12-14,2025-12-15,1
,Mist coat,,2025-12-21,2025-12-22,1
,Mist coat,,2025-12-28,2025-12-29,1
,Mist coat,,2026-01-05,2026-01-06,2
,Mist coat,,2026-01-12,2026-01-13,2
,Mist coat,,2026-01-19,2026-01-21,3
,Mist coat,,2026-01-25,2026-03-07,30
,Mist coat,,2026-03-13,2026-03-14,1
,Mist coat,,2026-03-20,2026-03-21,1
,Mist coat,,2026-03-27,2026-03-28,1
,Mist coat,,2026-04-04,2026-04-05,1
,Mist coat,,2026-04-11,2026-04-12,1
,Mist coat,,2026-04-18,2026-04-19,1
,Mist coat,,2026-04-25,2026-04-26,1
,Mist coat,,2026-05-01,2026-05-02,1
,Mist coat,,2026-05-08,2026-05-09,1
,Mist coat,,2026-05-15,2026-05-16,1
,Mist coat,,2026-05-22,2026-05-23,1
,Mist coat,,2026-05-29,2026-05-30,1
,Mist coat,,2026-06-06,2026-06-07,1
,Mist coat,,2026-06-13,2026-06-14,1
,Mist coat,,2026-06-20,2026-06-21,1
,Mist coat,,2026-06-25,2026-06-28,2
,Vanity 1st fix framing,,2025-12-07,2025-12-08,1
,Vanity 1st fix framing,,2025-12-14,2025-12-15,1
,Vanity 1st fix framing,,2025-12-21,2025-12-22,1
,Vanity 1st fix framing,,2025-12-28,2025-12-29,1
,Vanity 1st fix framing,,2026-01-05,2026-01-06,2
,Vanity 1st fix framing,,2026-01-12,2026-01-13,2
,Vanity 1st fix framing,,2026-01-19,2026-01-21,3
,Vanity 1st fix framing,,2026-01-25,2026-03-03,27
,Vanity 1st fix framing,,2026-03-06,2026-03-07,1
,Vanity 1st fix framing,,2026-03-13,2026-03-14,1
,Vanity 1st fix framing,,2026-03-20,2026-03-21,1
,Vanity 1st fix framing,,2026-03-27,2026-03-28,1
,Vanity 1st fix framing,,2026-04-04,2026-04-05,1
,Vanity 1st fix framing,,2026-04-11,2026-04-12,1
,Vanity 1st fix framing,,2026-04-18,2026-04-19,1
,Vanity 1st fix framing,,2026-04-25,2026-04-26,1
,Vanity 1st fix framing,,2026-05-01,2026-05-02,1
,Vanity 1st fix framing,,2026-05-08,2026-05-09,1
,Vanity 1st fix framing,,2026-05-15,2026-05-16,1
,Vanity 1st fix framing,,2026-05-22,2026-05-23,1
,Vanity 1st fix framing,,2026-05-29,2026-05-30,1
,Vanity 1st fix framing,,2026-06-06,2026-06-07,1
,Vanity 1st fix framing,,2026-06-13,2026-06-14,1
,Vanity 1st fix framing,,2026-06-20,2026-06-21,1
,Vanity 1st fix framing,,2026-06-25,2026-06-28,2
111,"Kitchen 1st fix,units tops & appliances",,2025-12-07,2025-12-08,1
111,"Kitchen 1st fix,units tops & appliances",,2025-12-14,2025-12-15,1
111,"Kitchen 1st fix,units tops & appliances",,2025-12-21,2025-12-22,1
111,"Kitchen 1st fix,units tops & appliances",,2025-12-28,2025-12-29,1
111,"Kitchen 1st fix,units tops & appliances",,2026-01-05,2026-01-06,2
111,"Kitchen 1st fix,units tops & appliances",,2026-01-12,2026-01-13,2
111,"Kitchen 1st fix,units tops & appliances",,2026-01-19,2026-01-21,3
111,"Kitchen 1st fix,units tops & appliances",,2026-01-25,2026-03-03,27
111,"Kitchen 1st fix,units tops & appliances",,2026-03-06,2026-03-07,1
111,"Kitchen 1st fix,units tops & appliances",,2026-03-13,2026-03-14,1
111,"Kitchen 1st fix,units tops & appliances",,2026-03-20,2026-03-28,6
111,"Kitchen 1st fix,units tops & appliances",,2026-04-04,2026-04-05,1
111,"Kitchen 1st fix,units tops & appliances",,2026-04-11,2026-04-12,1
111,"Kitchen 1st fix,units tops & appliances",,2026-04-18,2026-04-19,1
111,"Kitchen 1st fix,units tops & appliances",,2026-04-25,2026-04-26,1
111,"Kitchen 1st fix,units tops & appliances",,2026-05-01,2026-05-02,1
111,"Kitchen 1st fix,units tops & appliances",,2026-05-08,2026-05-09,1
111,"Kitchen 1st fix,units tops & appliances",,2026-05-15,2026-05-16,1
111,"Kitchen 1st fix,units tops & appliances",,2026-05-22,2026-05-23,1
111,"Kitchen 1st fix,units tops & appliances",,2026-05-29,2026-05-30,1
111,"Kitchen 1st fix,units tops & appliances",,2026-06-06,2026-06-07,1
111,"Kitchen 1st fix,units tops & appliances",,2026-06-13,2026-06-14,1
111,"Kitchen 1st fix,units tops & appliances",,2026-06-20,2026-06-21,1
111,"Kitchen 1st fix,units tops & appliances",,2026-06-25,2026-06-28,2
,"Plumbing mid fix ,bath ,showers cisterns",,2025-12-07,2025-12-08,1
,"Plumbing mid fix ,bath ,showers cisterns",,2025-12-14,2025-12-15,1
,"Plumbing mid fix ,bath ,showers cisterns",,2025-12-21,2025-12-22,1
,"Plumbing mid fix ,bath ,showers cisterns",,2025-12-28,2025-12-29,1
,"Plumbing mid fix ,bath ,showers cisterns",,2026-01-05,2026-01-06,2
,"Plumbing mid fix ,bath ,showers cisterns",,2026-01-12,2026-01-13,2
,"Plumbing mid fix ,bath ,showers cisterns",,2026-01-19,2026-01-21,3
,"Plumbing mid fix ,bath ,showers cisterns",,2026-01-25,2026-03-03,27
,"Plumbing mid fix ,bath ,showers cisterns",,2026-03-06,2026-03-07,1
,"Plumbing mid fix ,bath ,showers cisterns",,2026-03-10,2026-03-16,5
,"Plumbing mid fix ,bath ,showers cisterns",,2026-03-20,2026-03-21,1
,"Plumbing mid fix ,bath ,showers cisterns",,2026-03-27,2026-03-28,1
,"Plumbing mid fix ,bath ,showers cisterns",,2026-04-04,2026-04-05,1
,"Plumbing mid fix ,bath ,showers cisterns",,2026-04-11,2026-04-12,1
,"Plumbing mid fix ,bath ,showers cisterns",,2026-04-18,2026-04-19,1
,"Plumbing mid fix ,bath ,showers cisterns",,2026-04-25,2026-04-26,1
,"Plumbing mid fix ,bath ,showers cisterns",,2026-05-01,2026-05-02,1
,"Plumbing mid fix ,bath ,showers cisterns",,2026-05-08,2026-05-09,1
,"Plumbing mid fix ,bath ,showers cisterns",,2026-05-15,2026-05-16,1
,"Plumbing mid fix ,bath ,showers cisterns",,2026-05-22,2026-05-23,1
,"Plumbing mid fix ,bath ,showers cisterns",,2026-05-29,2026-05-30,1
,"Plumbing mid fix ,bath ,showers cisterns",,2026-06-06,2026-06-07,1
,"Plumbing mid fix ,bath ,showers cisterns",,2026-06-13,2026-06-14,1
,"Plumbing mid fix ,bath ,showers cisterns",,2026-06-20,2026-06-21,1
,"Plumbing mid fix ,bath ,showers cisterns",,2026-06-25,2026-06-28,2
112,PANACEA,,2025-12-07,2025-12-08,1
112,PANACEA,,2025-12-14,2025-12-15,1
112,PANACEA,,2025-12-21,2025-12-22,1
112,PANACEA,,2025-12-28,2025-12-29,1
112,PANACEA,,2026-01-05,2026-01-06,2
112,PANACEA,,2026-01-12,2026-01-13,2
112,PANACEA,,2026-01-19,2026-01-21,3
112,PANACEA,,2026-01-25,2026-03-03,27
112,PANACEA,,2026-03-06,2026-03-07,1
112,PANACEA,,2026-03-13,2026-03-14,1
112,PANACEA,,2026-03-18,2026-03-24,5
112,PANACEA,,2026-03-27,2026-03-28,1
112,PANACEA,,2026-04-04,2026-04-05,1
112,PANACEA,,2026-04-11,2026-04-12,1
112,PANACEA,,2026-04-18,2026-04-19,1
112,PANACEA,,2026-04-25,2026-04-26,1
112,PANACEA,,2026-05-01,2026-05-02,1
112,PANACEA,,2026-05-08,2026-05-09,1
112,PANACEA,,2026-05-15,2026-05-16,1
112,PANACEA,,2026-05-22,2026-05-23,1
112,PANACEA,,2026-05-29,2026-05-30,1
112,PANACEA,,2026-06-06,2026-06-07,1
112,PANACEA,,2026-06-13,2026-06-14,1
112,PANACEA,,2026-06-20,2026-06-21,1
112,PANACEA,,2026-06-25,2026-06-28,2
113,Edencroft,,2025-12-07,2025-12-08,1
113,Edencroft,,2025-12-14,2025-12-15,1
113,Edencroft,,2025-12-21,2025-12-22,1
113,Edencroft,,2025-12-28,2025-12-29,1
113,Edencroft,,2026-01-05,2026-01-06,2
113,Edencroft,,2026-01-12,2026-01-13,2
113,Edencroft,,2026-01-19,2026-01-21,3
113,Edencroft,,2026-01-25,2026-03-03,27
113,Edencroft,,2026-03-06,2026-03-07,1
113,Edencroft,,2026-03-13,2026-03-21,6
113,Edencroft,,2026-03-27,2026-03-28,1
113,Edencroft,,2026-04-04,2026-04-05,1
113,Edencroft,,2026-04-11,2026-04-12,1
113,Edencroft,,2026-04-18,2026-04-19,1
113,Edencroft,,2026-04-25,2026-04-26,1
113,Edencroft,,2026-05-01,2026-05-02,1
113,Edencroft,,2026-05-08,2026-05-09,1
113,Edencroft,,2026-05-15,2026-05-16,1
113,Edencroft,,2026-05-22,2026-05-23,1
113,Edencroft,,2026-05-29,2026-05-30,1
113,Edencroft,,2026-06-06,2026-06-07,1
113,Edencroft,,2026-06-13,2026-06-14,1
113,Edencroft,,2026-06-20,2026-06-21,1
113,Edencroft,,2026-06-25,2026-06-28,2
,Control point 4 CP 4,,2025-12-07,2025-12-08,1
,Control point 4 CP 4,,2025-12-14,2025-12-15,1
,Control point 4 CP 4,,2025-12-21,2025-12-22,1
,Control point 4 CP 4,,2025-12-28,2025-12-29,1
,Control point 4 CP 4,,2026-01-05,2026-01-06,2
,Control point 4 CP 4,,2026-01-12,2026-01-13,2
,Control point 4 CP 4,,2026-01-19,2026-01-21,3
,Control point 4 CP 4,,2026-01-25,2026-03-03,27
,Control point 4 CP 4,,2026-03-06,2026-03-07,1
,Control point 4 CP 4,,2026-03-13,2026-03-14,1
,Control point 4 CP 4,,2026-03-20,2026-03-21,1
,Control point 4 CP 4,,2026-03-27,2026-03-28,1
,Control point 4 CP 4,,2026-04-04,2026-04-05,1
,Control point 4 CP 4,,2026-04-11,2026-04-12,1
,Control point 4 CP 4,,2026-04-18,2026-04-19,1
,Control point 4 CP 4,,2026-04-25,2026-04-26,1
,Control point 4 CP 4,,2026-05-01,2026-05-02,1
,Control point 4 CP 4,,2026-05-08,2026-05-09,1
,Control point 4 CP 4,,2026-05-15,2026-05-16,1
,Control point 4 CP 4,,2026-05-22,2026-05-23,1
,Control point 4 CP 4,,2026-05-29,2026-05-30,1
,Control point 4 CP 4,,2026-06-06,2026-06-07,1
,Control point 4 CP 4,,2026-06-13,2026-06-14,1
,Control point 4 CP 4,,2026-06-20,2026-06-21,1
,Control point 4 CP 4,,2026-06-25,2026-06-28,2
114,GPL,,2025-12-07,2025-12-08,1
114,GPL,,2025-12-13,2025-12-15,1
114,GPL,,2025-12-21,2025-12-22,1
114,GPL,,2025-12-28,2025-12-29,1
114,GPL,,2026-01-05,2026-01-06,2
114,GPL,,2026-01-12,2026-01-13,2
114,GPL,,2026-01-19,2026-01-21,3
114,GPL,,2026-01-25,2026-03-03,27
114,GPL,,2026-03-06,2026-03-07,1
114,GPL,,2026-03-13,2026-03-14,1
114,GPL,,2026-03-20,2026-03-21,1
114,GPL,,2026-03-23,2026-03-24,2
114,GPL,,2026-03-27,2026-03-28,1
114,GPL,,2026-04-04,2026-04-05,1
114,GPL,,2026-04-11,2026-04-12,1
114,GPL,,2026-04-18,2026-04-19,1
114,GPL,,2026-04-25,2026-04-26,1
114,GPL,,2026-05-01,2026-05-02,1
114,GPL,,2026-05-08,2026-05-09,1
114,GPL,,2026-05-15,2026-05-16,1
114,GPL,,2026-05-22,2026-05-23,1
114,GPL,,2026-05-29,2026-05-30,1
114,GPL,,2026-06-06,2026-06-07,1
114,GPL,,2026-06-13,2026-06-14,1
114,GPL,,2026-06-20,2026-06-21,1
114,GPL,,2026-06-25,2026-06-28,2
115,service cupboard decoration,,2025-12-07,2025-12-08,1
115,service cupboard decoration,,2025-12-14,2025-12-15,1
115,service cupboard decoration,,2025-12-21,2025-12-22,1
115,service cupboard decoration,,2025-12-28,2026-01-06,7
115,service cupboard decoration,,2026-01-12,2026-01-13,2
115,service cupboard decoration,,2026-01-19,2026-01-21,3
115,service cupboard decoration,,2026-01-25,2026-03-03,27
115,service cupboard decoration,,2026-03-06,2026-03-07,1
115,service cupboard decoration,,2026-03-13,2026-03-14,1
115,service cupboard decoration,,2026-03-20,2026-03-21,1
115,service cupboard decoration,,2026-03-25,2026-03-28,3
115,service cupboard decoration,,2026-04-04,2026-04-05,1
115,service cupboard decoration,,2026-04-11,2026-04-12,1
115,service cupboard decoration,,2026-04-18,2026-04-19,1
115,service cupboard decoration,,2026-04-25,2026-04-26,1
115,service cupboard decoration,,2026-05-01,2026-05-02,1
115,service cupboard decoration,,2026-05-08,2026-05-09,1
115,service cupboard decoration,,2026-05-15,2026-05-16,1
115,service cupboard decoration,,2026-05-22,2026-05-23,1
115,service cupboard decoration,,2026-05-29,2026-05-30,1
115,service cupboard decoration,,2026-06-06,2026-06-07,1
115,service cupboard decoration,,2026-06-13,2026-06-14,1
115,service cupboard decoration,,2026-06-20,2026-06-21,1
115,service cupboard decoration,,2026-06-25,2026-06-28,2
,service cupboard cylinder MVHR pipework installation & ducts,,2025-12-07,2025-12-08,1
,service cupboard cylinder MVHR pipework installation & ducts,,2025-12-14,2025-12-15,1
,service cupboard cylinder MVHR pipework installation & ducts,,2025-12-21,2025-12-22,1
,service cupboard cylinder MVHR pipework installation & ducts,,2025-12-28,2025-12-29,1
,service cupboard cylinder MVHR pipework installation & ducts,,2026-01-05,2026-01-06,2
,service cupboard cylinder MVHR pipework installation & ducts,,2026-01-12,2026-01-13,2
,service cupboard cylinder MVHR pipework installation & ducts,,2026-01-19,2026-01-21,3
,service cupboard cylinder MVHR pipework installation & ducts,,2026-01-25,2026-03-03,27
,service cupboard cylinder MVHR pipework installation & ducts,,2026-03-06,2026-03-07,1
,service cupboard cylinder MVHR pipework installation & ducts,,2026-03-13,2026-03-14,1
,service cupboard cylinder MVHR pipework installation & ducts,,2026-03-20,2026-03-21,1
,service cupboard cylinder MVHR pipework installation & ducts,,2026-03-27,2026-03-28,1
,service cupboard cylinder MVHR pipework installation & ducts,,2026-04-04,2026-04-05,1
,service cupboard cylinder MVHR pipework installation & ducts,,2026-04-11,2026-04-12,1
,service cupboard cylinder MVHR pipework installation & ducts,,2026-04-18,2026-04-19,1
,service cupboard cylinder MVHR pipework installation & ducts,,2026-04-25,2026-04-26,1
,service cupboard cylinder MVHR pipework installation & ducts,,2026-05-01,2026-05-02,1
,service cupboard cylinder MVHR pipework installation & ducts,,2026-05-08,2026-05-09,1
,service cupboard cylinder MVHR pipework installation & ducts,,2026-05-15,2026-05-16,1
,service cupboard cylinder MVHR pipework installation & ducts,,2026-05-22,2026-05-23,1
,service cupboard cylinder MVHR pipework installation & ducts,,2026-05-29,2026-05-30,1
,service cupboard cylinder MVHR pipework installation & ducts,,2026-06-06,2026-06-07,1
,service cupboard cylinder MVHR pipework installation & ducts,,2026-06-13,2026-06-14,1
,service cupboard cylinder MVHR pipework installation & ducts,,2026-06-20,2026-06-21,1
,service cupboard cylinder MVHR pipework installation & ducts,,2026-06-25,2026-06-28,2
,Amtico flooring /Bathrooms,,2025-12-07,2025-12-08,1
,Amtico flooring /Bathrooms,,2025-12-14,2025-12-15,1
,Amtico flooring /Bathrooms,,2025-12-21,2025-12-22,1
,Amtico flooring /Bathrooms,,2025-12-28,2025-12-29,1
,Amtico flooring /Bathrooms,,2026-01-05,2026-01-06,2
,Amtico flooring /Bathrooms,,2026-01-12,2026-01-13,2
,Amtico flooring /Bathrooms,,2026-01-19,2026-01-21,3
,Amtico flooring /Bathrooms,,2026-01-25,2026-03-03,27
,Amtico flooring /Bathrooms,,2026-03-06,2026-03-07,1
,Amtico flooring /Bathrooms,,2026-03-13,2026-03-14,1
,Amtico flooring /Bathrooms,,2026-03-20,2026-03-21,1
,Amtico flooring /Bathrooms,,2026-03-27,2026-04-05,6
,Amtico flooring /Bathrooms,,2026-04-11,2026-04-12,1
,Amtico flooring /Bathrooms,,2026-04-18,2026-04-19,1
,Amtico flooring /Bathrooms,,2026-04-25,2026-04-26,1
,Amtico flooring /Bathrooms,,2026-05-01,2026-05-02,1
,Amtico flooring /Bathrooms,,2026-05-08,2026-05-09,1
,Amtico flooring /Bathrooms,,2026-05-15,2026-05-16,1
,Amtico flooring /Bathrooms,,2026-05-22,2026-05-23,1
,Amtico flooring /Bathrooms,,2026-05-29,2026-05-30,1
,Amtico flooring /Bathrooms,,2026-06-06,2026-06-07,1
,Amtico flooring /Bathrooms,,2026-06-13,2026-06-14,1
,Amtico flooring /Bathrooms,,2026-06-20,2026-06-21,1
,Amtico flooring /Bathrooms,,2026-06-25,2026-06-28,2
,Plumbing second fix sanitaryware & pressure testing,,2025-12-07,2025-12-08,1
,Plumbing second fix sanitaryware & pressure testing,,2025-12-14,2025-12-15,1
,Plumbing second fix sanitaryware & pressure testing,,2025-12-21,2025-12-29,6
,Plumbing second fix sanitaryware & pressure testing,,2026-01-05,2026-01-06,2
,Plumbing second fix sanitaryware & pressure testing,,2026-01-12,2026-01-13,2
,Plumbing second fix sanitaryware & pressure testing,,2026-01-19,2026-01-21,3
,Plumbing second fix sanitaryware & pressure testing,,2026-01-25,2026-03-03,27
,Plumbing second fix sanitaryware & pressure testing,,2026-03-06,2026-03-07,1
,Plumbing second fix sanitaryware & pressure testing,,2026-03-13,2026-03-14,1
,Plumbing second fix sanitaryware & pressure testing,,2026-03-20,2026-03-21,1
,Plumbing second fix sanitaryware & pressure testing,,2026-03-27,2026-03-28,1
,Plumbing second fix sanitaryware & pressure testing,,2026-04-04,2026-04-12,5
,Plumbing second fix sanitaryware & pressure testing,,2026-04-18,2026-04-19,1
,Plumbing second fix sanitaryware & pressure testing,,2026-04-25,2026-04-26,1
,Plumbing second fix sanitaryware & pressure testing,,2026-05-01,2026-05-02,1
,Plumbing second fix sanitaryware & pressure testing,,2026-05-08,2026-05-09,1
,Plumbing second fix sanitaryware & pressure testing,,2026-05-15,2026-05-16,1
,Plumbing second fix sanitaryware & pressure testing,,2026-05-22,2026-05-23,1
,Plumbing second fix sanitaryware & pressure testing,,2026-05-29,2026-05-30,1
,Plumbing second fix sanitaryware & pressure testing,,2026-06-06,2026-06-07,1
,Plumbing second fix sanitaryware & pressure testing,,2026-06-13,2026-06-14,1
,Plumbing second fix sanitaryware & pressure testing,,2026-06-20,2026-06-21,1
,Electrical 2nd fix  & live testing,,2025-12-07,2025-12-08,1
,Electrical 2nd fix  & live testing,,2025-12-14,2025-12-15,1
,Electrical 2nd fix  & live testing,,2025-12-21,2025-12-22,1
,Electrical 2nd fix  & live testing,,2025-12-28,2026-01-06,7
,Electrical 2nd fix  & live testing,,2026-01-12,2026-01-13,2
,Electrical 2nd fix  & live testing,,2026-01-19,2026-01-21,3
,Electrical 2nd fix  & live testing,,2026-01-25,2026-03-03,27
,Electrical 2nd fix  & live testing,,2026-03-06,2026-03-07,1
,Electrical 2nd fix  & live testing,,2026-03-13,2026-03-14,1
,Electrical 2nd fix  & live testing,,2026-03-20,2026-03-21,1
,Electrical 2nd fix  & live testing,,2026-03-27,2026-03-28,1
,Electrical 2nd fix  & live testing,,2026-04-04,2026-04-05,1
,Electrical 2nd fix  & live testing,,2026-04-11,2026-04-19,5
,Electrical 2nd fix  & live testing,,2026-04-25,2026-04-26,1
,Electrical 2nd fix  & live testing,,2026-05-01,2026-05-02,1
,Electrical 2nd fix  & live testing,,2026-05-08,2026-05-09,1
,Electrical 2nd fix  & live testing,,2026-05-15,2026-05-16,1
,Electrical 2nd fix  & live testing,,2026-05-22,2026-05-23,1
,Electrical 2nd fix  & live testing,,2026-05-29,2026-05-30,1
,Electrical 2nd fix  & live testing,,2026-06-06,2026-06-07,1
,Electrical 2nd fix  & live testing,,2026-06-13,2026-06-14,1
,Electrical 2nd fix  & live testing,,2026-06-20,2026-06-21,1
116,Builders clean,,2025-12-07,2025-12-08,1
116,Builders clean,,2025-12-14,2025-12-15,1
116,Builders clean,,2025-12-21,2025-12-22,1
116,Builders clean,,2025-12-28,2025-12-29,1
116,Builders clean,,2026-01-05,2026-01-06,2
116,Builders clean,,2026-01-12,2026-01-13,2
116,Builders clean,,2026-01-19,2026-01-21,3
116,Builders clean,,2026-01-25,2026-03-03,27
116,Builders clean,,2026-03-06,2026-03-07,1
116,Builders clean,,2026-03-13,2026-03-14,1
116,Builders clean,,2026-03-20,2026-03-21,1
116,Builders clean,,2026-03-27,2026-03-28,1
116,Builders clean,,2026-04-04,2026-04-05,1
116,Builders clean,,2026-04-11,2026-04-12,1
116,Builders clean,,2026-04-18,2026-04-19,1
116,Builders clean,,2026-04-25,2026-04-26,1
116,Builders clean,,2026-05-01,2026-05-02,1
116,Builders clean,,2026-05-08,2026-05-09,1
116,Builders clean,,2026-05-15,2026-05-16,1
116,Builders clean,,2026-05-22,2026-05-23,1
116,Builders clean,,2026-05-29,2026-05-30,1
116,Builders clean,,2026-06-06,2026-06-07,1
116,Builders clean,,2026-06-13,2026-06-14,1
116,Builders clean,,2026-06-20,2026-06-21,1
117,MCL,,2025-12-07,2025-12-12,5
117,MCL,,2025-12-14,2025-12-16,2
117,MCL,,2025-12-21,2025-12-24,3
117,MCL,,2025-12-28,2025-12-29,1
117,MCL,,2026-01-05,2026-01-06,2
117,MCL,,2026-01-12,2026-01-13,2
117,MCL,,2026-01-19,2026-01-21,3
117,MCL,,2026-01-25,2026-03-03,27
117,MCL,,2026-03-06,2026-03-07,1
117,MCL,,2026-03-13,2026-03-14,1
117,MCL,,2026-03-20,2026-03-21,1
117,MCL,,2026-03-27,2026-03-28,1
117,MCL,,2026-04-04,2026-04-05,1
117,MCL,,2026-04-11,2026-04-12,1
117,MCL,,2026-04-18,2026-04-19,1
117,MCL,,2026-04-25,2026-04-26,1
117,MCL,,2026-05-01,2026-05-02,1
117,MCL,,2026-05-08,2026-05-09,1
117,MCL,,2026-05-15,2026-05-16,1
117,MCL,,2026-05-22,2026-05-23,1
117,MCL,,2026-05-29,2026-05-30,1
117,MCL,,2026-06-06,2026-06-07,1
117,MCL,,2026-06-13,2026-06-14,1
117,MCL,,2026-06-20,2026-06-21,1
118,PANACEA,,2025-12-07,2025-12-12,5
118,PANACEA,,2025-12-14,2025-12-16,2
118,PANACEA,,2025-12-21,2025-12-24,3
118,PANACEA,,2025-12-26,2026-01-01,5
118,PANACEA,,2026-01-05,2026-01-06,2
118,PANACEA,,2026-01-12,2026-01-13,2
118,PANACEA,,2026-01-19,2026-01-21,3
118,PANACEA,,2026-01-25,2026-03-03,27
118,PANACEA,,2026-03-06,2026-03-07,1
118,PANACEA,,2026-03-13,2026-03-14,1
118,PANACEA,,2026-03-20,2026-03-21,1
118,PANACEA,,2026-03-27,2026-03-28,1
118,PANACEA,,2026-04-04,2026-04-05,1
118,PANACEA,,2026-04-11,2026-04-12,1
118,PANACEA,,2026-04-18,2026-04-19,1
118,PANACEA,,2026-04-22,2026-04-28,5
118,PANACEA,,2026-05-01,2026-05-02,1
118,PANACEA,,2026-05-08,2026-05-09,1
118,PANACEA,,2026-05-15,2026-05-16,1
118,PANACEA,,2026-05-22,2026-05-23,1
118,PANACEA,,2026-05-29,2026-05-30,1
118,PANACEA,,2026-06-06,2026-06-07,1
118,PANACEA,,2026-06-13,2026-06-14,1
118,PANACEA,,2026-06-20,2026-06-21,1
119,TECL,,2025-12-07,2025-12-12,5
119,TECL,,2025-12-14,2025-12-16,2
119,TECL,,2025-12-21,2025-12-24,3
119,TECL,,2025-12-28,2025-12-29,1
119,TECL,,2026-01-05,2026-01-13,7
119,TECL,,2026-01-19,2026-01-21,3
119,TECL,,2026-01-25,2026-03-03,27
119,TECL,,2026-03-06,2026-03-07,1
119,TECL,,2026-03-13,2026-03-14,1
119,TECL,,2026-03-20,2026-03-21,1
119,TECL,,2026-03-27,2026-03-28,1
119,TECL,,2026-04-04,2026-04-05,1
119,TECL,,2026-04-11,2026-04-12,1
119,TECL,,2026-04-18,2026-04-19,1
119,TECL,,2026-04-25,2026-04-26,1
119,TECL,,2026-04-29,2026-05-02,3
119,TECL,,2026-05-08,2026-05-09,1
119,TECL,,2026-05-15,2026-05-16,1
119,TECL,,2026-05-22,2026-05-23,1
119,TECL,,2026-05-29,2026-05-30,1
119,TECL,,2026-06-06,2026-06-07,1
119,TECL,,2026-06-13,2026-06-14,1
119,TECL,,2026-06-20,2026-06-21,1
120,De snag all trades test & commision,,2025-12-07,2025-12-08,1
120,De snag all trades test & commision,,2025-12-14,2025-12-15,1
120,De snag all trades test & commision,,2025-12-21,2025-12-22,1
120,De snag all trades test & commision,,2025-12-28,2025-12-29,1
120,De snag all trades test & commision,,2026-01-05,2026-01-06,2
120,De snag all trades test & commision,,2026-01-12,2026-01-13,2
120,De snag all trades test & commision,,2026-01-19,2026-01-21,3
120,De snag all trades test & commision,,2026-01-25,2026-03-03,27
120,De snag all trades test & commision,,2026-03-06,2026-03-07,1
120,De snag all trades test & commision,,2026-03-13,2026-03-14,1
120,De snag all trades test & commision,,2026-03-20,2026-03-21,1
120,De snag all trades test & commision,,2026-03-27,2026-03-28,1
120,De snag all trades test & commision,,2026-04-04,2026-04-05,1
120,De snag all trades test & commision,,2026-04-11,2026-04-12,1
120,De snag all trades test & commision,,2026-04-18,2026-04-19,1
120,De snag all trades test & commision,,2026-04-25,2026-04-26,1
120,De snag all trades test & commision,,2026-05-01,2026-05-09,6
120,De snag all trades test & commision,,2026-05-15,2026-05-16,1
120,De snag all trades test & commision,,2026-05-22,2026-05-23,1
120,De snag all trades test & commision,,2026-05-29,2026-05-30,1
120,De snag all trades test & commision,,2026-06-06,2026-06-07,1
120,De snag all trades test & commision,,2026-06-13,2026-06-14,1
120,De snag all trades test & commision,,2026-06-20,2026-06-21,1
121,MCL,,2025-12-07,2025-12-08,1
121,MCL,,2025-12-14,2025-12-15,1
121,MCL,,2025-12-21,2025-12-22,1
121,MCL,,2025-12-28,2025-12-29,1
121,MCL,,2026-01-05,2026-01-06,2
121,MCL,,2026-01-12,2026-01-13,2
121,MCL,,2026-01-19,2026-01-21,3
121,MCL,,2026-01-25,2026-03-03,27
121,MCL,,2026-03-06,2026-03-07,1
121,MCL,,2026-03-13,2026-03-14,1
121,MCL,,2026-03-20,2026-03-21,1
121,MCL,,2026-03-27,2026-03-28,1
121,MCL,,2026-04-04,2026-04-05,1
121,MCL,,2026-04-11,2026-04-12,1
121,MCL,,2026-04-18,2026-04-19,1
121,MCL,,2026-04-25,2026-04-26,1
121,MCL,,2026-05-01,2026-05-02,1
121,MCL,,2026-05-08,2026-05-16,6
121,MCL,,2026-05-22,2026-05-23,1
121,MCL,,2026-05-29,2026-05-30,1
121,MCL,,2026-06-06,2026-06-07,1
121,MCL,,2026-06-13,2026-06-14,1
121,MCL,,2026-06-20,2026-06-21,1
122,ARMSTRONG,,2025-12-07,2025-12-08,1
122,ARMSTRONG,,2025-12-14,2025-12-15,1
122,ARMSTRONG,,2025-12-21,2025-12-22,1
122,ARMSTRONG,,2025-12-28,2025-12-29,1
122,ARMSTRONG,,2026-01-05,2026-01-06,2
122,ARMSTRONG,,2026-01-12,2026-01-21,8
122,ARMSTRONG,,2026-01-25,2026-03-03,27
122,ARMSTRONG,,2026-03-06,2026-03-07,1
122,ARMSTRONG,,2026-03-13,2026-03-14,1
122,ARMSTRONG,,2026-03-20,2026-03-21,1
122,ARMSTRONG,,2026-03-27,2026-03-28,1
122,ARMSTRONG,,2026-04-04,2026-04-05,1
122,ARMSTRONG,,2026-04-11,2026-04-12,1
122,ARMSTRONG,,2026-04-18,2026-04-19,1
122,ARMSTRONG,,2026-04-25,2026-04-26,1
122,ARMSTRONG,,2026-05-01,2026-05-02,1
122,ARMSTRONG,,2026-05-08,2026-05-09,1
122,ARMSTRONG,,2026-05-15,2026-05-18,2
122,ARMSTRONG,,2026-05-22,2026-05-23,1
122,ARMSTRONG,,2026-05-29,2026-05-30,1
122,ARMSTRONG,,2026-06-06,2026-06-07,1
122,ARMSTRONG,,2026-06-13,2026-06-14,1
122,ARMSTRONG,,2026-06-20,2026-06-21,1
,Handover to client,,2025-12-07,2025-12-08,1
,Handover to client,,2025-12-14,2025-12-15,1
,Handover to client,,2025-12-21,2025-12-22,1
,Handover to client,,2025-12-28,2025-12-29,1
,Handover to client,,2026-01-05,2026-01-06,2
,Handover to client,,2026-01-12,2026-01-21,8
,Handover to client,,2026-01-25,2026-03-03,27
,Handover to client,,2026-03-06,2026-03-07,1
,Handover to client,,2026-03-13,2026-03-14,1
,Handover to client,,2026-03-20,2026-03-21,1
,Handover to client,,2026-03-27,2026-03-28,1
,Handover to client,,2026-04-04,2026-04-05,1
,Handover to client,,2026-04-11,2026-04-12,1
,Handover to client,,2026-04-18,2026-04-19,1
,Handover to client,,2026-04-25,2026-04-26,1
,Handover to client,,2026-05-01,2026-05-02,1
,Handover to client,,2026-05-08,2026-05-09,1
,Handover to client,,2026-05-15,2026-05-16,1
,Handover to client,,2026-05-22,2026-05-23,1
,Handover to client,,2026-05-29,2026-06-01,2
,Handover to client,,2026-06-06,2026-06-07,1
,Handover to client,,2026-06-13,2026-06-14,1
,Handover to client,,2026-06-20,2026-06-21,1
,Level 5Apartment fit out -cluster 2,,2025-12-07,2025-12-08,1
,Level 5Apartment fit out -cluster 2,,2025-12-14,2025-12-15,1
,Level 5Apartment fit out -cluster 2,,2025-12-21,2025-12-22,1
,Level 5Apartment fit out -cluster 2,,2025-12-28,2025-12-29,1
,Level 5Apartment fit out -cluster 2,,2026-01-05,2026-01-06,2
,Level 5Apartment fit out -cluster 2,,2026-01-12,2026-01-13,2
,Level 5Apartment fit out -cluster 2,,2026-01-15,2026-01-21,5
,Level 5Apartment fit out -cluster 2,,2026-01-25,2026-03-03,27
,Level 5Apartment fit out -cluster 2,,2026-03-06,2026-03-07,1
,Level 5Apartment fit out -cluster 2,,2026-03-13,2026-03-14,1
,Level 5Apartment fit out -cluster 2,,2026-03-20,2026-03-21,1
,Level 5Apartment fit out -cluster 2,,2026-03-27,2026-03-28,1
,Level 5Apartment fit out -cluster 2,,2026-04-04,2026-04-05,1
,Level 5Apartment fit out -cluster 2,,2026-04-11,2026-04-12,1
,Level 5Apartment fit out -cluster 2,,2026-04-18,2026-04-19,1
,Level 5Apartment fit out -cluster 2,,2026-04-25,2026-04-26,1
,Level 5Apartment fit out -cluster 2,,2026-05-01,2026-05-02,1
,Level 5Apartment fit out -cluster 2,,2026-05-08,2026-05-09,1
,Level 5Apartment fit out -cluster 2,,2026-05-15,2026-05-16,1
,Level 5Apartment fit out -cluster 2,,2026-05-22,2026-05-23,1
,Level 5Apartment fit out -cluster 2,,2026-05-29,2026-05-30,1
,Level 5Apartment fit out -cluster 2,,2026-06-06,2026-06-07,1
,Level 5Apartment fit out -cluster 2,,2026-06-13,2026-06-14,1
,Level 5Apartment fit out -cluster 2,,2026-06-20,2026-06-21,1
,CONTROL POINT 2 (CP2),,2025-12-07,2025-12-09,2
,CONTROL POINT 2 (CP2),,2025-12-14,2025-12-15,1
,CONTROL POINT 2 (CP2),,2025-12-21,2025-12-22,1
,CONTROL POINT 2 (CP2),,2025-12-24,2025-12-26,3
,CONTROL POINT 2 (CP2),,2025-12-28,2025-12-29,1
,CONTROL POINT 2 (CP2),,2026-01-05,2026-01-06,2
,CONTROL POINT 2 (CP2),,2026-01-11,2026-01-13,2
,CONTROL POINT 2 (CP2),,2026-01-19,2026-01-21,3
,CONTROL POINT 2 (CP2),,2026-01-25,2026-03-03,27
,CONTROL POINT 2 (CP2),,2026-03-06,2026-03-07,1
,CONTROL POINT 2 (CP2),,2026-03-13,2026-03-14,1
,CONTROL POINT 2 (CP2),,2026-03-20,2026-03-21,1
,CONTROL POINT 2 (CP2),,2026-03-27,2026-03-28,1
,CONTROL POINT 2 (CP2),,2026-04-04,2026-04-05,1
,CONTROL POINT 2 (CP2),,2026-04-11,2026-04-12,1
,CONTROL POINT 2 (CP2),,2026-04-18,2026-04-19,1
,CONTROL POINT 2 (CP2),,2026-04-25,2026-04-26,1
,CONTROL POINT 2 (CP2),,2026-05-01,2026-05-02,1
,CONTROL POINT 2 (CP2),,2026-05-08,2026-05-09,1
,CONTROL POINT 2 (CP2),,2026-05-15,2026-05-16,1
,CONTROL POINT 2 (CP2),,2026-05-22,2026-05-23,1
,CONTROL POINT 2 (CP2),,2026-05-29,2026-05-30,1
,CONTROL POINT 2 (CP2),,2026-06-06,2026-06-07,1
,CONTROL POINT 2 (CP2),,2026-06-13,2026-06-14,1
,CONTROL POINT 2 (CP2),,2026-06-20,2026-06-21,1
128,MCL,,2025-12-07,2025-12-11,4
128,MCL,,2025-12-13,2025-12-16,2
128,MCL,,2025-12-19,2025-12-24,4
128,MCL,,2025-12-26,2025-12-29,2
128,MCL,,2026-01-05,2026-01-06,2
128,MCL,,2026-01-11,2026-01-13,2
128,MCL,,2026-01-19,2026-01-21,3
128,MCL,,2026-01-25,2026-03-03,27
128,MCL,,2026-03-06,2026-03-07,1
128,MCL,,2026-03-13,2026-03-14,1
128,MCL,,2026-03-20,2026-03-21,1
128,MCL,,2026-03-27,2026-03-28,1
128,MCL,,2026-04-04,2026-04-05,1
128,MCL,,2026-04-11,2026-04-12,1
128,MCL,,2026-04-18,2026-04-19,1
128,MCL,,2026-04-25,2026-04-26,1
128,MCL,,2026-05-01,2026-05-02,1
128,MCL,,2026-05-08,2026-05-09,1
128,MCL,,2026-05-15,2026-05-16,1
128,MCL,,2026-05-22,2026-05-23,1
128,MCL,,2026-05-29,2026-05-30,1
128,MCL,,2026-06-06,2026-06-07,1
128,MCL,,2026-06-13,2026-06-14,1
128,MCL,,2026-06-20,2026-06-21,1
,2nd fix Partitions - insulation and board,,2025-12-07,2025-12-11,4
,2nd fix Partitions - insulation and board,,2025-12-13,2025-12-16,2
,2nd fix Partitions - insulation and board,,2025-12-19,2025-12-24,4
,2nd fix Partitions - insulation and board,,2025-12-26,2025-12-29,2
,2nd fix Partitions - insulation and board,,2026-01-05,2026-01-06,2
,2nd fix Partitions - insulation and board,,2026-01-11,2026-01-13,2
,2nd fix Partitions - insulation and board,,2026-01-19,2026-01-21,3
,2nd fix Partitions - insulation and board,,2026-01-25,2026-03-03,27
,2nd fix Partitions - insulation and board,,2026-03-06,2026-03-07,1
,2nd fix Partitions - insulation and board,,2026-03-13,2026-03-14,1
,2nd fix Partitions - insulation and board,,2026-03-20,2026-03-21,1
,2nd fix Partitions - insulation and board,,2026-03-27,2026-03-28,1
,2nd fix Partitions - insulation and board,,2026-04-04,2026-04-05,1
,2nd fix Partitions - insulation and board,,2026-04-11,2026-04-12,1
,2nd fix Partitions - insulation and board,,2026-04-18,2026-04-19,1
,2nd fix Partitions - insulation and board,,2026-04-25,2026-04-26,1
,2nd fix Partitions - insulation and board,,2026-05-01,2026-05-02,1
,2nd fix Partitions - insulation and board,,2026-05-08,2026-05-09,1
,2nd fix Partitions - insulation and board,,2026-05-15,2026-05-16,1
,2nd fix Partitions - insulation and board,,2026-05-22,2026-05-23,1
,2nd fix Partitions - insulation and board,,2026-05-29,2026-05-30,1
,2nd fix Partitions - insulation and board,,2026-06-06,2026-06-07,1
,2nd fix Partitions - insulation and board,,2026-06-13,2026-06-14,1
,2nd fix Partitions - insulation and board,,2026-06-20,2026-06-21,1
,Install Vents/ducts,,2025-12-07,2025-12-11,4
,Install Vents/ducts,,2025-12-13,2025-12-16,2
,Install Vents/ducts,,2025-12-19,2025-12-24,4
,Install Vents/ducts,,2025-12-26,2025-12-29,2
,Install Vents/ducts,,2026-01-05,2026-01-06,2
,Install Vents/ducts,,2026-01-11,2026-01-13,2
,Install Vents/ducts,,2026-01-19,2026-01-21,3
,Install Vents/ducts,,2026-01-25,2026-03-03,27
,Install Vents/ducts,,2026-03-06,2026-03-07,1
,Install Vents/ducts,,2026-03-13,2026-03-14,1
,Install Vents/ducts,,2026-03-20,2026-03-21,1
,Install Vents/ducts,,2026-03-27,2026-03-28,1
,Install Vents/ducts,,2026-04-04,2026-04-05,1
,Install Vents/ducts,,2026-04-11,2026-04-12,1
,Install Vents/ducts,,2026-04-18,2026-04-19,1
,Install Vents/ducts,,2026-04-25,2026-04-26,1
,Install Vents/ducts,,2026-05-01,2026-05-02,1
,Install Vents/ducts,,2026-05-08,2026-05-09,1
,Install Vents/ducts,,2026-05-15,2026-05-16,1
,Install Vents/ducts,,2026-05-22,2026-05-23,1
,Install Vents/ducts,,2026-05-29,2026-05-30,1
,Install Vents/ducts,,2026-06-06,2026-06-07,1
,Install Vents/ducts,,2026-06-13,2026-06-14,1
,Install Vents/ducts,,2026-06-20,2026-06-21,1
,CONTROL POINT 3 (CP3),,2025-12-07,2025-12-11,4
,CONTROL POINT 3 (CP3),,2025-12-13,2025-12-16,2
,CONTROL POINT 3 (CP3),,2025-12-19,2025-12-24,4
,CONTROL POINT 3 (CP3),,2025-12-26,2025-12-29,2
,CONTROL POINT 3 (CP3),,2026-01-05,2026-01-06,2
,CONTROL POINT 3 (CP3),,2026-01-11,2026-01-13,2
,CONTROL POINT 3 (CP3),,2026-01-19,2026-01-21,3
,CONTROL POINT 3 (CP3),,2026-01-25,2026-03-03,27
,CONTROL POINT 3 (CP3),,2026-03-06,2026-03-07,1
,CONTROL POINT 3 (CP3),,2026-03-13,2026-03-14,1
,CONTROL POINT 3 (CP3),,2026-03-20,2026-03-21,1
,CONTROL POINT 3 (CP3),,2026-03-27,2026-03-28,1
,CONTROL POINT 3 (CP3),,2026-04-04,2026-04-05,1
,CONTROL POINT 3 (CP3),,2026-04-11,2026-04-12,1
,CONTROL POINT 3 (CP3),,2026-04-18,2026-04-19,1
,CONTROL POINT 3 (CP3),,2026-04-25,2026-04-26,1
,CONTROL POINT 3 (CP3),,2026-05-01,2026-05-02,1
,CONTROL POINT 3 (CP3),,2026-05-08,2026-05-09,1
,CONTROL POINT 3 (CP3),,2026-05-15,2026-05-16,1
,CONTROL POINT 3 (CP3),,2026-05-22,2026-05-23,1
,CONTROL POINT 3 (CP3),,2026-05-29,2026-05-30,1
,CONTROL POINT 3 (CP3),,2026-06-06,2026-06-07,1
,CONTROL POINT 3 (CP3),,2026-06-13,2026-06-14,1
,CONTROL POINT 3 (CP3),,2026-06-20,2026-06-21,1
129,Ceiling void closure checklist sign off,,2025-12-07,2025-12-09,2
129,Ceiling void closure checklist sign off,,2025-12-13,2025-12-16,2
129,Ceiling void closure checklist sign off,,2025-12-19,2025-12-24,4
129,Ceiling void closure checklist sign off,,2025-12-26,2025-12-29,2
129,Ceiling void closure checklist sign off,,2026-01-05,2026-01-06,2
129,Ceiling void closure checklist sign off,,2026-01-11,2026-01-13,2
129,Ceiling void closure checklist sign off,,2026-01-19,2026-01-21,3
129,Ceiling void closure checklist sign off,,2026-01-25,2026-03-03,27
129,Ceiling void closure checklist sign off,,2026-03-06,2026-03-07,1
129,Ceiling void closure checklist sign off,,2026-03-13,2026-03-14,1
129,Ceiling void closure checklist sign off,,2026-03-20,2026-03-21,1
129,Ceiling void closure checklist sign off,,2026-03-27,2026-03-28,1
129,Ceiling void closure checklist sign off,,2026-04-04,2026-04-05,1
129,Ceiling void closure checklist sign off,,2026-04-11,2026-04-12,1
129,Ceiling void closure checklist sign off,,2026-04-18,2026-04-19,1
129,Ceiling void closure checklist sign off,,2026-04-25,2026-04-26,1
129,Ceiling void closure checklist sign off,,2026-05-01,2026-05-02,1
129,Ceiling void closure checklist sign off,,2026-05-08,2026-05-09,1
129,Ceiling void closure checklist sign off,,2026-05-15,2026-05-16,1
129,Ceiling void closure checklist sign off,,2026-05-22,2026-05-23,1
129,Ceiling void closure checklist sign off,,2026-05-29,2026-05-30,1
129,Ceiling void closure checklist sign off,,2026-06-06,2026-06-07,1
129,Ceiling void closure checklist sign off,,2026-06-13,2026-06-14,1
129,Ceiling void closure checklist sign off,,2026-06-20,2026-06-21,1
130,PANACEA,,2025-12-07,2025-12-16,7
130,PANACEA,,2025-12-19,2025-12-24,4
130,PANACEA,,2025-12-26,2025-12-29,2
130,PANACEA,,2026-01-05,2026-01-06,2
130,PANACEA,,2026-01-11,2026-01-13,2
130,PANACEA,,2026-01-19,2026-01-21,3
130,PANACEA,,2026-01-25,2026-03-03,27
130,PANACEA,,2026-03-06,2026-03-07,1
130,PANACEA,,2026-03-13,2026-03-14,1
130,PANACEA,,2026-03-20,2026-03-21,1
130,PANACEA,,2026-03-27,2026-03-28,1
130,PANACEA,,2026-04-04,2026-04-05,1
130,PANACEA,,2026-04-11,2026-04-12,1
130,PANACEA,,2026-04-18,2026-04-19,1
130,PANACEA,,2026-04-25,2026-04-26,1
130,PANACEA,,2026-05-01,2026-05-02,1
130,PANACEA,,2026-05-08,2026-05-09,1
130,PANACEA,,2026-05-15,2026-05-16,1
130,PANACEA,,2026-05-22,2026-05-23,1
130,PANACEA,,2026-05-29,2026-05-30,1
130,PANACEA,,2026-06-06,2026-06-07,1
130,PANACEA,,2026-06-13,2026-06-14,1
130,PANACEA,,2026-06-20,2026-06-21,1
131,CARA,,2025-12-07,2025-12-09,2
131,CARA,,2025-12-13,2025-12-16,2
131,CARA,,2025-12-19,2025-12-24,4
131,CARA,,2025-12-26,2025-12-29,2
131,CARA,,2026-01-05,2026-01-06,2
131,CARA,,2026-01-11,2026-01-13,2
131,CARA,,2026-01-19,2026-01-21,3
131,CARA,,2026-01-25,2026-03-03,27
131,CARA,,2026-03-06,2026-03-07,1
131,CARA,,2026-03-13,2026-03-14,1
131,CARA,,2026-03-20,2026-03-21,1
131,CARA,,2026-03-27,2026-03-28,1
131,CARA,,2026-04-04,2026-04-05,1
131,CARA,,2026-04-11,2026-04-12,1
131,CARA,,2026-04-18,2026-04-19,1
131,CARA,,2026-04-25,2026-04-26,1
131,CARA,,2026-05-01,2026-05-02,1
131,CARA,,2026-05-08,2026-05-09,1
131,CARA,,2026-05-15,2026-05-16,1
131,CARA,,2026-05-22,2026-05-23,1
131,CARA,,2026-05-29,2026-05-30,1
131,CARA,,2026-06-06,2026-06-07,1
131,CARA,,2026-06-13,2026-06-14,1
131,CARA,,2026-06-20,2026-06-21,1
132,Ceilings -  board (cut holes for lights),,2025-12-07,2025-12-09,2
132,Ceilings -  board (cut holes for lights),,2025-12-13,2025-12-16,2
132,Ceilings -  board (cut holes for lights),,2025-12-19,2025-12-24,4
132,Ceilings -  board (cut holes for lights),,2025-12-26,2025-12-29,2
132,Ceilings -  board (cut holes for lights),,2026-01-05,2026-01-06,2
132,Ceilings -  board (cut holes for lights),,2026-01-11,2026-01-13,2
132,Ceilings -  board (cut holes for lights),,2026-01-19,2026-01-21,3
132,Ceilings -  board (cut holes for lights),,2026-01-25,2026-03-03,27
132,Ceilings -  board (cut holes for lights),,2026-03-06,2026-03-07,1
132,Ceilings -  board (cut holes for lights),,2026-03-13,2026-03-14,1
132,Ceilings -  board (cut holes for lights),,2026-03-20,2026-03-21,1
132,Ceilings -  board (cut holes for lights),,2026-03-27,2026-03-28,1
132,Ceilings -  board (cut holes for lights),,2026-04-04,2026-04-05,1
132,Ceilings -  board (cut holes for lights),,2026-04-11,2026-04-12,1
132,Ceilings -  board (cut holes for lights),,2026-04-18,2026-04-19,1
132,Ceilings -  board (cut holes for lights),,2026-04-25,2026-04-26,1
132,Ceilings -  board (cut holes for lights),,2026-05-01,2026-05-02,1
132,Ceilings -  board (cut holes for lights),,2026-05-08,2026-05-09,1
132,Ceilings -  board (cut holes for lights),,2026-05-15,2026-05-16,1
132,Ceilings -  board (cut holes for lights),,2026-05-22,2026-05-23,1
132,Ceilings -  board (cut holes for lights),,2026-05-29,2026-05-30,1
132,Ceilings -  board (cut holes for lights),,2026-06-06,2026-06-07,1
132,Ceilings -  board (cut holes for lights),,2026-06-13,2026-06-14,1
132,Ceilings -  board (cut holes for lights),,2026-06-20,2026-06-21,1
133,GPL,,2025-12-07,2025-12-09,2
133,GPL,,2025-12-13,2025-12-16,2
133,GPL,,2025-12-19,2025-12-24,4
133,GPL,,2025-12-26,2025-12-29,2
133,GPL,,2026-01-02,2026-01-08,5
133,GPL,,2026-01-11,2026-01-13,2
133,GPL,,2026-01-19,2026-01-21,3
133,GPL,,2026-01-25,2026-03-08,30
133,GPL,,2026-03-13,2026-03-14,1
133,GPL,,2026-03-20,2026-03-21,1
133,GPL,,2026-03-27,2026-03-28,1
133,GPL,,2026-04-04,2026-04-05,1
133,GPL,,2026-04-11,2026-04-12,1
133,GPL,,2026-04-18,2026-04-19,1
133,GPL,,2026-04-25,2026-04-26,1
133,GPL,,2026-05-01,2026-05-02,1
133,GPL,,2026-05-08,2026-05-09,1
133,GPL,,2026-05-15,2026-05-16,1
133,GPL,,2026-05-22,2026-05-23,1
133,GPL,,2026-05-29,2026-05-30,1
133,GPL,,2026-06-06,2026-06-07,1
133,GPL,,2026-06-13,2026-06-14,1
133,GPL,,2026-06-20,2026-06-21,1
,Levveling screed /smoothing compound,,2025-12-07,2025-12-09,2
,Levveling screed /smoothing compound,,2025-12-13,2025-12-16,2
,Levveling screed /smoothing compound,,2025-12-19,2025-12-24,4
,Levveling screed /smoothing compound,,2025-12-26,2025-12-29,2
,Levveling screed /smoothing compound,,2026-01-05,2026-01-13,7
,Levveling screed /smoothing compound,,2026-01-19,2026-01-21,3
,Levveling screed /smoothing compound,,2026-01-25,2026-03-03,27
,Levveling screed /smoothing compound,,2026-03-06,2026-03-07,1
,Levveling screed /smoothing compound,,2026-03-09,2026-03-15,5
,Levveling screed /smoothing compound,,2026-03-20,2026-03-21,1
,Levveling screed /smoothing compound,,2026-03-27,2026-03-28,1
,Levveling screed /smoothing compound,,2026-04-04,2026-04-05,1
,Levveling screed /smoothing compound,,2026-04-11,2026-04-12,1
,Levveling screed /smoothing compound,,2026-04-18,2026-04-19,1
,Levveling screed /smoothing compound,,2026-04-25,2026-04-26,1
,Levveling screed /smoothing compound,,2026-05-01,2026-05-02,1
,Levveling screed /smoothing compound,,2026-05-08,2026-05-09,1
,Levveling screed /smoothing compound,,2026-05-15,2026-05-16,1
,Levveling screed /smoothing compound,,2026-05-22,2026-05-23,1
,Levveling screed /smoothing compound,,2026-05-29,2026-05-30,1
,Levveling screed /smoothing compound,,2026-06-06,2026-06-07,1
,Levveling screed /smoothing compound,,2026-06-13,2026-06-14,1
,Levveling screed /smoothing compound,,2026-06-20,2026-06-21,1
,Drying out,,2025-12-07,2025-12-09,2
,Drying out,,2025-12-13,2025-12-16,2
,Drying out,,2025-12-19,2025-12-24,4
,Drying out,,2025-12-26,2026-01-13,13
,Drying out,,2026-01-19,2026-01-21,3
,Drying out,,2026-01-25,2026-03-03,27
,Drying out,,2026-03-06,2026-03-07,1
,Drying out,,2026-03-13,2026-03-14,1
,Drying out,,2026-03-20,2026-03-21,1
,Drying out,,2026-03-27,2026-03-28,1
,Drying out,,2026-04-04,2026-04-05,1
,Drying out,,2026-04-11,2026-04-12,1
,Drying out,,2026-04-18,2026-04-19,1
,Drying out,,2026-04-25,2026-04-26,1
,Drying out,,2026-05-01,2026-05-02,1
,Drying out,,2026-05-08,2026-05-09,1
,Drying out,,2026-05-15,2026-05-16,1
,Drying out,,2026-05-22,2026-05-23,1
,Drying out,,2026-05-29,2026-05-30,1
,Drying out,,2026-06-06,2026-06-07,1
,Drying out,,2026-06-13,2026-06-14,1
,Drying out,,2026-06-20,2026-06-21,1
134,PANACEA,,2025-12-07,2025-12-16,7
134,PANACEA,,2025-12-19,2025-12-24,4
134,PANACEA,,2025-12-26,2025-12-29,2
134,PANACEA,,2026-01-05,2026-01-06,2
134,PANACEA,,2026-01-11,2026-01-13,2
134,PANACEA,,2026-01-19,2026-01-21,3
134,PANACEA,,2026-01-25,2026-03-03,27
134,PANACEA,,2026-03-06,2026-03-09,2
134,PANACEA,,2026-03-13,2026-03-14,1
134,PANACEA,,2026-03-20,2026-03-21,1
134,PANACEA,,2026-03-27,2026-03-28,1
134,PANACEA,,2026-04-04,2026-04-05,1
134,PANACEA,,2026-04-11,2026-04-12,1
134,PANACEA,,2026-04-18,2026-04-19,1
134,PANACEA,,2026-04-25,2026-04-26,1
134,PANACEA,,2026-05-01,2026-05-02,1
134,PANACEA,,2026-05-08,2026-05-09,1
134,PANACEA,,2026-05-15,2026-05-16,1
134,PANACEA,,2026-05-22,2026-05-23,1
134,PANACEA,,2026-05-29,2026-05-30,1
134,PANACEA,,2026-06-06,2026-06-07,1
134,PANACEA,,2026-06-13,2026-06-14,1
134,PANACEA,,2026-06-20,2026-06-21,1
,Vanity 1st fix framing,,2025-12-07,2025-12-16,7
,Vanity 1st fix framing,,2025-12-19,2025-12-24,4
,Vanity 1st fix framing,,2025-12-26,2025-12-29,2
,Vanity 1st fix framing,,2026-01-05,2026-01-06,2
,Vanity 1st fix framing,,2026-01-11,2026-01-13,2
,Vanity 1st fix framing,,2026-01-19,2026-01-21,3
,Vanity 1st fix framing,,2026-01-25,2026-03-07,30
,Vanity 1st fix framing,,2026-03-12,2026-03-15,2
,Vanity 1st fix framing,,2026-03-20,2026-03-21,1
,Vanity 1st fix framing,,2026-03-27,2026-03-28,1
,Vanity 1st fix framing,,2026-04-04,2026-04-05,1
,Vanity 1st fix framing,,2026-04-11,2026-04-12,1
,Vanity 1st fix framing,,2026-04-18,2026-04-19,1
,Vanity 1st fix framing,,2026-04-25,2026-04-26,1
,Vanity 1st fix framing,,2026-05-01,2026-05-02,1
,Vanity 1st fix framing,,2026-05-08,2026-05-09,1
,Vanity 1st fix framing,,2026-05-15,2026-05-16,1
,Vanity 1st fix framing,,2026-05-22,2026-05-23,1
,Vanity 1st fix framing,,2026-05-29,2026-05-30,1
,Vanity 1st fix framing,,2026-06-06,2026-06-07,1
,Vanity 1st fix framing,,2026-06-13,2026-06-14,1
,Vanity 1st fix framing,,2026-06-20,2026-06-21,1
135,CARA,,2025-12-07,2025-12-16,7
135,CARA,,2025-12-19,2025-12-24,4
135,CARA,,2025-12-26,2025-12-29,2
135,CARA,,2026-01-05,2026-01-06,2
135,CARA,,2026-01-11,2026-01-13,2
135,CARA,,2026-01-19,2026-01-21,3
135,CARA,,2026-01-25,2026-03-03,27
135,CARA,,2026-03-06,2026-03-07,1
135,CARA,,2026-03-13,2026-03-14,1
135,CARA,,2026-03-20,2026-03-21,1
135,CARA,,2026-03-27,2026-04-05,6
135,CARA,,2026-04-11,2026-04-12,1
135,CARA,,2026-04-18,2026-04-19,1
135,CARA,,2026-04-25,2026-04-26,1
135,CARA,,2026-05-01,2026-05-02,1
135,CARA,,2026-05-08,2026-05-09,1
135,CARA,,2026-05-15,2026-05-16,1
135,CARA,,2026-05-22,2026-05-23,1
135,CARA,,2026-05-29,2026-05-30,1
135,CARA,,2026-06-06,2026-06-07,1
135,CARA,,2026-06-13,2026-06-14,1
135,CARA,,2026-06-20,2026-06-21,1
,"Plumbing mid fix ,bath ,showers cisterns",,2025-12-07,2025-12-16,7
,"Plumbing mid fix ,bath ,showers cisterns",,2025-12-19,2025-12-24,4
,"Plumbing mid fix ,bath ,showers cisterns",,2025-12-26,2025-12-29,2
,"Plumbing mid fix ,bath ,showers cisterns",,2026-01-05,2026-01-06,2
,"Plumbing mid fix ,bath ,showers cisterns",,2026-01-11,2026-01-13,2
,"Plumbing mid fix ,bath ,showers cisterns",,2026-01-19,2026-01-21,3
,"Plumbing mid fix ,bath ,showers cisterns",,2026-01-25,2026-03-03,27
,"Plumbing mid fix ,bath ,showers cisterns",,2026-03-06,2026-03-07,1
,"Plumbing mid fix ,bath ,showers cisterns",,2026-03-13,2026-03-14,1
,"Plumbing mid fix ,bath ,showers cisterns",,2026-03-17,2026-03-23,5
,"Plumbing mid fix ,bath ,showers cisterns",,2026-03-27,2026-03-28,1
,"Plumbing mid fix ,bath ,showers cisterns",,2026-04-04,2026-04-05,1
,"Plumbing mid fix ,bath ,showers cisterns",,2026-04-11,2026-04-12,1
,"Plumbing mid fix ,bath ,showers cisterns",,2026-04-18,2026-04-19,1
,"Plumbing mid fix ,bath ,showers cisterns",,2026-04-25,2026-04-26,1
,"Plumbing mid fix ,bath ,showers cisterns",,2026-05-01,2026-05-02,1
,"Plumbing mid fix ,bath ,showers cisterns",,2026-05-08,2026-05-09,1
,"Plumbing mid fix ,bath ,showers cisterns",,2026-05-15,2026-05-16,1
,"Plumbing mid fix ,bath ,showers cisterns",,2026-05-22,2026-05-23,1
,"Plumbing mid fix ,bath ,showers cisterns",,2026-05-29,2026-05-30,1
,"Plumbing mid fix ,bath ,showers cisterns",,2026-06-06,2026-06-07,1
,"Plumbing mid fix ,bath ,showers cisterns",,2026-06-13,2026-06-14,1
,"Plumbing mid fix ,bath ,showers cisterns",,2026-06-20,2026-06-21,1
136,"Joinery 1st fix -doors, frames ,skirtings,archs  & plinths .",,2025-12-07,2025-12-16,7
136,"Joinery 1st fix -doors, frames ,skirtings,archs  & plinths .",,2025-12-19,2025-12-24,4
136,"Joinery 1st fix -doors, frames ,skirtings,archs  & plinths .",,2025-12-26,2025-12-29,2
136,"Joinery 1st fix -doors, frames ,skirtings,archs  & plinths .",,2026-01-05,2026-01-06,2
136,"Joinery 1st fix -doors, frames ,skirtings,archs  & plinths .",,2026-01-11,2026-01-13,2
136,"Joinery 1st fix -doors, frames ,skirtings,archs  & plinths .",,2026-01-19,2026-01-21,3
136,"Joinery 1st fix -doors, frames ,skirtings,archs  & plinths .",,2026-01-25,2026-03-03,27
136,"Joinery 1st fix -doors, frames ,skirtings,archs  & plinths .",,2026-03-06,2026-03-07,1
136,"Joinery 1st fix -doors, frames ,skirtings,archs  & plinths .",,2026-03-13,2026-03-14,1
136,"Joinery 1st fix -doors, frames ,skirtings,archs  & plinths .",,2026-03-20,2026-03-21,1
136,"Joinery 1st fix -doors, frames ,skirtings,archs  & plinths .",,2026-03-25,2026-04-02,7
136,"Joinery 1st fix -doors, frames ,skirtings,archs  & plinths .",,2026-04-04,2026-04-05,1
136,"Joinery 1st fix -doors, frames ,skirtings,archs  & plinths .",,2026-04-11,2026-04-12,1
136,"Joinery 1st fix -doors, frames ,skirtings,archs  & plinths .",,2026-04-18,2026-04-19,1
136,"Joinery 1st fix -doors, frames ,skirtings,archs  & plinths .",,2026-04-25,2026-04-26,1
136,"Joinery 1st fix -doors, frames ,skirtings,archs  & plinths .",,2026-05-01,2026-05-02,1
136,"Joinery 1st fix -doors, frames ,skirtings,archs  & plinths .",,2026-05-08,2026-05-09,1
136,"Joinery 1st fix -doors, frames ,skirtings,archs  & plinths .",,2026-05-15,2026-05-16,1
136,"Joinery 1st fix -doors, frames ,skirtings,archs  & plinths .",,2026-05-22,2026-05-23,1
136,"Joinery 1st fix -doors, frames ,skirtings,archs  & plinths .",,2026-05-29,2026-05-30,1
136,"Joinery 1st fix -doors, frames ,skirtings,archs  & plinths .",,2026-06-06,2026-06-07,1
136,"Joinery 1st fix -doors, frames ,skirtings,archs  & plinths .",,2026-06-13,2026-06-14,1
136,"Joinery 1st fix -doors, frames ,skirtings,archs  & plinths .",,2026-06-20,2026-06-21,1
137,RED,,2025-12-07,2025-12-16,7
137,RED,,2025-12-19,2025-12-24,4
137,RED,,2025-12-26,2025-12-29,2
137,RED,,2026-01-05,2026-01-21,13
137,RED,,2026-01-25,2026-03-03,27
137,RED,,2026-03-06,2026-03-07,1
137,RED,,2026-03-13,2026-03-14,1
137,RED,,2026-03-20,2026-03-28,6
137,RED,,2026-04-04,2026-04-05,1
137,RED,,2026-04-11,2026-04-12,1
137,RED,,2026-04-18,2026-04-19,1
137,RED,,2026-04-25,2026-04-26,1
137,RED,,2026-05-01,2026-05-02,1
137,RED,,2026-05-08,2026-05-09,1
137,RED,,2026-05-15,2026-05-16,1
137,RED,,2026-05-22,2026-05-23,1
137,RED,,2026-05-29,2026-05-30,1
137,RED,,2026-06-06,2026-06-07,1
137,RED,,2026-06-13,2026-06-14,1
137,RED,,2026-06-20,2026-06-21,1
138,PANACEA,,2025-12-07,2025-12-24,13
138,PANACEA,,2025-12-26,2025-12-29,2
138,PANACEA,,2026-01-05,2026-01-13,7
138,PANACEA,,2026-01-19,2026-01-21,3
138,PANACEA,,2026-01-25,2026-03-03,27
138,PANACEA,,2026-03-06,2026-03-07,1
138,PANACEA,,2026-03-13,2026-03-14,1
138,PANACEA,,2026-03-20,2026-03-21,1
138,PANACEA,,2026-03-27,2026-03-28,1
138,PANACEA,,2026-04-04,2026-04-05,1
138,PANACEA,,2026-04-11,2026-04-12,1
138,PANACEA,,2026-04-18,2026-04-19,1
138,PANACEA,,2026-04-25,2026-04-26,1
138,PANACEA,,2026-05-01,2026-05-02,1
138,PANACEA,,2026-05-08,2026-05-09,1
138,PANACEA,,2026-05-15,2026-05-16,1
138,PANACEA,,2026-05-22,2026-05-23,1
138,PANACEA,,2026-05-29,2026-05-30,1
138,PANACEA,,2026-06-06,2026-06-07,1
138,PANACEA,,2026-06-13,2026-06-14,1
138,PANACEA,,2026-06-20,2026-06-21,1
139,PANACEA,,2025-12-07,2025-12-11,4
139,PANACEA,,2025-12-13,2025-12-24,8
139,PANACEA,,2025-12-26,2025-12-29,2
139,PANACEA,,2026-01-05,2026-01-06,2
139,PANACEA,,2026-01-11,2026-01-13,2
139,PANACEA,,2026-01-19,2026-01-21,3
139,PANACEA,,2026-01-25,2026-03-03,27
139,PANACEA,,2026-03-06,2026-03-07,1
139,PANACEA,,2026-03-13,2026-03-14,1
139,PANACEA,,2026-03-20,2026-03-21,1
139,PANACEA,,2026-03-27,2026-03-28,1
139,PANACEA,,2026-04-04,2026-04-05,1
139,PANACEA,,2026-04-11,2026-04-12,1
139,PANACEA,,2026-04-18,2026-04-19,1
139,PANACEA,,2026-04-25,2026-04-26,1
139,PANACEA,,2026-05-01,2026-05-02,1
139,PANACEA,,2026-05-08,2026-05-09,1
139,PANACEA,,2026-05-15,2026-05-16,1
139,PANACEA,,2026-05-22,2026-05-23,1
139,PANACEA,,2026-05-29,2026-05-30,1
139,PANACEA,,2026-06-06,2026-06-07,1
139,PANACEA,,2026-06-13,2026-06-14,1
139,PANACEA,,2026-06-20,2026-06-21,1
140,service cupboard decoration,,2025-12-07,2025-12-11,4
140,service cupboard decoration,,2025-12-13,2025-12-22,6
140,service cupboard decoration,,2025-12-28,2025-12-29,1
140,service cupboard decoration,,2026-01-05,2026-01-06,2
140,service cupboard decoration,,2026-01-12,2026-01-13,2
140,service cupboard decoration,,2026-01-17,2026-03-03,32
140,service cupboard decoration,,2026-03-06,2026-03-07,1
140,service cupboard decoration,,2026-03-13,2026-03-14,1
140,service cupboard decoration,,2026-03-20,2026-03-21,1
140,service cupboard decoration,,2026-03-27,2026-03-28,1
140,service cupboard decoration,,2026-04-04,2026-04-05,1
140,service cupboard decoration,,2026-04-11,2026-04-12,1
140,service cupboard decoration,,2026-04-18,2026-04-19,1
140,service cupboard decoration,,2026-04-25,2026-04-26,1
140,service cupboard decoration,,2026-05-01,2026-05-02,1
140,service cupboard decoration,,2026-05-08,2026-05-09,1
140,service cupboard decoration,,2026-05-15,2026-05-16,1
140,service cupboard decoration,,2026-05-22,2026-05-23,1
140,service cupboard decoration,,2026-05-29,2026-05-30,1
140,service cupboard decoration,,2026-06-06,2026-06-07,1
140,service cupboard decoration,,2026-06-13,2026-06-14,1
140,service cupboard decoration,,2026-06-20,2026-06-21,1
141,step on safety,,2025-12-07,2025-12-11,4
141,step on safety,,2025-12-13,2025-12-22,6
141,step on safety,,2025-12-28,2025-12-29,1
141,step on safety,,2026-01-05,2026-01-06,2
141,step on safety,,2026-01-12,2026-01-13,2
141,step on safety,,2026-01-19,2026-01-20,2
141,step on safety,,2026-01-23,2026-03-03,28
141,step on safety,,2026-03-06,2026-03-07,1
141,step on safety,,2026-03-13,2026-03-14,1
141,step on safety,,2026-03-20,2026-03-21,1
141,step on safety,,2026-03-27,2026-03-28,1
141,step on safety,,2026-04-04,2026-04-05,1
141,step on safety,,2026-04-11,2026-04-12,1
141,step on safety,,2026-04-18,2026-04-19,1
141,step on safety,,2026-04-25,2026-04-26,1
141,step on safety,,2026-05-01,2026-05-02,1
141,step on safety,,2026-05-08,2026-05-09,1
141,step on safety,,2026-05-15,2026-05-16,1
141,step on safety,,2026-05-22,2026-05-23,1
141,step on safety,,2026-05-29,2026-05-30,1
141,step on safety,,2026-06-06,2026-06-07,1
141,step on safety,,2026-06-13,2026-06-14,1
141,step on safety,,2026-06-20,2026-06-21,1
,Amtico flooring /Bathrooms,,2025-12-07,2025-12-11,4
,Amtico flooring /Bathrooms,,2025-12-13,2025-12-22,6
,Amtico flooring /Bathrooms,,2025-12-28,2025-12-29,1
,Amtico flooring /Bathrooms,,2026-01-05,2026-01-06,2
,Amtico flooring /Bathrooms,,2026-01-12,2026-01-13,2
,Amtico flooring /Bathrooms,,2026-01-19,2026-01-20,2
,Amtico flooring /Bathrooms,,2026-01-23,2026-03-03,28
,Amtico flooring /Bathrooms,,2026-03-06,2026-03-07,1
,Amtico flooring /Bathrooms,,2026-03-13,2026-03-14,1
,Amtico flooring /Bathrooms,,2026-03-20,2026-03-21,1
,Amtico flooring /Bathrooms,,2026-03-27,2026-03-28,1
,Amtico flooring /Bathrooms,,2026-04-04,2026-04-12,5
,Amtico flooring /Bathrooms,,2026-04-18,2026-04-19,1
,Amtico flooring /Bathrooms,,2026-04-25,2026-04-26,1
,Amtico flooring /Bathrooms,,2026-05-01,2026-05-02,1
,Amtico flooring /Bathrooms,,2026-05-08,2026-05-09,1
,Amtico flooring /Bathrooms,,2026-05-15,2026-05-16,1
,Amtico flooring /Bathrooms,,2026-05-22,2026-05-23,1
,Amtico flooring /Bathrooms,,2026-05-29,2026-05-30,1
,Amtico flooring /Bathrooms,,2026-06-06,2026-06-07,1
,Amtico flooring /Bathrooms,,2026-06-13,2026-06-14,1
,Amtico flooring /Bathrooms,,2026-06-20,2026-06-21,1
142,PANACEA,,2025-12-07,2025-12-11,4
142,PANACEA,,2025-12-13,2025-12-22,6
142,PANACEA,,2025-12-28,2025-12-29,1
142,PANACEA,,2026-01-05,2026-01-06,2
142,PANACEA,,2026-01-12,2026-01-13,2
142,PANACEA,,2026-01-19,2026-01-20,2
142,PANACEA,,2026-01-25,2026-03-03,27
142,PANACEA,,2026-03-06,2026-03-07,1
142,PANACEA,,2026-03-13,2026-03-14,1
142,PANACEA,,2026-03-20,2026-03-21,1
142,PANACEA,,2026-03-27,2026-03-28,1
142,PANACEA,,2026-04-04,2026-04-05,1
142,PANACEA,,2026-04-11,2026-04-19,5
142,PANACEA,,2026-04-25,2026-04-26,1
142,PANACEA,,2026-05-01,2026-05-02,1
142,PANACEA,,2026-05-08,2026-05-09,1
142,PANACEA,,2026-05-15,2026-05-16,1
142,PANACEA,,2026-05-22,2026-05-23,1
142,PANACEA,,2026-05-29,2026-05-30,1
142,PANACEA,,2026-06-06,2026-06-07,1
142,PANACEA,,2026-06-13,2026-06-14,1
142,PANACEA,,2026-06-20,2026-06-21,1
143,Electrical 2nd fix & live testing,,2025-12-07,2025-12-11,4
143,Electrical 2nd fix & live testing,,2025-12-13,2025-12-22,6
143,Electrical 2nd fix & live testing,,2025-12-28,2025-12-29,1
143,Electrical 2nd fix & live testing,,2026-01-05,2026-01-06,2
143,Electrical 2nd fix & live testing,,2026-01-12,2026-01-13,2
143,Electrical 2nd fix & live testing,,2026-01-19,2026-01-21,3
143,Electrical 2nd fix & live testing,,2026-01-25,2026-03-03,27
143,Electrical 2nd fix & live testing,,2026-03-06,2026-03-07,1
143,Electrical 2nd fix & live testing,,2026-03-13,2026-03-14,1
143,Electrical 2nd fix & live testing,,2026-03-20,2026-03-21,1
143,Electrical 2nd fix & live testing,,2026-03-27,2026-03-28,1
143,Electrical 2nd fix & live testing,,2026-04-04,2026-04-05,1
143,Electrical 2nd fix & live testing,,2026-04-11,2026-04-12,1
143,Electrical 2nd fix & live testing,,2026-04-18,2026-04-26,5
143,Electrical 2nd fix & live testing,,2026-05-01,2026-05-02,1
143,Electrical 2nd fix & live testing,,2026-05-08,2026-05-09,1
143,Electrical 2nd fix & live testing,,2026-05-15,2026-05-16,1
143,Electrical 2nd fix & live testing,,2026-05-22,2026-05-23,1
143,Electrical 2nd fix & live testing,,2026-05-29,2026-05-30,1
143,Electrical 2nd fix & live testing,,2026-06-06,2026-06-07,1
143,Electrical 2nd fix & live testing,,2026-06-13,2026-06-14,1
143,Electrical 2nd fix & live testing,,2026-06-20,2026-06-21,1
144,Builders clean,,2025-12-07,2025-12-11,4
144,Builders clean,,2025-12-13,2025-12-15,1
144,Builders clean,,2025-12-17,2025-12-22,4
144,Builders clean,,2025-12-28,2025-12-29,1
144,Builders clean,,2026-01-05,2026-01-06,2
144,Builders clean,,2026-01-12,2026-01-13,2
144,Builders clean,,2026-01-19,2026-01-21,3
144,Builders clean,,2026-01-25,2026-03-03,27
144,Builders clean,,2026-03-06,2026-03-07,1
144,Builders clean,,2026-03-13,2026-03-14,1
144,Builders clean,,2026-03-20,2026-03-21,1
144,Builders clean,,2026-03-27,2026-03-28,1
144,Builders clean,,2026-04-04,2026-04-05,1
144,Builders clean,,2026-04-11,2026-04-12,1
144,Builders clean,,2026-04-18,2026-04-19,1
144,Builders clean,,2026-04-25,2026-04-26,1
144,Builders clean,,2026-05-01,2026-05-02,1
144,Builders clean,,2026-05-08,2026-05-09,1
144,Builders clean,,2026-05-15,2026-05-16,1
144,Builders clean,,2026-05-22,2026-05-23,1
144,Builders clean,,2026-05-29,2026-05-30,1
144,Builders clean,,2026-06-06,2026-06-07,1
144,Builders clean,,2026-06-13,2026-06-14,1
144,Builders clean,,2026-06-20,2026-06-21,1
145,RED,,2025-12-07,2025-12-11,4
145,RED,,2025-12-13,2025-12-15,1
145,RED,,2025-12-17,2025-12-25,7
145,RED,,2025-12-28,2025-12-29,1
145,RED,,2026-01-05,2026-01-13,7
145,RED,,2026-01-19,2026-01-21,3
145,RED,,2026-01-25,2026-03-03,27
145,RED,,2026-03-06,2026-03-07,1
145,RED,,2026-03-13,2026-03-14,1
145,RED,,2026-03-20,2026-03-21,1
145,RED,,2026-03-27,2026-03-28,1
145,RED,,2026-04-04,2026-04-05,1
145,RED,,2026-04-11,2026-04-12,1
145,RED,,2026-04-18,2026-04-19,1
145,RED,,2026-04-25,2026-04-26,1
145,RED,,2026-05-01,2026-05-02,1
145,RED,,2026-05-08,2026-05-09,1
145,RED,,2026-05-15,2026-05-16,1
145,RED,,2026-05-22,2026-05-23,1
145,RED,,2026-05-29,2026-05-30,1
145,RED,,2026-06-06,2026-06-07,1
145,RED,,2026-06-13,2026-06-14,1
145,RED,,2026-06-20,2026-06-21,1
146,PANACEA,,2025-12-07,2025-12-11,4
146,PANACEA,,2025-12-13,2025-12-15,1
146,PANACEA,,2025-12-17,2025-12-23,5
146,PANACEA,,2025-12-28,2025-12-29,1
146,PANACEA,,2026-01-05,2026-01-13,7
146,PANACEA,,2026-01-19,2026-01-21,3
146,PANACEA,,2026-01-25,2026-03-03,27
146,PANACEA,,2026-03-06,2026-03-07,1
146,PANACEA,,2026-03-13,2026-03-14,1
146,PANACEA,,2026-03-20,2026-03-21,1
146,PANACEA,,2026-03-27,2026-03-28,1
146,PANACEA,,2026-04-04,2026-04-05,1
146,PANACEA,,2026-04-11,2026-04-12,1
146,PANACEA,,2026-04-18,2026-04-19,1
146,PANACEA,,2026-04-25,2026-04-26,1
146,PANACEA,,2026-04-29,2026-05-04,4
146,PANACEA,,2026-05-08,2026-05-09,1
146,PANACEA,,2026-05-15,2026-05-16,1
146,PANACEA,,2026-05-22,2026-05-23,1
146,PANACEA,,2026-05-29,2026-05-30,1
146,PANACEA,,2026-06-06,2026-06-07,1
146,PANACEA,,2026-06-13,2026-06-14,1
146,PANACEA,,2026-06-20,2026-06-21,1
147,CARA,,2025-12-07,2025-12-11,4
147,CARA,,2025-12-13,2025-12-15,1
147,CARA,,2025-12-19,2025-12-25,5
147,CARA,,2025-12-27,2025-12-30,2
147,CARA,,2026-01-03,2026-01-13,7
147,CARA,,2026-01-19,2026-01-21,3
147,CARA,,2026-01-25,2026-03-03,27
147,CARA,,2026-03-06,2026-03-07,1
147,CARA,,2026-03-13,2026-03-14,1
147,CARA,,2026-03-20,2026-03-21,1
147,CARA,,2026-03-27,2026-03-28,1
147,CARA,,2026-04-04,2026-04-05,1
147,CARA,,2026-04-11,2026-04-12,1
147,CARA,,2026-04-18,2026-04-19,1
147,CARA,,2026-04-25,2026-04-26,1
147,CARA,,2026-05-01,2026-05-02,1
147,CARA,,2026-05-05,2026-05-09,4
147,CARA,,2026-05-15,2026-05-16,1
147,CARA,,2026-05-22,2026-05-23,1
147,CARA,,2026-05-29,2026-05-30,1
147,CARA,,2026-06-06,2026-06-07,1
147,CARA,,2026-06-13,2026-06-14,1
147,CARA,,2026-06-20,2026-06-21,1
,De snag all trades test & commision,,2025-12-07,2025-12-11,4
,De snag all trades test & commision,,2025-12-13,2025-12-15,1
,De snag all trades test & commision,,2025-12-19,2025-12-25,5
,De snag all trades test & commision,,2025-12-27,2025-12-30,2
,De snag all trades test & commision,,2026-01-03,2026-01-13,7
,De snag all trades test & commision,,2026-01-19,2026-01-21,3
,De snag all trades test & commision,,2026-01-25,2026-03-03,27
,De snag all trades test & commision,,2026-03-06,2026-03-07,1
,De snag all trades test & commision,,2026-03-13,2026-03-14,1
,De snag all trades test & commision,,2026-03-20,2026-03-21,1
,De snag all trades test & commision,,2026-03-27,2026-03-28,1
,De snag all trades test & commision,,2026-04-04,2026-04-05,1
,De snag all trades test & commision,,2026-04-11,2026-04-12,1
,De snag all trades test & commision,,2026-04-18,2026-04-19,1
,De snag all trades test & commision,,2026-04-25,2026-04-26,1
,De snag all trades test & commision,,2026-05-01,2026-05-02,1
,De snag all trades test & commision,,2026-05-08,2026-05-16,6
,De snag all trades test & commision,,2026-05-22,2026-05-23,1
,De snag all trades test & commision,,2026-05-29,2026-05-30,1
,De snag all trades test & commision,,2026-06-06,2026-06-07,1
,De snag all trades test & commision,,2026-06-13,2026-06-14,1
,De snag all trades test & commision,,2026-06-20,2026-06-21,1
148,Sparkle clean,,2025-12-07,2025-12-11,4
148,Sparkle clean,,2025-12-13,2025-12-16,2
148,Sparkle clean,,2025-12-19,2025-12-24,4
148,Sparkle clean,,2025-12-26,2025-12-29,2
148,Sparkle clean,,2026-01-05,2026-01-06,2
148,Sparkle clean,,2026-01-11,2026-01-13,2
148,Sparkle clean,,2026-01-19,2026-01-21,3
148,Sparkle clean,,2026-01-25,2026-03-03,27
148,Sparkle clean,,2026-03-06,2026-03-07,1
148,Sparkle clean,,2026-03-13,2026-03-14,1
148,Sparkle clean,,2026-03-20,2026-03-21,1
148,Sparkle clean,,2026-03-27,2026-03-28,1
148,Sparkle clean,,2026-04-04,2026-04-05,1
148,Sparkle clean,,2026-04-11,2026-04-12,1
148,Sparkle clean,,2026-04-18,2026-04-19,1
148,Sparkle clean,,2026-04-25,2026-04-26,1
148,Sparkle clean,,2026-05-01,2026-05-02,1
148,Sparkle clean,,2026-05-08,2026-05-09,1
148,Sparkle clean,,2026-05-15,2026-05-23,6
148,Sparkle clean,,2026-05-29,2026-05-30,1
148,Sparkle clean,,2026-06-06,2026-06-07,1
148,Sparkle clean,,2026-06-13,2026-06-14,1
148,Sparkle clean,,2026-06-20,2026-06-21,1
149,RED,,2025-12-07,2025-12-11,4
149,RED,,2025-12-13,2025-12-16,2
149,RED,,2025-12-19,2025-12-24,4
149,RED,,2025-12-26,2025-12-29,2
149,RED,,2026-01-05,2026-01-06,2
149,RED,,2026-01-11,2026-01-13,2
149,RED,,2026-01-19,2026-01-21,3
149,RED,,2026-01-25,2026-03-03,27
149,RED,,2026-03-06,2026-03-07,1
149,RED,,2026-03-13,2026-03-14,1
149,RED,,2026-03-20,2026-03-21,1
149,RED,,2026-03-27,2026-03-28,1
149,RED,,2026-04-04,2026-04-05,1
149,RED,,2026-04-11,2026-04-12,1
149,RED,,2026-04-18,2026-04-19,1
149,RED,,2026-04-25,2026-04-26,1
149,RED,,2026-05-01,2026-05-02,1
149,RED,,2026-05-08,2026-05-09,1
149,RED,,2026-05-15,2026-05-16,1
149,RED,,2026-05-22,2026-05-25,2
149,RED,,2026-05-29,2026-05-30,1
149,RED,,2026-06-06,2026-06-07,1
149,RED,,2026-06-13,2026-06-14,1
149,RED,,2026-06-20,2026-06-21,1
,Handover to client,,2025-12-07,2025-12-11,4
,Handover to client,,2025-12-13,2025-12-16,2
,Handover to client,,2025-12-19,2025-12-24,4
,Handover to client,,2025-12-26,2025-12-29,2
,Handover to client,,2026-01-05,2026-01-06,2
,Handover to client,,2026-01-11,2026-01-13,2
,Handover to client,,2026-01-19,2026-01-21,3
,Handover to client,,2026-01-25,2026-03-03,27
,Handover to client,,2026-03-06,2026-03-07,1
,Handover to client,,2026-03-13,2026-03-14,1
,Handover to client,,2026-03-20,2026-03-21,1
,Handover to client,,2026-03-27,2026-03-28,1
,Handover to client,,2026-04-04,2026-04-05,1
,Handover to client,,2026-04-11,2026-04-12,1
,Handover to client,,2026-04-18,2026-04-19,1
,Handover to client,,2026-04-25,2026-04-26,1
,Handover to client,,2026-05-01,2026-05-02,1
,Handover to client,,2026-05-08,2026-05-09,1
,Handover to client,,2026-05-15,2026-05-16,1
,Handover to client,,2026-05-22,2026-05-23,1
,Handover to client,,2026-05-29,2026-05-30,1
,Handover to client,,2026-06-06,2026-06-08,1
,Handover to client,,2026-06-13,2026-06-14,1
,Handover to client,,2026-06-20,2026-06-21,1
150,PANACEA,,2025-12-07,2025-12-11,4
150,PANACEA,,2025-12-13,2025-12-16,2
150,PANACEA,,2025-12-19,2025-12-24,4
150,PANACEA,,2025-12-26,2025-12-29,2
150,PANACEA,,2026-01-05,2026-01-06,2
150,PANACEA,,2026-01-11,2026-01-13,2
150,PANACEA,,2026-01-19,2026-01-21,3
150,PANACEA,,2026-01-25,2026-03-03,27
150,PANACEA,,2026-03-06,2026-03-07,1
150,PANACEA,,2026-03-13,2026-03-14,1
150,PANACEA,,2026-03-20,2026-03-21,1
150,PANACEA,,2026-03-27,2026-03-28,1
150,PANACEA,,2026-04-04,2026-04-05,1
150,PANACEA,,2026-04-11,2026-04-12,1
150,PANACEA,,2026-04-18,2026-04-19,1
150,PANACEA,,2026-04-25,2026-04-26,1
150,PANACEA,,2026-05-01,2026-05-02,1
150,PANACEA,,2026-05-08,2026-05-09,1
150,PANACEA,,2026-05-15,2026-05-16,1
150,PANACEA,,2026-05-22,2026-05-23,1
150,PANACEA,,2026-05-29,2026-05-30,1
150,PANACEA,,2026-06-06,2026-06-07,1
150,PANACEA,,2026-06-13,2026-06-14,1
150,PANACEA,,2026-06-20,2026-06-21,1
152,First fix wire -ceilings/walls,,2025-12-07,2025-12-11,4
152,First fix wire -ceilings/walls,,2025-12-13,2025-12-16,2
152,First fix wire -ceilings/walls,,2025-12-19,2025-12-24,4
152,First fix wire -ceilings/walls,,2025-12-26,2025-12-29,2
152,First fix wire -ceilings/walls,,2026-01-05,2026-01-06,2
152,First fix wire -ceilings/walls,,2026-01-11,2026-01-13,2
152,First fix wire -ceilings/walls,,2026-01-19,2026-01-21,3
152,First fix wire -ceilings/walls,,2026-01-25,2026-03-03,27
152,First fix wire -ceilings/walls,,2026-03-06,2026-03-07,1
152,First fix wire -ceilings/walls,,2026-03-13,2026-03-14,1
152,First fix wire -ceilings/walls,,2026-03-20,2026-03-21,1
152,First fix wire -ceilings/walls,,2026-03-27,2026-03-28,1
152,First fix wire -ceilings/walls,,2026-04-04,2026-04-05,1
152,First fix wire -ceilings/walls,,2026-04-11,2026-04-12,1
152,First fix wire -ceilings/walls,,2026-04-18,2026-04-19,1
152,First fix wire -ceilings/walls,,2026-04-25,2026-04-26,1
152,First fix wire -ceilings/walls,,2026-05-01,2026-05-02,1
152,First fix wire -ceilings/walls,,2026-05-08,2026-05-09,1
152,First fix wire -ceilings/walls,,2026-05-15,2026-05-16,1
152,First fix wire -ceilings/walls,,2026-05-22,2026-05-23,1
152,First fix wire -ceilings/walls,,2026-05-29,2026-05-30,1
152,First fix wire -ceilings/walls,,2026-06-06,2026-06-07,1
152,First fix wire -ceilings/walls,,2026-06-13,2026-06-14,1
152,First fix wire -ceilings/walls,,2026-06-20,2026-06-21,1
,first fix plumbing,,2025-12-07,2025-12-11,4
,first fix plumbing,,2025-12-13,2025-12-16,2
,first fix plumbing,,2025-12-19,2025-12-24,4
,first fix plumbing,,2025-12-26,2025-12-29,2
,first fix plumbing,,2026-01-05,2026-01-06,2
,first fix plumbing,,2026-01-11,2026-01-13,2
,first fix plumbing,,2026-01-19,2026-01-21,3
,first fix plumbing,,2026-01-25,2026-03-03,27
,first fix plumbing,,2026-03-06,2026-03-07,1
,first fix plumbing,,2026-03-13,2026-03-14,1
,first fix plumbing,,2026-03-20,2026-03-21,1
,first fix plumbing,,2026-03-27,2026-03-28,1
,first fix plumbing,,2026-04-04,2026-04-05,1
,first fix plumbing,,2026-04-11,2026-04-12,1
,first fix plumbing,,2026-04-18,2026-04-19,1
,first fix plumbing,,2026-04-25,2026-04-26,1
,first fix plumbing,,2026-05-01,2026-05-02,1
,first fix plumbing,,2026-05-08,2026-05-09,1
,first fix plumbing,,2026-05-15,2026-05-16,1
,first fix plumbing,,2026-05-22,2026-05-23,1
,first fix plumbing,,2026-05-29,2026-05-30,1
,first fix plumbing,,2026-06-06,2026-06-07,1
,first fix plumbing,,2026-06-13,2026-06-14,1
,first fix plumbing,,2026-06-20,2026-06-21,1
,Wall void closure checklist sign off,,2025-12-07,2025-12-11,4
,Wall void closure checklist sign off,,2025-12-13,2025-12-16,2
,Wall void closure checklist sign off,,2025-12-19,2025-12-24,4
,Wall void closure checklist sign off,,2025-12-26,2025-12-29,2
,Wall void closure checklist sign off,,2026-01-05,2026-01-06,2
,Wall void closure checklist sign off,,2026-01-11,2026-01-13,2
,Wall void closure checklist sign off,,2026-01-19,2026-01-21,3
,Wall void closure checklist sign off,,2026-01-25,2026-03-03,27
,Wall void closure checklist sign off,,2026-03-06,2026-03-07,1
,Wall void closure checklist sign off,,2026-03-13,2026-03-14,1
,Wall void closure checklist sign off,,2026-03-20,2026-03-21,1
,Wall void closure checklist sign off,,2026-03-27,2026-03-28,1
,Wall void closure checklist sign off,,2026-04-04,2026-04-05,1
,Wall void closure checklist sign off,,2026-04-11,2026-04-12,1
,Wall void closure checklist sign off,,2026-04-18,2026-04-19,1
,Wall void closure checklist sign off,,2026-04-25,2026-04-26,1
,Wall void closure checklist sign off,,2026-05-01,2026-05-02,1
,Wall void closure checklist sign off,,2026-05-08,2026-05-09,1
,Wall void closure checklist sign off,,2026-05-15,2026-05-16,1
,Wall void closure checklist sign off,,2026-05-22,2026-05-23,1
,Wall void closure checklist sign off,,2026-05-29,2026-05-30,1
,Wall void closure checklist sign off,,2026-06-06,2026-06-07,1
,Wall void closure checklist sign off,,2026-06-13,2026-06-14,1
,Wall void closure checklist sign off,,2026-06-20,2026-06-21,1
2nd board walls,2nd board walls,,2025-12-07,2025-12-11,4
2nd board walls,2nd board walls,,2025-12-13,2025-12-16,2
2nd board walls,2nd board walls,,2025-12-19,2025-12-24,4
2nd board walls,2nd board walls,,2025-12-26,2025-12-29,2
2nd board walls,2nd board walls,,2026-01-05,2026-01-06,2
2nd board walls,2nd board walls,,2026-01-11,2026-01-13,2
2nd board walls,2nd board walls,,2026-01-19,2026-01-21,3
2nd board walls,2nd board walls,,2026-01-25,2026-03-03,27
2nd board walls,2nd board walls,,2026-03-06,2026-03-07,1
2nd board walls,2nd board walls,,2026-03-13,2026-03-14,1
2nd board walls,2nd board walls,,2026-03-20,2026-03-21,1
2nd board walls,2nd board walls,,2026-03-27,2026-03-28,1
2nd board walls,2nd board walls,,2026-04-04,2026-04-05,1
2nd board walls,2nd board walls,,2026-04-11,2026-04-12,1
2nd board walls,2nd board walls,,2026-04-18,2026-04-19,1
2nd board walls,2nd board walls,,2026-04-25,2026-04-26,1
2nd board walls,2nd board walls,,2026-05-01,2026-05-02,1
2nd board walls,2nd board walls,,2026-05-08,2026-05-09,1
2nd board walls,2nd board walls,,2026-05-15,2026-05-16,1
2nd board walls,2nd board walls,,2026-05-22,2026-05-23,1
2nd board walls,2nd board walls,,2026-05-29,2026-05-30,1
2nd board walls,2nd board walls,,2026-06-06,2026-06-07,1
2nd board walls,2nd board walls,,2026-06-13,2026-06-14,1
2nd board walls,2nd board walls,,2026-06-20,2026-06-21,1
,Firestop to RWP/SVP wall penetrations,,2025-12-07,2025-12-16,7
,Firestop to RWP/SVP wall penetrations,,2025-12-19,2025-12-24,4
,Firestop to RWP/SVP wall penetrations,,2025-12-26,2025-12-29,2
,Firestop to RWP/SVP wall penetrations,,2026-01-05,2026-01-06,2
,Firestop to RWP/SVP wall penetrations,,2026-01-12,2026-01-21,8
,Firestop to RWP/SVP wall penetrations,,2026-01-25,2026-03-07,30
,Firestop to RWP/SVP wall penetrations,,2026-03-13,2026-03-14,1
,Firestop to RWP/SVP wall penetrations,,2026-03-20,2026-03-21,1
,Firestop to RWP/SVP wall penetrations,,2026-03-27,2026-03-28,1
,Firestop to RWP/SVP wall penetrations,,2026-04-04,2026-04-05,1
,Firestop to RWP/SVP wall penetrations,,2026-04-11,2026-04-12,1
,Firestop to RWP/SVP wall penetrations,,2026-04-18,2026-04-19,1
,Firestop to RWP/SVP wall penetrations,,2026-04-25,2026-04-26,1
,Firestop to RWP/SVP wall penetrations,,2026-05-01,2026-05-02,1
,Firestop to RWP/SVP wall penetrations,,2026-05-08,2026-05-09,1
,Firestop to RWP/SVP wall penetrations,,2026-05-15,2026-05-16,1
,Firestop to RWP/SVP wall penetrations,,2026-05-22,2026-05-23,1
,Firestop to RWP/SVP wall penetrations,,2026-05-29,2026-05-30,1
,Firestop to RWP/SVP wall penetrations,,2026-06-06,2026-06-07,1
,Firestop to RWP/SVP wall penetrations,,2026-06-13,2026-06-14,1
,Firestop to RWP/SVP wall penetrations,,2026-06-20,2026-06-21,1
156,Install Vents/ducts,,2025-12-07,2025-12-11,4
156,Install Vents/ducts,,2025-12-13,2025-12-24,8
156,Install Vents/ducts,,2025-12-26,2025-12-29,2
156,Install Vents/ducts,,2026-01-05,2026-01-06,2
156,Install Vents/ducts,,2026-01-11,2026-01-13,2
156,Install Vents/ducts,,2026-01-19,2026-01-21,3
156,Install Vents/ducts,,2026-01-25,2026-03-03,27
156,Install Vents/ducts,,2026-03-06,2026-03-07,1
156,Install Vents/ducts,,2026-03-13,2026-03-14,1
156,Install Vents/ducts,,2026-03-20,2026-03-21,1
156,Install Vents/ducts,,2026-03-27,2026-03-28,1
156,Install Vents/ducts,,2026-04-04,2026-04-05,1
156,Install Vents/ducts,,2026-04-11,2026-04-12,1
156,Install Vents/ducts,,2026-04-18,2026-04-19,1
156,Install Vents/ducts,,2026-04-25,2026-04-26,1
156,Install Vents/ducts,,2026-05-01,2026-05-02,1
156,Install Vents/ducts,,2026-05-08,2026-05-09,1
156,Install Vents/ducts,,2026-05-15,2026-05-16,1
156,Install Vents/ducts,,2026-05-22,2026-05-23,1
156,Install Vents/ducts,,2026-05-29,2026-05-30,1
156,Install Vents/ducts,,2026-06-06,2026-06-07,1
156,Install Vents/ducts,,2026-06-13,2026-06-14,1
156,Install Vents/ducts,,2026-06-20,2026-06-21,1
,1st fix sprinkler,,2025-12-07,2025-12-11,4
,1st fix sprinkler,,2025-12-13,2025-12-24,8
,1st fix sprinkler,,2025-12-26,2025-12-29,2
,1st fix sprinkler,,2026-01-05,2026-01-06,2
,1st fix sprinkler,,2026-01-11,2026-01-13,2
,1st fix sprinkler,,2026-01-19,2026-01-21,3
,1st fix sprinkler,,2026-01-25,2026-03-03,27
,1st fix sprinkler,,2026-03-06,2026-03-07,1
,1st fix sprinkler,,2026-03-13,2026-03-14,1
,1st fix sprinkler,,2026-03-20,2026-03-21,1
,1st fix sprinkler,,2026-03-27,2026-03-28,1
,1st fix sprinkler,,2026-04-04,2026-04-05,1
,1st fix sprinkler,,2026-04-11,2026-04-12,1
,1st fix sprinkler,,2026-04-18,2026-04-19,1
,1st fix sprinkler,,2026-04-25,2026-04-26,1
,1st fix sprinkler,,2026-05-01,2026-05-02,1
,1st fix sprinkler,,2026-05-08,2026-05-09,1
,1st fix sprinkler,,2026-05-15,2026-05-16,1
,1st fix sprinkler,,2026-05-22,2026-05-23,1
,1st fix sprinkler,,2026-05-29,2026-05-30,1
,1st fix sprinkler,,2026-06-06,2026-06-07,1
,1st fix sprinkler,,2026-06-13,2026-06-14,1
,1st fix sprinkler,,2026-06-20,2026-06-21,1
157,RED,,2025-12-07,2025-12-11,4
157,RED,,2025-12-13,2025-12-29,11
157,RED,,2026-01-05,2026-01-06,2
157,RED,,2026-01-11,2026-01-23,10
157,RED,,2026-01-25,2026-03-02,26
157,RED,,2026-03-06,2026-03-07,1
157,RED,,2026-03-13,2026-03-14,1
157,RED,,2026-03-20,2026-03-21,1
157,RED,,2026-03-27,2026-03-28,1
157,RED,,2026-04-04,2026-04-05,1
157,RED,,2026-04-11,2026-04-12,1
157,RED,,2026-04-18,2026-04-19,1
157,RED,,2026-04-25,2026-04-26,1
157,RED,,2026-05-01,2026-05-02,1
157,RED,,2026-05-08,2026-05-09,1
157,RED,,2026-05-15,2026-05-16,1
157,RED,,2026-05-22,2026-05-23,1
157,RED,,2026-05-29,2026-05-30,1
157,RED,,2026-06-06,2026-06-07,1
157,RED,,2026-06-13,2026-06-14,1
157,RED,,2026-06-20,2026-06-21,1
158,PANACEA,,2025-12-07,2025-12-11,4
158,PANACEA,,2025-12-13,2025-12-29,11
158,PANACEA,,2026-01-05,2026-01-06,2
158,PANACEA,,2026-01-11,2026-01-13,2
158,PANACEA,,2026-01-19,2026-03-03,32
158,PANACEA,,2026-03-06,2026-03-07,1
158,PANACEA,,2026-03-13,2026-03-14,1
158,PANACEA,,2026-03-20,2026-03-21,1
158,PANACEA,,2026-03-27,2026-03-28,1
158,PANACEA,,2026-04-04,2026-04-05,1
158,PANACEA,,2026-04-11,2026-04-12,1
158,PANACEA,,2026-04-18,2026-04-19,1
158,PANACEA,,2026-04-25,2026-04-26,1
158,PANACEA,,2026-05-01,2026-05-02,1
158,PANACEA,,2026-05-08,2026-05-09,1
158,PANACEA,,2026-05-15,2026-05-16,1
158,PANACEA,,2026-05-22,2026-05-23,1
158,PANACEA,,2026-05-29,2026-05-30,1
158,PANACEA,,2026-06-06,2026-06-07,1
158,PANACEA,,2026-06-13,2026-06-14,1
158,PANACEA,,2026-06-20,2026-06-21,1
159,CARA,,2025-12-07,2025-12-11,4
159,CARA,,2025-12-13,2025-12-16,2
159,CARA,,2025-12-19,2025-12-29,7
159,CARA,,2026-01-05,2026-01-06,2
159,CARA,,2026-01-11,2026-01-13,2
159,CARA,,2026-01-19,2026-01-21,3
159,CARA,,2026-01-25,2026-03-07,30
159,CARA,,2026-03-13,2026-03-14,1
159,CARA,,2026-03-20,2026-03-21,1
159,CARA,,2026-03-27,2026-03-28,1
159,CARA,,2026-04-04,2026-04-05,1
159,CARA,,2026-04-11,2026-04-12,1
159,CARA,,2026-04-18,2026-04-19,1
159,CARA,,2026-04-25,2026-04-26,1
159,CARA,,2026-05-01,2026-05-02,1
159,CARA,,2026-05-08,2026-05-09,1
159,CARA,,2026-05-15,2026-05-16,1
159,CARA,,2026-05-22,2026-05-23,1
159,CARA,,2026-05-29,2026-05-30,1
159,CARA,,2026-06-06,2026-06-07,1
159,CARA,,2026-06-13,2026-06-14,1
159,CARA,,2026-06-20,2026-06-21,1
160,Sprinkler 2nd fix  fix & test,,2025-12-07,2025-12-11,4
160,Sprinkler 2nd fix  fix & test,,2025-12-13,2025-12-16,2
160,Sprinkler 2nd fix  fix & test,,2025-12-19,2025-12-29,7
160,Sprinkler 2nd fix  fix & test,,2026-01-05,2026-01-06,2
160,Sprinkler 2nd fix  fix & test,,2026-01-11,2026-01-13,2
160,Sprinkler 2nd fix  fix & test,,2026-01-19,2026-01-21,3
160,Sprinkler 2nd fix  fix & test,,2026-01-23,2026-03-03,28
160,Sprinkler 2nd fix  fix & test,,2026-03-06,2026-03-08,1
160,Sprinkler 2nd fix  fix & test,,2026-03-13,2026-03-14,1
160,Sprinkler 2nd fix  fix & test,,2026-03-20,2026-03-21,1
160,Sprinkler 2nd fix  fix & test,,2026-03-27,2026-03-28,1
160,Sprinkler 2nd fix  fix & test,,2026-04-04,2026-04-05,1
160,Sprinkler 2nd fix  fix & test,,2026-04-11,2026-04-12,1
160,Sprinkler 2nd fix  fix & test,,2026-04-18,2026-04-19,1
160,Sprinkler 2nd fix  fix & test,,2026-04-25,2026-04-26,1
160,Sprinkler 2nd fix  fix & test,,2026-05-01,2026-05-02,1
160,Sprinkler 2nd fix  fix & test,,2026-05-08,2026-05-09,1
160,Sprinkler 2nd fix  fix & test,,2026-05-15,2026-05-16,1
160,Sprinkler 2nd fix  fix & test,,2026-05-22,2026-05-23,1
160,Sprinkler 2nd fix  fix & test,,2026-05-29,2026-05-30,1
160,Sprinkler 2nd fix  fix & test,,2026-06-06,2026-06-07,1
160,Sprinkler 2nd fix  fix & test,,2026-06-13,2026-06-14,1
160,Sprinkler 2nd fix  fix & test,,2026-06-20,2026-06-21,1
161,Ceilings -  board (cut holes for lights),,2025-12-07,2025-12-11,4
161,Ceilings -  board (cut holes for lights),,2025-12-13,2025-12-16,2
161,Ceilings -  board (cut holes for lights),,2025-12-19,2025-12-29,7
161,Ceilings -  board (cut holes for lights),,2026-01-05,2026-01-13,7
161,Ceilings -  board (cut holes for lights),,2026-01-19,2026-01-21,3
161,Ceilings -  board (cut holes for lights),,2026-01-23,2026-02-28,26
161,Ceilings -  board (cut holes for lights),,2026-03-06,2026-03-07,1
161,Ceilings -  board (cut holes for lights),,2026-03-09,2026-03-11,3
161,Ceilings -  board (cut holes for lights),,2026-03-13,2026-03-14,1
161,Ceilings -  board (cut holes for lights),,2026-03-20,2026-03-21,1
161,Ceilings -  board (cut holes for lights),,2026-03-27,2026-03-28,1
161,Ceilings -  board (cut holes for lights),,2026-04-04,2026-04-05,1
161,Ceilings -  board (cut holes for lights),,2026-04-11,2026-04-12,1
161,Ceilings -  board (cut holes for lights),,2026-04-18,2026-04-19,1
161,Ceilings -  board (cut holes for lights),,2026-04-25,2026-04-26,1
161,Ceilings -  board (cut holes for lights),,2026-05-01,2026-05-02,1
161,Ceilings -  board (cut holes for lights),,2026-05-08,2026-05-09,1
161,Ceilings -  board (cut holes for lights),,2026-05-15,2026-05-16,1
161,Ceilings -  board (cut holes for lights),,2026-05-22,2026-05-23,1
161,Ceilings -  board (cut holes for lights),,2026-05-29,2026-05-30,1
161,Ceilings -  board (cut holes for lights),,2026-06-06,2026-06-07,1
161,Ceilings -  board (cut holes for lights),,2026-06-13,2026-06-14,1
161,Ceilings -  board (cut holes for lights),,2026-06-20,2026-06-21,1
162,Plaster spray,,2025-12-07,2025-12-11,4
162,Plaster spray,,2025-12-13,2025-12-16,2
162,Plaster spray,,2025-12-19,2025-12-29,7
162,Plaster spray,,2026-01-05,2026-01-13,7
162,Plaster spray,,2026-01-19,2026-01-21,3
162,Plaster spray,,2026-01-24,2026-02-28,25
162,Plaster spray,,2026-03-06,2026-03-07,1
162,Plaster spray,,2026-03-11,2026-03-16,4
162,Plaster spray,,2026-03-20,2026-03-21,1
162,Plaster spray,,2026-03-27,2026-03-28,1
162,Plaster spray,,2026-04-04,2026-04-05,1
162,Plaster spray,,2026-04-11,2026-04-12,1
162,Plaster spray,,2026-04-18,2026-04-19,1
162,Plaster spray,,2026-04-25,2026-04-26,1
162,Plaster spray,,2026-05-01,2026-05-02,1
162,Plaster spray,,2026-05-08,2026-05-09,1
162,Plaster spray,,2026-05-15,2026-05-16,1
162,Plaster spray,,2026-05-22,2026-05-23,1
162,Plaster spray,,2026-05-29,2026-05-30,1
162,Plaster spray,,2026-06-06,2026-06-07,1
162,Plaster spray,,2026-06-13,2026-06-14,1
162,Plaster spray,,2026-06-20,2026-06-21,1
163,Levveling screed /smoothing compound,,2025-12-07,2025-12-11,4
163,Levveling screed /smoothing compound,,2025-12-13,2025-12-16,2
163,Levveling screed /smoothing compound,,2025-12-19,2025-12-29,7
163,Levveling screed /smoothing compound,,2026-01-05,2026-01-13,7
163,Levveling screed /smoothing compound,,2026-01-19,2026-01-21,3
163,Levveling screed /smoothing compound,,2026-01-24,2026-02-28,25
163,Levveling screed /smoothing compound,,2026-03-06,2026-03-07,1
163,Levveling screed /smoothing compound,,2026-03-13,2026-03-14,1
163,Levveling screed /smoothing compound,,2026-03-17,2026-03-23,5
163,Levveling screed /smoothing compound,,2026-03-27,2026-03-28,1
163,Levveling screed /smoothing compound,,2026-04-04,2026-04-05,1
163,Levveling screed /smoothing compound,,2026-04-11,2026-04-12,1
163,Levveling screed /smoothing compound,,2026-04-18,2026-04-19,1
163,Levveling screed /smoothing compound,,2026-04-25,2026-04-26,1
163,Levveling screed /smoothing compound,,2026-05-01,2026-05-02,1
163,Levveling screed /smoothing compound,,2026-05-08,2026-05-09,1
163,Levveling screed /smoothing compound,,2026-05-15,2026-05-16,1
163,Levveling screed /smoothing compound,,2026-05-22,2026-05-23,1
163,Levveling screed /smoothing compound,,2026-05-29,2026-05-30,1
163,Levveling screed /smoothing compound,,2026-06-06,2026-06-07,1
163,Levveling screed /smoothing compound,,2026-06-13,2026-06-14,1
163,Levveling screed /smoothing compound,,2026-06-20,2026-06-21,1
164,Drying out,,2025-12-07,2025-12-11,4
164,Drying out,,2025-12-13,2025-12-16,2
164,Drying out,,2025-12-19,2025-12-24,4
164,Drying out,,2025-12-26,2025-12-29,2
164,Drying out,,2026-01-05,2026-01-13,7
164,Drying out,,2026-01-19,2026-01-21,3
164,Drying out,,2026-01-25,2026-02-28,25
164,Drying out,,2026-03-06,2026-03-07,1
164,Drying out,,2026-03-13,2026-03-14,1
164,Drying out,,2026-03-20,2026-03-28,6
164,Drying out,,2026-04-04,2026-04-05,1
164,Drying out,,2026-04-11,2026-04-12,1
164,Drying out,,2026-04-18,2026-04-19,1
164,Drying out,,2026-04-25,2026-04-26,1
164,Drying out,,2026-05-01,2026-05-02,1
164,Drying out,,2026-05-08,2026-05-09,1
164,Drying out,,2026-05-15,2026-05-16,1
164,Drying out,,2026-05-22,2026-05-23,1
164,Drying out,,2026-05-29,2026-05-30,1
164,Drying out,,2026-06-06,2026-06-07,1
164,Drying out,,2026-06-13,2026-06-14,1
164,Drying out,,2026-06-20,2026-06-21,1
164,Drying out,,2026-06-25,2026-06-30,4
165,Mist coat,,2025-12-07,2025-12-11,4
165,Mist coat,,2025-12-13,2025-12-16,2
165,Mist coat,,2025-12-19,2025-12-24,4
165,Mist coat,,2025-12-26,2025-12-29,2
165,Mist coat,,2026-01-05,2026-01-13,7
165,Mist coat,,2026-01-19,2026-01-21,3
165,Mist coat,,2026-01-25,2026-02-28,25
165,Mist coat,,2026-03-06,2026-03-07,1
165,Mist coat,,2026-03-13,2026-03-14,1
165,Mist coat,,2026-03-20,2026-03-21,1
165,Mist coat,,2026-03-24,2026-03-28,4
165,Mist coat,,2026-04-04,2026-04-05,1
165,Mist coat,,2026-04-11,2026-04-12,1
165,Mist coat,,2026-04-18,2026-04-19,1
165,Mist coat,,2026-04-25,2026-04-26,1
165,Mist coat,,2026-05-01,2026-05-02,1
165,Mist coat,,2026-05-08,2026-05-09,1
165,Mist coat,,2026-05-15,2026-05-16,1
165,Mist coat,,2026-05-22,2026-05-23,1
165,Mist coat,,2026-05-29,2026-05-30,1
165,Mist coat,,2026-06-06,2026-06-07,1
165,Mist coat,,2026-06-13,2026-06-14,1
165,Mist coat,,2026-06-20,2026-06-21,1
,Vanity 1st fix framing,,2025-12-07,2025-12-11,4
,Vanity 1st fix framing,,2025-12-13,2025-12-16,2
,Vanity 1st fix framing,,2025-12-19,2025-12-24,4
,Vanity 1st fix framing,,2025-12-26,2025-12-29,2
,Vanity 1st fix framing,,2026-01-05,2026-01-13,7
,Vanity 1st fix framing,,2026-01-19,2026-01-21,3
,Vanity 1st fix framing,,2026-01-25,2026-02-28,25
,Vanity 1st fix framing,,2026-03-06,2026-03-07,1
,Vanity 1st fix framing,,2026-03-13,2026-03-14,1
,Vanity 1st fix framing,,2026-03-18,2026-03-21,3
,Vanity 1st fix framing,,2026-03-27,2026-03-28,1
,Vanity 1st fix framing,,2026-04-04,2026-04-05,1
,Vanity 1st fix framing,,2026-04-11,2026-04-12,1
,Vanity 1st fix framing,,2026-04-18,2026-04-19,1
,Vanity 1st fix framing,,2026-04-25,2026-04-26,1
,Vanity 1st fix framing,,2026-05-01,2026-05-02,1
,Vanity 1st fix framing,,2026-05-08,2026-05-09,1
,Vanity 1st fix framing,,2026-05-15,2026-05-16,1
,Vanity 1st fix framing,,2026-05-22,2026-05-23,1
,Vanity 1st fix framing,,2026-05-29,2026-05-30,1
,Vanity 1st fix framing,,2026-06-06,2026-06-07,1
,Vanity 1st fix framing,,2026-06-13,2026-06-14,1
,Vanity 1st fix framing,,2026-06-20,2026-06-21,1
166,"Kitchen 1st fix,units tops & appliances",,2025-12-07,2025-12-11,4
166,"Kitchen 1st fix,units tops & appliances",,2025-12-13,2025-12-16,2
166,"Kitchen 1st fix,units tops & appliances",,2025-12-19,2025-12-24,4
166,"Kitchen 1st fix,units tops & appliances",,2025-12-26,2025-12-29,2
166,"Kitchen 1st fix,units tops & appliances",,2026-01-05,2026-01-06,2
166,"Kitchen 1st fix,units tops & appliances",,2026-01-11,2026-01-13,2
166,"Kitchen 1st fix,units tops & appliances",,2026-01-19,2026-01-21,3
166,"Kitchen 1st fix,units tops & appliances",,2026-01-25,2026-03-03,27
166,"Kitchen 1st fix,units tops & appliances",,2026-03-06,2026-03-07,1
166,"Kitchen 1st fix,units tops & appliances",,2026-03-13,2026-03-14,1
166,"Kitchen 1st fix,units tops & appliances",,2026-03-20,2026-03-21,1
166,"Kitchen 1st fix,units tops & appliances",,2026-03-27,2026-03-28,1
166,"Kitchen 1st fix,units tops & appliances",,2026-04-04,2026-04-12,5
166,"Kitchen 1st fix,units tops & appliances",,2026-04-18,2026-04-19,1
166,"Kitchen 1st fix,units tops & appliances",,2026-04-25,2026-04-26,1
166,"Kitchen 1st fix,units tops & appliances",,2026-05-01,2026-05-02,1
166,"Kitchen 1st fix,units tops & appliances",,2026-05-08,2026-05-09,1
166,"Kitchen 1st fix,units tops & appliances",,2026-05-15,2026-05-16,1
166,"Kitchen 1st fix,units tops & appliances",,2026-05-22,2026-05-23,1
166,"Kitchen 1st fix,units tops & appliances",,2026-05-29,2026-05-30,1
166,"Kitchen 1st fix,units tops & appliances",,2026-06-06,2026-06-07,1
166,"Kitchen 1st fix,units tops & appliances",,2026-06-13,2026-06-14,1
166,"Kitchen 1st fix,units tops & appliances",,2026-06-20,2026-06-21,1
,"Joinery 1st fix -doors, frames ,skirting",,2025-12-07,2025-12-11,4
,"Joinery 1st fix -doors, frames ,skirting",,2025-12-13,2025-12-16,2
,"Joinery 1st fix -doors, frames ,skirting",,2025-12-19,2025-12-24,4
,"Joinery 1st fix -doors, frames ,skirting",,2025-12-26,2025-12-29,2
,"Joinery 1st fix -doors, frames ,skirting",,2026-01-05,2026-01-06,2
,"Joinery 1st fix -doors, frames ,skirting",,2026-01-11,2026-01-13,2
,"Joinery 1st fix -doors, frames ,skirting",,2026-01-19,2026-01-21,3
,"Joinery 1st fix -doors, frames ,skirting",,2026-01-25,2026-03-03,27
,"Joinery 1st fix -doors, frames ,skirting",,2026-03-06,2026-03-07,1
,"Joinery 1st fix -doors, frames ,skirting",,2026-03-13,2026-03-14,1
,"Joinery 1st fix -doors, frames ,skirting",,2026-03-20,2026-03-21,1
,"Joinery 1st fix -doors, frames ,skirting",,2026-03-27,2026-03-28,1
,"Joinery 1st fix -doors, frames ,skirting",,2026-04-03,2026-04-09,5
,"Joinery 1st fix -doors, frames ,skirting",,2026-04-11,2026-04-12,1
,"Joinery 1st fix -doors, frames ,skirting",,2026-04-18,2026-04-19,1
,"Joinery 1st fix -doors, frames ,skirting",,2026-04-25,2026-04-26,1
,"Joinery 1st fix -doors, frames ,skirting",,2026-05-01,2026-05-02,1
,"Joinery 1st fix -doors, frames ,skirting",,2026-05-08,2026-05-09,1
,"Joinery 1st fix -doors, frames ,skirting",,2026-05-15,2026-05-16,1
,"Joinery 1st fix -doors, frames ,skirting",,2026-05-22,2026-05-23,1
,"Joinery 1st fix -doors, frames ,skirting",,2026-05-29,2026-05-30,1
,"Joinery 1st fix -doors, frames ,skirting",,2026-06-06,2026-06-07,1
,"Joinery 1st fix -doors, frames ,skirting",,2026-06-13,2026-06-14,1
,"Joinery 1st fix -doors, frames ,skirting",,2026-06-20,2026-06-21,1
,Floor and wall tiling,,2025-12-07,2025-12-11,4
,Floor and wall tiling,,2025-12-13,2025-12-16,2
,Floor and wall tiling,,2025-12-19,2025-12-24,4
,Floor and wall tiling,,2025-12-26,2025-12-29,2
,Floor and wall tiling,,2026-01-05,2026-01-06,2
,Floor and wall tiling,,2026-01-11,2026-01-13,2
,Floor and wall tiling,,2026-01-19,2026-01-21,3
,Floor and wall tiling,,2026-01-25,2026-03-03,27
,Floor and wall tiling,,2026-03-06,2026-03-07,1
,Floor and wall tiling,,2026-03-13,2026-03-14,1
,Floor and wall tiling,,2026-03-20,2026-03-21,1
,Floor and wall tiling,,2026-03-27,2026-04-05,6
,Floor and wall tiling,,2026-04-11,2026-04-12,1
,Floor and wall tiling,,2026-04-18,2026-04-19,1
,Floor and wall tiling,,2026-04-25,2026-04-26,1
,Floor and wall tiling,,2026-05-01,2026-05-02,1
,Floor and wall tiling,,2026-05-08,2026-05-09,1
,Floor and wall tiling,,2026-05-15,2026-05-16,1
,Floor and wall tiling,,2026-05-22,2026-05-23,1
,Floor and wall tiling,,2026-05-29,2026-05-30,1
,Floor and wall tiling,,2026-06-06,2026-06-07,1
,Floor and wall tiling,,2026-06-13,2026-06-14,1
,Floor and wall tiling,,2026-06-20,2026-06-21,1
,Control point 4 CP 4,,2025-12-07,2025-12-11,4
,Control point 4 CP 4,,2025-12-13,2025-12-16,2
,Control point 4 CP 4,,2025-12-19,2025-12-24,4
,Control point 4 CP 4,,2025-12-26,2025-12-29,2
,Control point 4 CP 4,,2026-01-05,2026-01-06,2
,Control point 4 CP 4,,2026-01-11,2026-01-13,2
,Control point 4 CP 4,,2026-01-19,2026-01-21,3
,Control point 4 CP 4,,2026-01-25,2026-03-07,30
,Control point 4 CP 4,,2026-03-13,2026-03-14,1
,Control point 4 CP 4,,2026-03-20,2026-03-21,1
,Control point 4 CP 4,,2026-03-27,2026-03-28,1
,Control point 4 CP 4,,2026-04-04,2026-04-05,1
,Control point 4 CP 4,,2026-04-11,2026-04-12,1
,Control point 4 CP 4,,2026-04-18,2026-04-19,1
,Control point 4 CP 4,,2026-04-25,2026-04-26,1
,Control point 4 CP 4,,2026-05-01,2026-05-02,1
,Control point 4 CP 4,,2026-05-08,2026-05-09,1
,Control point 4 CP 4,,2026-05-15,2026-05-16,1
,Control point 4 CP 4,,2026-05-22,2026-05-23,1
,Control point 4 CP 4,,2026-05-29,2026-05-30,1
,Control point 4 CP 4,,2026-06-06,2026-06-07,1
,Control point 4 CP 4,,2026-06-13,2026-06-14,1
,Control point 4 CP 4,,2026-06-20,2026-06-21,1
,service cupbaord -plywood flooring,,2025-12-07,2025-12-11,4
,service cupbaord -plywood flooring,,2025-12-13,2025-12-16,2
,service cupbaord -plywood flooring,,2025-12-19,2025-12-24,4
,service cupbaord -plywood flooring,,2025-12-26,2025-12-29,2
,service cupbaord -plywood flooring,,2026-01-05,2026-01-06,2
,service cupbaord -plywood flooring,,2026-01-11,2026-01-13,2
,service cupbaord -plywood flooring,,2026-01-19,2026-01-21,3
,service cupbaord -plywood flooring,,2026-01-25,2026-03-07,30
,service cupbaord -plywood flooring,,2026-03-13,2026-03-14,1
,service cupbaord -plywood flooring,,2026-03-20,2026-03-21,1
,service cupbaord -plywood flooring,,2026-03-27,2026-03-28,1
,service cupbaord -plywood flooring,,2026-04-03,2026-04-06,2
,service cupbaord -plywood flooring,,2026-04-11,2026-04-12,1
,service cupbaord -plywood flooring,,2026-04-18,2026-04-19,1
,service cupbaord -plywood flooring,,2026-04-25,2026-04-26,1
,service cupbaord -plywood flooring,,2026-05-01,2026-05-02,1
,service cupbaord -plywood flooring,,2026-05-08,2026-05-09,1
,service cupbaord -plywood flooring,,2026-05-15,2026-05-16,1
,service cupbaord -plywood flooring,,2026-05-22,2026-05-23,1
,service cupbaord -plywood flooring,,2026-05-29,2026-05-30,1
,service cupbaord -plywood flooring,,2026-06-06,2026-06-07,1
,service cupbaord -plywood flooring,,2026-06-13,2026-06-14,1
,service cupbaord -plywood flooring,,2026-06-20,2026-06-21,1
,service cupboard decoration,,2025-12-07,2025-12-11,4
,service cupboard decoration,,2025-12-13,2025-12-16,2
,service cupboard decoration,,2025-12-19,2025-12-24,4
,service cupboard decoration,,2025-12-26,2025-12-29,2
,service cupboard decoration,,2026-01-05,2026-01-06,2
,service cupboard decoration,,2026-01-11,2026-01-13,2
,service cupboard decoration,,2026-01-19,2026-01-21,3
,service cupboard decoration,,2026-01-25,2026-03-07,30
,service cupboard decoration,,2026-03-13,2026-03-14,1
,service cupboard decoration,,2026-03-20,2026-03-21,1
,service cupboard decoration,,2026-03-27,2026-03-28,1
,service cupboard decoration,,2026-04-04,2026-04-05,1
,service cupboard decoration,,2026-04-11,2026-04-12,1
,service cupboard decoration,,2026-04-18,2026-04-19,1
,service cupboard decoration,,2026-04-25,2026-04-26,1
,service cupboard decoration,,2026-05-01,2026-05-02,1
,service cupboard decoration,,2026-05-08,2026-05-09,1
,service cupboard decoration,,2026-05-15,2026-05-16,1
,service cupboard decoration,,2026-05-22,2026-05-23,1
,service cupboard decoration,,2026-05-29,2026-05-30,1
,service cupboard decoration,,2026-06-06,2026-06-07,1
,service cupboard decoration,,2026-06-13,2026-06-14,1
,service cupboard decoration,,2026-06-20,2026-06-21,1
,service cupboard cylinder MVHR pipework installation & ducts,,2025-12-07,2025-12-11,4
,service cupboard cylinder MVHR pipework installation & ducts,,2025-12-13,2025-12-16,2
,service cupboard cylinder MVHR pipework installation & ducts,,2025-12-19,2025-12-24,4
,service cupboard cylinder MVHR pipework installation & ducts,,2025-12-26,2025-12-29,2
,service cupboard cylinder MVHR pipework installation & ducts,,2026-01-05,2026-01-06,2
,service cupboard cylinder MVHR pipework installation & ducts,,2026-01-11,2026-01-13,2
,service cupboard cylinder MVHR pipework installation & ducts,,2026-01-19,2026-01-21,3
,service cupboard cylinder MVHR pipework installation & ducts,,2026-01-25,2026-03-07,30
,service cupboard cylinder MVHR pipework installation & ducts,,2026-03-13,2026-03-14,1
,service cupboard cylinder MVHR pipework installation & ducts,,2026-03-20,2026-03-21,1
,service cupboard cylinder MVHR pipework installation & ducts,,2026-03-27,2026-03-28,1
,service cupboard cylinder MVHR pipework installation & ducts,,2026-04-04,2026-04-05,1
,service cupboard cylinder MVHR pipework installation & ducts,,2026-04-11,2026-04-12,1
,service cupboard cylinder MVHR pipework installation & ducts,,2026-04-18,2026-04-19,1
,service cupboard cylinder MVHR pipework installation & ducts,,2026-04-25,2026-04-26,1
,service cupboard cylinder MVHR pipework installation & ducts,,2026-05-01,2026-05-02,1
,service cupboard cylinder MVHR pipework installation & ducts,,2026-05-08,2026-05-09,1
,service cupboard cylinder MVHR pipework installation & ducts,,2026-05-15,2026-05-16,1
,service cupboard cylinder MVHR pipework installation & ducts,,2026-05-22,2026-05-23,1
,service cupboard cylinder MVHR pipework installation & ducts,,2026-05-29,2026-05-30,1
,service cupboard cylinder MVHR pipework installation & ducts,,2026-06-06,2026-06-07,1
,service cupboard cylinder MVHR pipework installation & ducts,,2026-06-13,2026-06-14,1
,service cupboard cylinder MVHR pipework installation & ducts,,2026-06-20,2026-06-21,1
,Amtico flooring /Bathrooms,,2025-12-07,2025-12-11,4
,Amtico flooring /Bathrooms,,2025-12-13,2025-12-16,2
,Amtico flooring /Bathrooms,,2025-12-19,2025-12-24,4
,Amtico flooring /Bathrooms,,2025-12-26,2025-12-29,2
,Amtico flooring /Bathrooms,,2026-01-05,2026-01-06,2
,Amtico flooring /Bathrooms,,2026-01-11,2026-01-13,2
,Amtico flooring /Bathrooms,,2026-01-19,2026-01-21,3
,Amtico flooring /Bathrooms,,2026-01-25,2026-03-07,30
,Amtico flooring /Bathrooms,,2026-03-13,2026-03-14,1
,Amtico flooring /Bathrooms,,2026-03-20,2026-03-21,1
,Amtico flooring /Bathrooms,,2026-03-27,2026-03-28,1
,Amtico flooring /Bathrooms,,2026-04-04,2026-04-05,1
,Amtico flooring /Bathrooms,,2026-04-11,2026-04-12,1
,Amtico flooring /Bathrooms,,2026-04-18,2026-04-19,1
,Amtico flooring /Bathrooms,,2026-04-25,2026-04-26,1
,Amtico flooring /Bathrooms,,2026-05-01,2026-05-02,1
,Amtico flooring /Bathrooms,,2026-05-08,2026-05-09,1
,Amtico flooring /Bathrooms,,2026-05-15,2026-05-16,1
,Amtico flooring /Bathrooms,,2026-05-22,2026-05-23,1
,Amtico flooring /Bathrooms,,2026-05-29,2026-05-30,1
,Amtico flooring /Bathrooms,,2026-06-06,2026-06-07,1
,Amtico flooring /Bathrooms,,2026-06-13,2026-06-14,1
,Amtico flooring /Bathrooms,,2026-06-20,2026-06-21,1
167,Plumbing second fix sanitaryware & pressure testing,,2025-12-07,2025-12-11,4
167,Plumbing second fix sanitaryware & pressure testing,,2025-12-13,2025-12-16,2
167,Plumbing second fix sanitaryware & pressure testing,,2025-12-19,2025-12-24,4
167,Plumbing second fix sanitaryware & pressure testing,,2025-12-26,2025-12-29,2
167,Plumbing second fix sanitaryware & pressure testing,,2026-01-05,2026-01-06,2
167,Plumbing second fix sanitaryware & pressure testing,,2026-01-11,2026-01-13,2
167,Plumbing second fix sanitaryware & pressure testing,,2026-01-19,2026-01-21,3
167,Plumbing second fix sanitaryware & pressure testing,,2026-01-25,2026-03-07,30
167,Plumbing second fix sanitaryware & pressure testing,,2026-03-13,2026-03-14,1
167,Plumbing second fix sanitaryware & pressure testing,,2026-03-20,2026-03-21,1
167,Plumbing second fix sanitaryware & pressure testing,,2026-03-27,2026-03-28,1
167,Plumbing second fix sanitaryware & pressure testing,,2026-04-04,2026-04-05,1
167,Plumbing second fix sanitaryware & pressure testing,,2026-04-11,2026-04-12,1
167,Plumbing second fix sanitaryware & pressure testing,,2026-04-18,2026-04-19,1
167,Plumbing second fix sanitaryware & pressure testing,,2026-04-25,2026-04-26,1
167,Plumbing second fix sanitaryware & pressure testing,,2026-05-01,2026-05-02,1
167,Plumbing second fix sanitaryware & pressure testing,,2026-05-08,2026-05-09,1
167,Plumbing second fix sanitaryware & pressure testing,,2026-05-15,2026-05-16,1
167,Plumbing second fix sanitaryware & pressure testing,,2026-05-22,2026-05-23,1
167,Plumbing second fix sanitaryware & pressure testing,,2026-05-29,2026-05-30,1
167,Plumbing second fix sanitaryware & pressure testing,,2026-06-06,2026-06-07,1
167,Plumbing second fix sanitaryware & pressure testing,,2026-06-13,2026-06-14,1
167,Plumbing second fix sanitaryware & pressure testing,,2026-06-20,2026-06-21,1
169,Electrical 2nd fix & live testing,,2025-12-07,2025-12-11,4
169,Electrical 2nd fix & live testing,,2025-12-13,2025-12-16,2
169,Electrical 2nd fix & live testing,,2025-12-19,2025-12-24,4
169,Electrical 2nd fix & live testing,,2025-12-26,2025-12-29,2
169,Electrical 2nd fix & live testing,,2026-01-05,2026-01-06,2
169,Electrical 2nd fix & live testing,,2026-01-11,2026-01-13,2
169,Electrical 2nd fix & live testing,,2026-01-19,2026-01-21,3
169,Electrical 2nd fix & live testing,,2026-01-25,2026-03-03,27
169,Electrical 2nd fix & live testing,,2026-03-06,2026-03-07,1
169,Electrical 2nd fix & live testing,,2026-03-13,2026-03-14,1
169,Electrical 2nd fix & live testing,,2026-03-20,2026-03-21,1
169,Electrical 2nd fix & live testing,,2026-03-27,2026-03-28,1
169,Electrical 2nd fix & live testing,,2026-04-04,2026-04-05,1
169,Electrical 2nd fix & live testing,,2026-04-11,2026-04-12,1
169,Electrical 2nd fix & live testing,,2026-04-18,2026-04-19,1
169,Electrical 2nd fix & live testing,,2026-04-25,2026-04-26,1
169,Electrical 2nd fix & live testing,,2026-05-01,2026-05-02,1
169,Electrical 2nd fix & live testing,,2026-05-08,2026-05-09,1
169,Electrical 2nd fix & live testing,,2026-05-15,2026-05-16,1
169,Electrical 2nd fix & live testing,,2026-05-22,2026-05-23,1
169,Electrical 2nd fix & live testing,,2026-05-29,2026-05-30,1
169,Electrical 2nd fix & live testing,,2026-06-06,2026-06-07,1
169,Electrical 2nd fix & live testing,,2026-06-13,2026-06-14,1
169,Electrical 2nd fix & live testing,,2026-06-20,2026-06-21,1
170,Builders clean,,2025-12-07,2025-12-11,4
170,Builders clean,,2025-12-13,2025-12-16,2
170,Builders clean,,2025-12-19,2025-12-24,4
170,Builders clean,,2025-12-26,2025-12-29,2
170,Builders clean,,2026-01-05,2026-01-06,2
170,Builders clean,,2026-01-11,2026-01-13,2
170,Builders clean,,2026-01-19,2026-01-21,3
170,Builders clean,,2026-01-25,2026-03-03,27
170,Builders clean,,2026-03-06,2026-03-07,1
170,Builders clean,,2026-03-13,2026-03-14,1
170,Builders clean,,2026-03-20,2026-03-21,1
170,Builders clean,,2026-03-27,2026-03-28,1
170,Builders clean,,2026-04-04,2026-04-05,1
170,Builders clean,,2026-04-11,2026-04-12,1
170,Builders clean,,2026-04-18,2026-04-19,1
170,Builders clean,,2026-04-25,2026-04-26,1
170,Builders clean,,2026-05-01,2026-05-02,1
170,Builders clean,,2026-05-08,2026-05-09,1
170,Builders clean,,2026-05-15,2026-05-16,1
170,Builders clean,,2026-05-22,2026-05-23,1
170,Builders clean,,2026-05-29,2026-05-30,1
170,Builders clean,,2026-06-06,2026-06-07,1
170,Builders clean,,2026-06-13,2026-06-14,1
170,Builders clean,,2026-06-20,2026-06-21,1
171,Pre -dec -snagging,,2025-12-07,2025-12-11,4
171,Pre -dec -snagging,,2025-12-13,2025-12-16,2
171,Pre -dec -snagging,,2025-12-19,2025-12-24,4
171,Pre -dec -snagging,,2025-12-26,2025-12-29,2
171,Pre -dec -snagging,,2026-01-05,2026-01-06,2
171,Pre -dec -snagging,,2026-01-11,2026-01-13,2
171,Pre -dec -snagging,,2026-01-19,2026-01-21,3
171,Pre -dec -snagging,,2026-01-25,2026-03-03,27
171,Pre -dec -snagging,,2026-03-06,2026-03-07,1
171,Pre -dec -snagging,,2026-03-13,2026-03-14,1
171,Pre -dec -snagging,,2026-03-20,2026-03-21,1
171,Pre -dec -snagging,,2026-03-27,2026-03-28,1
171,Pre -dec -snagging,,2026-04-04,2026-04-05,1
171,Pre -dec -snagging,,2026-04-11,2026-04-12,1
171,Pre -dec -snagging,,2026-04-18,2026-04-19,1
171,Pre -dec -snagging,,2026-04-25,2026-04-26,1
171,Pre -dec -snagging,,2026-05-01,2026-05-02,1
171,Pre -dec -snagging,,2026-05-08,2026-05-09,1
171,Pre -dec -snagging,,2026-05-15,2026-05-16,1
171,Pre -dec -snagging,,2026-05-22,2026-05-23,1
171,Pre -dec -snagging,,2026-05-29,2026-05-30,1
171,Pre -dec -snagging,,2026-06-06,2026-06-07,1
171,Pre -dec -snagging,,2026-06-13,2026-06-14,1
171,Pre -dec -snagging,,2026-06-20,2026-06-21,1
172,Decoration,,2025-12-07,2025-12-11,4
172,Decoration,,2025-12-13,2025-12-16,2
172,Decoration,,2025-12-19,2025-12-24,4
172,Decoration,,2025-12-26,2025-12-29,2
172,Decoration,,2026-01-05,2026-01-06,2
172,Decoration,,2026-01-11,2026-01-13,2
172,Decoration,,2026-01-19,2026-01-21,3
172,Decoration,,2026-01-25,2026-03-03,27
172,Decoration,,2026-03-06,2026-03-07,1
172,Decoration,,2026-03-13,2026-03-14,1
172,Decoration,,2026-03-20,2026-03-21,1
172,Decoration,,2026-03-27,2026-03-28,1
172,Decoration,,2026-04-04,2026-04-05,1
172,Decoration,,2026-04-11,2026-04-12,1
172,Decoration,,2026-04-18,2026-04-19,1
172,Decoration,,2026-04-25,2026-04-26,1
172,Decoration,,2026-05-01,2026-05-02,1
172,Decoration,,2026-05-05,2026-05-11,5
172,Decoration,,2026-05-15,2026-05-16,1
172,Decoration,,2026-05-22,2026-05-23,1
172,Decoration,,2026-05-29,2026-05-30,1
172,Decoration,,2026-06-06,2026-06-07,1
172,Decoration,,2026-06-13,2026-06-14,1
172,Decoration,,2026-06-20,2026-06-21,1
173,Amtico flooring /Carpets,,2025-12-07,2025-12-16,7
173,Amtico flooring /Carpets,,2025-12-19,2025-12-24,4
173,Amtico flooring /Carpets,,2025-12-26,2025-12-29,2
173,Amtico flooring /Carpets,,2026-01-05,2026-01-06,2
173,Amtico flooring /Carpets,,2026-01-11,2026-01-13,2
173,Amtico flooring /Carpets,,2026-01-19,2026-01-21,3
173,Amtico flooring /Carpets,,2026-01-25,2026-03-03,27
173,Amtico flooring /Carpets,,2026-03-06,2026-03-07,1
173,Amtico flooring /Carpets,,2026-03-13,2026-03-14,1
173,Amtico flooring /Carpets,,2026-03-20,2026-03-21,1
173,Amtico flooring /Carpets,,2026-03-27,2026-03-28,1
173,Amtico flooring /Carpets,,2026-04-04,2026-04-05,1
173,Amtico flooring /Carpets,,2026-04-11,2026-04-12,1
173,Amtico flooring /Carpets,,2026-04-18,2026-04-19,1
173,Amtico flooring /Carpets,,2026-04-25,2026-04-26,1
173,Amtico flooring /Carpets,,2026-05-01,2026-05-02,1
173,Amtico flooring /Carpets,,2026-05-08,2026-05-09,1
173,Amtico flooring /Carpets,,2026-05-12,2026-05-16,4
173,Amtico flooring /Carpets,,2026-05-22,2026-05-23,1
173,Amtico flooring /Carpets,,2026-05-29,2026-05-30,1
173,Amtico flooring /Carpets,,2026-06-06,2026-06-07,1
173,Amtico flooring /Carpets,,2026-06-13,2026-06-14,1
173,Amtico flooring /Carpets,,2026-06-20,2026-06-21,1
174,De snag all trades,,2025-12-07,2025-12-16,7
174,De snag all trades,,2025-12-19,2025-12-29,7
174,De snag all trades,,2026-01-05,2026-01-06,2
174,De snag all trades,,2026-01-11,2026-01-13,2
174,De snag all trades,,2026-01-19,2026-01-21,3
174,De snag all trades,,2026-01-25,2026-03-03,27
174,De snag all trades,,2026-03-06,2026-03-07,1
174,De snag all trades,,2026-03-13,2026-03-14,1
174,De snag all trades,,2026-03-20,2026-03-21,1
174,De snag all trades,,2026-03-27,2026-03-28,1
174,De snag all trades,,2026-04-04,2026-04-05,1
174,De snag all trades,,2026-04-11,2026-04-12,1
174,De snag all trades,,2026-04-18,2026-04-19,1
174,De snag all trades,,2026-04-25,2026-04-26,1
174,De snag all trades,,2026-05-01,2026-05-02,1
174,De snag all trades,,2026-05-08,2026-05-09,1
174,De snag all trades,,2026-05-15,2026-05-23,6
174,De snag all trades,,2026-05-29,2026-05-30,1
174,De snag all trades,,2026-06-06,2026-06-07,1
174,De snag all trades,,2026-06-13,2026-06-14,1
174,De snag all trades,,2026-06-20,2026-06-21,1
175,Sparkle clean,,2025-12-07,2025-12-16,7
175,Sparkle clean,,2025-12-19,2025-12-29,7
175,Sparkle clean,,2026-01-05,2026-01-06,2
175,Sparkle clean,,2026-01-11,2026-01-13,2
175,Sparkle clean,,2026-01-19,2026-01-21,3
175,Sparkle clean,,2026-01-25,2026-03-03,27
175,Sparkle clean,,2026-03-06,2026-03-07,1
175,Sparkle clean,,2026-03-13,2026-03-14,1
175,Sparkle clean,,2026-03-20,2026-03-21,1
175,Sparkle clean,,2026-03-27,2026-03-28,1
175,Sparkle clean,,2026-04-04,2026-04-05,1
175,Sparkle clean,,2026-04-11,2026-04-12,1
175,Sparkle clean,,2026-04-18,2026-04-19,1
175,Sparkle clean,,2026-04-25,2026-04-26,1
175,Sparkle clean,,2026-05-01,2026-05-02,1
175,Sparkle clean,,2026-05-08,2026-05-09,1
175,Sparkle clean,,2026-05-15,2026-05-16,1
175,Sparkle clean,,2026-05-22,2026-05-30,6
175,Sparkle clean,,2026-06-06,2026-06-07,1
175,Sparkle clean,,2026-06-13,2026-06-14,1
175,Sparkle clean,,2026-06-20,2026-06-21,1
176,Mastic,,2025-12-07,2025-12-24,13
176,Mastic,,2025-12-26,2025-12-29,2
176,Mastic,,2026-01-05,2026-01-06,2
176,Mastic,,2026-01-11,2026-01-13,2
176,Mastic,,2026-01-19,2026-01-21,3
176,Mastic,,2026-01-25,2026-03-03,27
176,Mastic,,2026-03-06,2026-03-07,1
176,Mastic,,2026-03-13,2026-03-14,1
176,Mastic,,2026-03-20,2026-03-21,1
176,Mastic,,2026-03-27,2026-03-28,1
176,Mastic,,2026-04-04,2026-04-05,1
176,Mastic,,2026-04-11,2026-04-12,1
176,Mastic,,2026-04-18,2026-04-19,1
176,Mastic,,2026-04-25,2026-04-26,1
176,Mastic,,2026-05-01,2026-05-02,1
176,Mastic,,2026-05-08,2026-05-09,1
176,Mastic,,2026-05-15,2026-05-16,1
176,Mastic,,2026-05-22,2026-05-23,1
176,Mastic,,2026-05-29,2026-06-02,3
176,Mastic,,2026-06-06,2026-06-07,1
176,Mastic,,2026-06-13,2026-06-14,1
176,Mastic,,2026-06-20,2026-06-21,1
177,Handover to client,,2025-12-07,2025-12-11,4
177,Handover to client,,2025-12-13,2025-12-15,1
177,Handover to client,,2025-12-19,2025-12-29,7
177,Handover to client,,2026-01-05,2026-01-06,2
177,Handover to client,,2026-01-11,2026-01-13,2
177,Handover to client,,2026-01-19,2026-01-21,3
177,Handover to client,,2026-01-25,2026-03-03,27
177,Handover to client,,2026-03-06,2026-03-07,1
177,Handover to client,,2026-03-13,2026-03-14,1
177,Handover to client,,2026-03-20,2026-03-21,1
177,Handover to client,,2026-03-27,2026-03-28,1
177,Handover to client,,2026-04-04,2026-04-05,1
177,Handover to client,,2026-04-11,2026-04-12,1
177,Handover to client,,2026-04-18,2026-04-19,1
177,Handover to client,,2026-04-25,2026-04-26,1
177,Handover to client,,2026-05-01,2026-05-02,1
177,Handover to client,,2026-05-08,2026-05-09,1
177,Handover to client,,2026-05-15,2026-05-16,1
177,Handover to client,,2026-05-22,2026-05-23,1
177,Handover to client,,2026-05-29,2026-05-30,1
177,Handover to client,,2026-06-06,2026-06-07,1
177,Handover to client,,2026-06-13,2026-06-15,1
177,Handover to client,,2026-06-20,2026-06-21,1
178,Level 6Apartment fit out -cluster 2,,2025-12-07,2025-12-11,4
178,Level 6Apartment fit out -cluster 2,,2025-12-13,2025-12-15,1
178,Level 6Apartment fit out -cluster 2,,2025-12-19,2025-12-22,2
178,Level 6Apartment fit out -cluster 2,,2025-12-26,2026-01-02,6
178,Level 6Apartment fit out -cluster 2,,2026-01-05,2026-01-06,2
178,Level 6Apartment fit out -cluster 2,,2026-01-11,2026-01-13,2
178,Level 6Apartment fit out -cluster 2,,2026-01-19,2026-01-20,2
178,Level 6Apartment fit out -cluster 2,,2026-01-25,2026-03-03,27
178,Level 6Apartment fit out -cluster 2,,2026-03-06,2026-03-07,1
178,Level 6Apartment fit out -cluster 2,,2026-03-13,2026-03-14,1
178,Level 6Apartment fit out -cluster 2,,2026-03-20,2026-03-21,1
178,Level 6Apartment fit out -cluster 2,,2026-03-27,2026-03-28,1
178,Level 6Apartment fit out -cluster 2,,2026-04-04,2026-04-05,1
178,Level 6Apartment fit out -cluster 2,,2026-04-11,2026-04-12,1
178,Level 6Apartment fit out -cluster 2,,2026-04-18,2026-04-19,1
178,Level 6Apartment fit out -cluster 2,,2026-04-25,2026-04-26,1
178,Level 6Apartment fit out -cluster 2,,2026-05-01,2026-05-02,1
178,Level 6Apartment fit out -cluster 2,,2026-05-08,2026-05-09,1
178,Level 6Apartment fit out -cluster 2,,2026-05-15,2026-05-16,1
178,Level 6Apartment fit out -cluster 2,,2026-05-22,2026-05-23,1
178,Level 6Apartment fit out -cluster 2,,2026-05-29,2026-05-30,1
178,Level 6Apartment fit out -cluster 2,,2026-06-06,2026-06-07,1
178,Level 6Apartment fit out -cluster 2,,2026-06-13,2026-06-14,1
178,Level 6Apartment fit out -cluster 2,,2026-06-20,2026-06-21,1
179,1st fix electrical back boxes   Edencroft,,2025-12-07,2025-12-11,4
179,1st fix electrical back boxes   Edencroft,,2025-12-13,2025-12-16,2
179,1st fix electrical back boxes   Edencroft,,2025-12-19,2025-12-22,2
179,1st fix electrical back boxes   Edencroft,,2025-12-26,2025-12-29,2
179,1st fix electrical back boxes   Edencroft,,2026-01-05,2026-01-13,7
179,1st fix electrical back boxes   Edencroft,,2026-01-16,2026-01-22,5
179,1st fix electrical back boxes   Edencroft,,2026-01-25,2026-03-03,27
179,1st fix electrical back boxes   Edencroft,,2026-03-06,2026-03-07,1
179,1st fix electrical back boxes   Edencroft,,2026-03-13,2026-03-14,1
179,1st fix electrical back boxes   Edencroft,,2026-03-20,2026-03-21,1
179,1st fix electrical back boxes   Edencroft,,2026-03-27,2026-03-28,1
179,1st fix electrical back boxes   Edencroft,,2026-04-04,2026-04-05,1
179,1st fix electrical back boxes   Edencroft,,2026-04-11,2026-04-12,1
179,1st fix electrical back boxes   Edencroft,,2026-04-18,2026-04-19,1
179,1st fix electrical back boxes   Edencroft,,2026-04-25,2026-04-26,1
179,1st fix electrical back boxes   Edencroft,,2026-05-01,2026-05-02,1
179,1st fix electrical back boxes   Edencroft,,2026-05-08,2026-05-09,1
179,1st fix electrical back boxes   Edencroft,,2026-05-15,2026-05-16,1
179,1st fix electrical back boxes   Edencroft,,2026-05-22,2026-05-23,1
179,1st fix electrical back boxes   Edencroft,,2026-05-29,2026-05-30,1
179,1st fix electrical back boxes   Edencroft,,2026-06-06,2026-06-07,1
179,1st fix electrical back boxes   Edencroft,,2026-06-13,2026-06-14,1
179,1st fix electrical back boxes   Edencroft,,2026-06-20,2026-06-21,1
,1st fix partitions/pattreses one side,,2025-12-07,2025-12-11,4
,1st fix partitions/pattreses one side,,2025-12-13,2025-12-16,2
,1st fix partitions/pattreses one side,,2025-12-19,2025-12-22,2
,1st fix partitions/pattreses one side,,2025-12-26,2025-12-29,2
,1st fix partitions/pattreses one side,,2026-01-05,2026-01-13,7
,1st fix partitions/pattreses one side,,2026-01-19,2026-03-03,32
,1st fix partitions/pattreses one side,,2026-03-06,2026-03-07,1
,1st fix partitions/pattreses one side,,2026-03-13,2026-03-14,1
,1st fix partitions/pattreses one side,,2026-03-20,2026-03-21,1
,1st fix partitions/pattreses one side,,2026-03-27,2026-03-28,1
,1st fix partitions/pattreses one side,,2026-04-04,2026-04-05,1
,1st fix partitions/pattreses one side,,2026-04-11,2026-04-12,1
,1st fix partitions/pattreses one side,,2026-04-18,2026-04-19,1
,1st fix partitions/pattreses one side,,2026-04-25,2026-04-26,1
,1st fix partitions/pattreses one side,,2026-05-01,2026-05-02,1
,1st fix partitions/pattreses one side,,2026-05-08,2026-05-09,1
,1st fix partitions/pattreses one side,,2026-05-15,2026-05-16,1
,1st fix partitions/pattreses one side,,2026-05-22,2026-05-23,1
,1st fix partitions/pattreses one side,,2026-05-29,2026-05-30,1
,1st fix partitions/pattreses one side,,2026-06-06,2026-06-07,1
,1st fix partitions/pattreses one side,,2026-06-13,2026-06-14,1
,1st fix partitions/pattreses one side,,2026-06-20,2026-06-21,1
180,First fix wire -ceilings/walls,,2025-12-07,2025-12-11,4
180,First fix wire -ceilings/walls,,2025-12-13,2025-12-16,2
180,First fix wire -ceilings/walls,,2025-12-19,2025-12-24,4
180,First fix wire -ceilings/walls,,2025-12-26,2025-12-29,2
180,First fix wire -ceilings/walls,,2026-01-05,2026-01-06,2
180,First fix wire -ceilings/walls,,2026-01-09,2026-01-15,5
180,First fix wire -ceilings/walls,,2026-01-19,2026-01-21,3
180,First fix wire -ceilings/walls,,2026-01-25,2026-03-03,27
180,First fix wire -ceilings/walls,,2026-03-06,2026-03-07,1
180,First fix wire -ceilings/walls,,2026-03-13,2026-03-14,1
180,First fix wire -ceilings/walls,,2026-03-20,2026-03-21,1
180,First fix wire -ceilings/walls,,2026-03-27,2026-03-28,1
180,First fix wire -ceilings/walls,,2026-04-04,2026-04-05,1
180,First fix wire -ceilings/walls,,2026-04-11,2026-04-12,1
180,First fix wire -ceilings/walls,,2026-04-18,2026-04-19,1
180,First fix wire -ceilings/walls,,2026-04-25,2026-04-26,1
180,First fix wire -ceilings/walls,,2026-05-01,2026-05-02,1
180,First fix wire -ceilings/walls,,2026-05-08,2026-05-09,1
180,First fix wire -ceilings/walls,,2026-05-15,2026-05-16,1
180,First fix wire -ceilings/walls,,2026-05-22,2026-05-23,1
180,First fix wire -ceilings/walls,,2026-05-29,2026-05-30,1
180,First fix wire -ceilings/walls,,2026-06-06,2026-06-07,1
180,First fix wire -ceilings/walls,,2026-06-13,2026-06-14,1
180,First fix wire -ceilings/walls,,2026-06-20,2026-06-21,1
181,first fix plumbing,,2025-12-07,2025-12-11,4
181,first fix plumbing,,2025-12-13,2025-12-16,2
181,first fix plumbing,,2025-12-19,2025-12-24,4
181,first fix plumbing,,2025-12-26,2025-12-29,2
181,first fix plumbing,,2026-01-05,2026-01-06,2
181,first fix plumbing,,2026-01-11,2026-01-20,7
181,first fix plumbing,,2026-01-26,2026-03-03,27
181,first fix plumbing,,2026-03-06,2026-03-07,1
181,first fix plumbing,,2026-03-13,2026-03-14,1
181,first fix plumbing,,2026-03-20,2026-03-21,1
181,first fix plumbing,,2026-03-27,2026-03-28,1
181,first fix plumbing,,2026-04-04,2026-04-05,1
181,first fix plumbing,,2026-04-11,2026-04-12,1
181,first fix plumbing,,2026-04-18,2026-04-19,1
181,first fix plumbing,,2026-04-25,2026-04-26,1
181,first fix plumbing,,2026-05-01,2026-05-02,1
181,first fix plumbing,,2026-05-08,2026-05-09,1
181,first fix plumbing,,2026-05-15,2026-05-16,1
181,first fix plumbing,,2026-05-22,2026-05-23,1
181,first fix plumbing,,2026-05-29,2026-05-30,1
181,first fix plumbing,,2026-06-06,2026-06-07,1
181,first fix plumbing,,2026-06-13,2026-06-14,1
181,first fix plumbing,,2026-06-20,2026-06-21,1
182,SVP & RWP install,,2025-12-07,2025-12-11,4
182,SVP & RWP install,,2025-12-13,2025-12-16,2
182,SVP & RWP install,,2025-12-19,2025-12-24,4
182,SVP & RWP install,,2025-12-26,2025-12-29,2
182,SVP & RWP install,,2026-01-05,2026-01-06,2
182,SVP & RWP install,,2026-01-11,2026-01-13,2
182,SVP & RWP install,,2026-01-19,2026-01-20,2
182,SVP & RWP install,,2026-01-26,2026-03-03,27
182,SVP & RWP install,,2026-03-06,2026-03-07,1
182,SVP & RWP install,,2026-03-13,2026-03-14,1
182,SVP & RWP install,,2026-03-20,2026-03-21,1
182,SVP & RWP install,,2026-03-27,2026-03-28,1
182,SVP & RWP install,,2026-04-04,2026-04-05,1
182,SVP & RWP install,,2026-04-11,2026-04-12,1
182,SVP & RWP install,,2026-04-18,2026-04-19,1
182,SVP & RWP install,,2026-04-25,2026-04-26,1
182,SVP & RWP install,,2026-05-01,2026-05-02,1
182,SVP & RWP install,,2026-05-08,2026-05-09,1
182,SVP & RWP install,,2026-05-15,2026-05-16,1
182,SVP & RWP install,,2026-05-22,2026-05-23,1
182,SVP & RWP install,,2026-05-29,2026-05-30,1
182,SVP & RWP install,,2026-06-06,2026-06-07,1
182,SVP & RWP install,,2026-06-13,2026-06-14,1
182,SVP & RWP install,,2026-06-20,2026-06-21,1
183,Firestop to RWP & SVP,,2025-12-07,2025-12-11,4
183,Firestop to RWP & SVP,,2025-12-13,2025-12-16,2
183,Firestop to RWP & SVP,,2025-12-19,2025-12-24,4
183,Firestop to RWP & SVP,,2025-12-26,2025-12-29,2
183,Firestop to RWP & SVP,,2026-01-05,2026-01-06,2
183,Firestop to RWP & SVP,,2026-01-11,2026-01-13,2
183,Firestop to RWP & SVP,,2026-01-19,2026-01-21,3
183,Firestop to RWP & SVP,,2026-01-25,2026-03-03,27
183,Firestop to RWP & SVP,,2026-03-06,2026-03-07,1
183,Firestop to RWP & SVP,,2026-03-13,2026-03-14,1
183,Firestop to RWP & SVP,,2026-03-20,2026-03-21,1
183,Firestop to RWP & SVP,,2026-03-27,2026-03-28,1
183,Firestop to RWP & SVP,,2026-04-04,2026-04-05,1
183,Firestop to RWP & SVP,,2026-04-11,2026-04-12,1
183,Firestop to RWP & SVP,,2026-04-18,2026-04-19,1
183,Firestop to RWP & SVP,,2026-04-25,2026-04-26,1
183,Firestop to RWP & SVP,,2026-05-01,2026-05-02,1
183,Firestop to RWP & SVP,,2026-05-08,2026-05-09,1
183,Firestop to RWP & SVP,,2026-05-15,2026-05-16,1
183,Firestop to RWP & SVP,,2026-05-22,2026-05-23,1
183,Firestop to RWP & SVP,,2026-05-29,2026-05-30,1
183,Firestop to RWP & SVP,,2026-06-06,2026-06-07,1
183,Firestop to RWP & SVP,,2026-06-13,2026-06-14,1
183,Firestop to RWP & SVP,,2026-06-20,2026-06-21,1
184,CONTROL POINT 2 (CP2),,2025-12-07,2025-12-16,7
184,CONTROL POINT 2 (CP2),,2025-12-19,2025-12-24,4
184,CONTROL POINT 2 (CP2),,2025-12-26,2025-12-29,2
184,CONTROL POINT 2 (CP2),,2026-01-05,2026-01-06,2
184,CONTROL POINT 2 (CP2),,2026-01-11,2026-01-13,2
184,CONTROL POINT 2 (CP2),,2026-01-19,2026-03-03,32
184,CONTROL POINT 2 (CP2),,2026-03-06,2026-03-07,1
184,CONTROL POINT 2 (CP2),,2026-03-13,2026-03-14,1
184,CONTROL POINT 2 (CP2),,2026-03-20,2026-03-21,1
184,CONTROL POINT 2 (CP2),,2026-03-27,2026-03-28,1
184,CONTROL POINT 2 (CP2),,2026-04-04,2026-04-05,1
184,CONTROL POINT 2 (CP2),,2026-04-11,2026-04-12,1
184,CONTROL POINT 2 (CP2),,2026-04-18,2026-04-19,1
184,CONTROL POINT 2 (CP2),,2026-04-25,2026-04-26,1
184,CONTROL POINT 2 (CP2),,2026-05-01,2026-05-02,1
184,CONTROL POINT 2 (CP2),,2026-05-08,2026-05-09,1
184,CONTROL POINT 2 (CP2),,2026-05-15,2026-05-16,1
184,CONTROL POINT 2 (CP2),,2026-05-22,2026-05-23,1
184,CONTROL POINT 2 (CP2),,2026-05-29,2026-05-30,1
184,CONTROL POINT 2 (CP2),,2026-06-06,2026-06-07,1
184,CONTROL POINT 2 (CP2),,2026-06-13,2026-06-14,1
184,CONTROL POINT 2 (CP2),,2026-06-20,2026-06-21,1
185,Wall void closure checklist sign off,,2025-12-07,2025-12-16,7
185,Wall void closure checklist sign off,,2025-12-19,2025-12-24,4
185,Wall void closure checklist sign off,,2025-12-26,2025-12-29,2
185,Wall void closure checklist sign off,,2026-01-05,2026-01-06,2
185,Wall void closure checklist sign off,,2026-01-11,2026-01-13,2
185,Wall void closure checklist sign off,,2026-01-19,2026-01-21,3
185,Wall void closure checklist sign off,,2026-01-25,2026-03-03,27
185,Wall void closure checklist sign off,,2026-03-06,2026-03-07,1
185,Wall void closure checklist sign off,,2026-03-13,2026-03-14,1
185,Wall void closure checklist sign off,,2026-03-20,2026-03-21,1
185,Wall void closure checklist sign off,,2026-03-27,2026-03-28,1
185,Wall void closure checklist sign off,,2026-04-04,2026-04-05,1
185,Wall void closure checklist sign off,,2026-04-11,2026-04-12,1
185,Wall void closure checklist sign off,,2026-04-18,2026-04-19,1
185,Wall void closure checklist sign off,,2026-04-25,2026-04-26,1
185,Wall void closure checklist sign off,,2026-05-01,2026-05-02,1
185,Wall void closure checklist sign off,,2026-05-08,2026-05-09,1
185,Wall void closure checklist sign off,,2026-05-15,2026-05-16,1
185,Wall void closure checklist sign off,,2026-05-22,2026-05-23,1
185,Wall void closure checklist sign off,,2026-05-29,2026-05-30,1
185,Wall void closure checklist sign off,,2026-06-06,2026-06-07,1
185,Wall void closure checklist sign off,,2026-06-13,2026-06-14,1
185,Wall void closure checklist sign off,,2026-06-20,2026-06-21,1
186,2nd fix Partitions - insulation and board,,2025-12-07,2025-12-16,7
186,2nd fix Partitions - insulation and board,,2025-12-19,2025-12-24,4
186,2nd fix Partitions - insulation and board,,2025-12-26,2025-12-29,2
186,2nd fix Partitions - insulation and board,,2026-01-05,2026-01-06,2
186,2nd fix Partitions - insulation and board,,2026-01-11,2026-01-13,2
186,2nd fix Partitions - insulation and board,,2026-01-19,2026-01-21,3
186,2nd fix Partitions - insulation and board,,2026-01-25,2026-03-03,27
186,2nd fix Partitions - insulation and board,,2026-03-06,2026-03-07,1
186,2nd fix Partitions - insulation and board,,2026-03-13,2026-03-14,1
186,2nd fix Partitions - insulation and board,,2026-03-20,2026-03-21,1
186,2nd fix Partitions - insulation and board,,2026-03-27,2026-03-28,1
186,2nd fix Partitions - insulation and board,,2026-04-04,2026-04-05,1
186,2nd fix Partitions - insulation and board,,2026-04-11,2026-04-12,1
186,2nd fix Partitions - insulation and board,,2026-04-18,2026-04-19,1
186,2nd fix Partitions - insulation and board,,2026-04-25,2026-04-26,1
186,2nd fix Partitions - insulation and board,,2026-05-01,2026-05-02,1
186,2nd fix Partitions - insulation and board,,2026-05-08,2026-05-09,1
186,2nd fix Partitions - insulation and board,,2026-05-15,2026-05-16,1
186,2nd fix Partitions - insulation and board,,2026-05-22,2026-05-23,1
186,2nd fix Partitions - insulation and board,,2026-05-29,2026-05-30,1
186,2nd fix Partitions - insulation and board,,2026-06-06,2026-06-07,1
186,2nd fix Partitions - insulation and board,,2026-06-13,2026-06-14,1
186,2nd fix Partitions - insulation and board,,2026-06-20,2026-06-21,1
187,Install Vents/ducts,,2025-12-07,2025-12-16,7
187,Install Vents/ducts,,2025-12-19,2025-12-24,4
187,Install Vents/ducts,,2025-12-26,2025-12-29,2
187,Install Vents/ducts,,2026-01-05,2026-01-06,2
187,Install Vents/ducts,,2026-01-11,2026-01-13,2
187,Install Vents/ducts,,2026-01-19,2026-01-21,3
187,Install Vents/ducts,,2026-01-25,2026-04-01,48
187,Install Vents/ducts,,2026-04-04,2026-04-05,1
187,Install Vents/ducts,,2026-04-11,2026-04-12,1
187,Install Vents/ducts,,2026-04-18,2026-04-19,1
187,Install Vents/ducts,,2026-04-25,2026-04-26,1
187,Install Vents/ducts,,2026-05-01,2026-05-02,1
187,Install Vents/ducts,,2026-05-08,2026-05-09,1
187,Install Vents/ducts,,2026-05-15,2026-05-16,1
187,Install Vents/ducts,,2026-05-22,2026-05-23,1
187,Install Vents/ducts,,2026-05-29,2026-05-30,1
187,Install Vents/ducts,,2026-06-06,2026-06-07,1
187,Install Vents/ducts,,2026-06-13,2026-06-14,1
187,Install Vents/ducts,,2026-06-20,2026-06-21,1
188,CONTROL POINT 3 (CP3),,2025-12-07,2025-12-16,7
188,CONTROL POINT 3 (CP3),,2025-12-19,2025-12-29,7
188,CONTROL POINT 3 (CP3),,2026-01-05,2026-01-06,2
188,CONTROL POINT 3 (CP3),,2026-01-11,2026-01-13,2
188,CONTROL POINT 3 (CP3),,2026-01-19,2026-01-21,3
188,CONTROL POINT 3 (CP3),,2026-01-25,2026-04-01,48
188,CONTROL POINT 3 (CP3),,2026-04-04,2026-04-05,1
188,CONTROL POINT 3 (CP3),,2026-04-11,2026-04-12,1
188,CONTROL POINT 3 (CP3),,2026-04-18,2026-04-19,1
188,CONTROL POINT 3 (CP3),,2026-04-25,2026-04-26,1
188,CONTROL POINT 3 (CP3),,2026-05-01,2026-05-02,1
188,CONTROL POINT 3 (CP3),,2026-05-08,2026-05-09,1
188,CONTROL POINT 3 (CP3),,2026-05-15,2026-05-16,1
188,CONTROL POINT 3 (CP3),,2026-05-22,2026-05-23,1
188,CONTROL POINT 3 (CP3),,2026-05-29,2026-05-30,1
188,CONTROL POINT 3 (CP3),,2026-06-06,2026-06-07,1
188,CONTROL POINT 3 (CP3),,2026-06-13,2026-06-14,1
188,CONTROL POINT 3 (CP3),,2026-06-20,2026-06-21,1
189,Ceiling void closure checklist sign off,,2025-12-07,2025-12-16,7
189,Ceiling void closure checklist sign off,,2025-12-19,2025-12-29,7
189,Ceiling void closure checklist sign off,,2026-01-05,2026-01-13,7
189,Ceiling void closure checklist sign off,,2026-01-19,2026-01-21,3
189,Ceiling void closure checklist sign off,,2026-01-25,2026-04-01,48
189,Ceiling void closure checklist sign off,,2026-04-04,2026-04-05,1
189,Ceiling void closure checklist sign off,,2026-04-11,2026-04-12,1
189,Ceiling void closure checklist sign off,,2026-04-18,2026-04-19,1
189,Ceiling void closure checklist sign off,,2026-04-25,2026-04-26,1
189,Ceiling void closure checklist sign off,,2026-05-01,2026-05-02,1
189,Ceiling void closure checklist sign off,,2026-05-08,2026-05-09,1
189,Ceiling void closure checklist sign off,,2026-05-15,2026-05-16,1
189,Ceiling void closure checklist sign off,,2026-05-22,2026-05-23,1
189,Ceiling void closure checklist sign off,,2026-05-29,2026-05-30,1
189,Ceiling void closure checklist sign off,,2026-06-06,2026-06-07,1
189,Ceiling void closure checklist sign off,,2026-06-13,2026-06-14,1
189,Ceiling void closure checklist sign off,,2026-06-20,2026-06-21,1
190,Ceilings metal only,,2025-12-07,2025-12-16,7
190,Ceilings metal only,,2025-12-19,2025-12-29,7
190,Ceilings metal only,,2026-01-05,2026-01-13,7
190,Ceilings metal only,,2026-01-19,2026-01-21,3
190,Ceilings metal only,,2026-01-25,2026-04-01,48
190,Ceilings metal only,,2026-04-04,2026-04-05,1
190,Ceilings metal only,,2026-04-11,2026-04-12,1
190,Ceilings metal only,,2026-04-18,2026-04-19,1
190,Ceilings metal only,,2026-04-25,2026-04-26,1
190,Ceilings metal only,,2026-05-01,2026-05-02,1
190,Ceilings metal only,,2026-05-08,2026-05-09,1
190,Ceilings metal only,,2026-05-15,2026-05-16,1
190,Ceilings metal only,,2026-05-22,2026-05-23,1
190,Ceilings metal only,,2026-05-29,2026-05-30,1
190,Ceilings metal only,,2026-06-06,2026-06-07,1
190,Ceilings metal only,,2026-06-13,2026-06-14,1
190,Ceilings metal only,,2026-06-20,2026-06-21,1
191,Sprinkler 1st fix & test,,2025-12-07,2025-12-11,4
191,Sprinkler 1st fix & test,,2025-12-13,2025-12-16,2
191,Sprinkler 1st fix & test,,2025-12-19,2025-12-29,7
191,Sprinkler 1st fix & test,,2026-01-05,2026-01-13,7
191,Sprinkler 1st fix & test,,2026-01-19,2026-01-21,3
191,Sprinkler 1st fix & test,,2026-01-25,2026-04-01,48
191,Sprinkler 1st fix & test,,2026-04-04,2026-04-05,1
191,Sprinkler 1st fix & test,,2026-04-11,2026-04-12,1
191,Sprinkler 1st fix & test,,2026-04-18,2026-04-19,1
191,Sprinkler 1st fix & test,,2026-04-25,2026-04-26,1
191,Sprinkler 1st fix & test,,2026-05-01,2026-05-02,1
191,Sprinkler 1st fix & test,,2026-05-08,2026-05-09,1
191,Sprinkler 1st fix & test,,2026-05-15,2026-05-16,1
191,Sprinkler 1st fix & test,,2026-05-22,2026-05-23,1
191,Sprinkler 1st fix & test,,2026-05-29,2026-05-30,1
191,Sprinkler 1st fix & test,,2026-06-06,2026-06-07,1
191,Sprinkler 1st fix & test,,2026-06-13,2026-06-14,1
191,Sprinkler 1st fix & test,,2026-06-20,2026-06-21,1
192,Ceilings -  board (cut holes for lights),,2025-12-07,2025-12-11,4
192,Ceilings -  board (cut holes for lights),,2025-12-13,2025-12-29,11
192,Ceilings -  board (cut holes for lights),,2026-01-05,2026-01-13,7
192,Ceilings -  board (cut holes for lights),,2026-01-19,2026-01-21,3
192,Ceilings -  board (cut holes for lights),,2026-01-25,2026-04-01,48
192,Ceilings -  board (cut holes for lights),,2026-04-04,2026-04-05,1
192,Ceilings -  board (cut holes for lights),,2026-04-11,2026-04-12,1
192,Ceilings -  board (cut holes for lights),,2026-04-18,2026-04-19,1
192,Ceilings -  board (cut holes for lights),,2026-04-25,2026-04-26,1
192,Ceilings -  board (cut holes for lights),,2026-05-01,2026-05-02,1
192,Ceilings -  board (cut holes for lights),,2026-05-08,2026-05-09,1
192,Ceilings -  board (cut holes for lights),,2026-05-15,2026-05-16,1
192,Ceilings -  board (cut holes for lights),,2026-05-22,2026-05-23,1
192,Ceilings -  board (cut holes for lights),,2026-05-29,2026-05-30,1
192,Ceilings -  board (cut holes for lights),,2026-06-06,2026-06-07,1
192,Ceilings -  board (cut holes for lights),,2026-06-13,2026-06-14,1
192,Ceilings -  board (cut holes for lights),,2026-06-20,2026-06-21,1
193,Plaster spray,,2025-12-07,2025-12-11,4
193,Plaster spray,,2025-12-13,2025-12-29,11
193,Plaster spray,,2026-01-05,2026-01-13,7
193,Plaster spray,,2026-01-19,2026-04-01,53
193,Plaster spray,,2026-04-04,2026-04-05,1
193,Plaster spray,,2026-04-11,2026-04-12,1
193,Plaster spray,,2026-04-18,2026-04-19,1
193,Plaster spray,,2026-04-25,2026-04-26,1
193,Plaster spray,,2026-05-01,2026-05-02,1
193,Plaster spray,,2026-05-08,2026-05-09,1
193,Plaster spray,,2026-05-15,2026-05-16,1
193,Plaster spray,,2026-05-22,2026-05-23,1
193,Plaster spray,,2026-05-29,2026-05-30,1
193,Plaster spray,,2026-06-06,2026-06-07,1
193,Plaster spray,,2026-06-13,2026-06-14,1
193,Plaster spray,,2026-06-20,2026-06-21,1
194,Levveling screed /smoothing compound,,2025-12-07,2025-12-11,4
194,Levveling screed /smoothing compound,,2025-12-13,2025-12-16,2
194,Levveling screed /smoothing compound,,2025-12-19,2025-12-24,4
194,Levveling screed /smoothing compound,,2025-12-26,2025-12-29,2
194,Levveling screed /smoothing compound,,2026-01-05,2026-01-06,2
194,Levveling screed /smoothing compound,,2026-01-11,2026-01-13,2
194,Levveling screed /smoothing compound,,2026-01-19,2026-04-01,53
194,Levveling screed /smoothing compound,,2026-04-04,2026-04-05,1
194,Levveling screed /smoothing compound,,2026-04-11,2026-04-12,1
194,Levveling screed /smoothing compound,,2026-04-18,2026-04-19,1
194,Levveling screed /smoothing compound,,2026-04-25,2026-04-26,1
194,Levveling screed /smoothing compound,,2026-05-01,2026-05-02,1
194,Levveling screed /smoothing compound,,2026-05-08,2026-05-09,1
194,Levveling screed /smoothing compound,,2026-05-15,2026-05-16,1
194,Levveling screed /smoothing compound,,2026-05-22,2026-05-23,1
194,Levveling screed /smoothing compound,,2026-05-29,2026-05-30,1
194,Levveling screed /smoothing compound,,2026-06-06,2026-06-07,1
194,Levveling screed /smoothing compound,,2026-06-13,2026-06-14,1
194,Levveling screed /smoothing compound,,2026-06-20,2026-06-21,1
195,Drying out,,2025-12-07,2025-12-11,4
195,Drying out,,2025-12-13,2025-12-16,2
195,Drying out,,2025-12-19,2025-12-24,4
195,Drying out,,2025-12-26,2025-12-29,2
195,Drying out,,2026-01-05,2026-01-06,2
195,Drying out,,2026-01-11,2026-01-13,2
195,Drying out,,2026-01-19,2026-04-01,53
195,Drying out,,2026-04-04,2026-04-05,1
195,Drying out,,2026-04-11,2026-04-12,1
195,Drying out,,2026-04-18,2026-04-19,1
195,Drying out,,2026-04-25,2026-04-26,1
195,Drying out,,2026-05-01,2026-05-02,1
195,Drying out,,2026-05-08,2026-05-09,1
195,Drying out,,2026-05-15,2026-05-16,1
195,Drying out,,2026-05-22,2026-05-23,1
195,Drying out,,2026-05-29,2026-05-30,1
195,Drying out,,2026-06-06,2026-06-07,1
195,Drying out,,2026-06-13,2026-06-14,1
195,Drying out,,2026-06-20,2026-06-21,1
196,Mist coat,,2025-12-07,2025-12-11,4
196,Mist coat,,2025-12-13,2025-12-16,2
196,Mist coat,,2025-12-19,2025-12-24,4
196,Mist coat,,2025-12-26,2025-12-29,2
196,Mist coat,,2026-01-05,2026-01-06,2
196,Mist coat,,2026-01-11,2026-01-13,2
196,Mist coat,,2026-01-19,2026-01-21,3
196,Mist coat,,2026-01-25,2026-04-01,48
196,Mist coat,,2026-04-04,2026-04-05,1
196,Mist coat,,2026-04-11,2026-04-12,1
196,Mist coat,,2026-04-18,2026-04-19,1
196,Mist coat,,2026-04-25,2026-04-26,1
196,Mist coat,,2026-05-01,2026-05-02,1
196,Mist coat,,2026-05-08,2026-05-09,1
196,Mist coat,,2026-05-15,2026-05-16,1
196,Mist coat,,2026-05-22,2026-05-23,1
196,Mist coat,,2026-05-29,2026-05-30,1
196,Mist coat,,2026-06-06,2026-06-07,1
196,Mist coat,,2026-06-13,2026-06-14,1
196,Mist coat,,2026-06-20,2026-06-21,1
197,"Kitchen 1st fix,units tops & appliances",,2025-12-07,2025-12-11,4
197,"Kitchen 1st fix,units tops & appliances",,2025-12-13,2025-12-16,2
197,"Kitchen 1st fix,units tops & appliances",,2025-12-19,2025-12-24,4
197,"Kitchen 1st fix,units tops & appliances",,2025-12-26,2025-12-29,2
197,"Kitchen 1st fix,units tops & appliances",,2026-01-05,2026-01-06,2
197,"Kitchen 1st fix,units tops & appliances",,2026-01-11,2026-01-13,2
197,"Kitchen 1st fix,units tops & appliances",,2026-01-19,2026-01-21,3
197,"Kitchen 1st fix,units tops & appliances",,2026-01-25,2026-04-01,48
197,"Kitchen 1st fix,units tops & appliances",,2026-04-04,2026-04-05,1
197,"Kitchen 1st fix,units tops & appliances",,2026-04-11,2026-04-12,1
197,"Kitchen 1st fix,units tops & appliances",,2026-04-18,2026-04-19,1
197,"Kitchen 1st fix,units tops & appliances",,2026-04-25,2026-04-26,1
197,"Kitchen 1st fix,units tops & appliances",,2026-05-01,2026-05-02,1
197,"Kitchen 1st fix,units tops & appliances",,2026-05-08,2026-05-09,1
197,"Kitchen 1st fix,units tops & appliances",,2026-05-15,2026-05-16,1
197,"Kitchen 1st fix,units tops & appliances",,2026-05-22,2026-05-23,1
197,"Kitchen 1st fix,units tops & appliances",,2026-05-29,2026-05-30,1
197,"Kitchen 1st fix,units tops & appliances",,2026-06-06,2026-06-07,1
197,"Kitchen 1st fix,units tops & appliances",,2026-06-13,2026-06-14,1
197,"Kitchen 1st fix,units tops & appliances",,2026-06-20,2026-06-21,1
198,"Joinery 1st fix -doors, frames ,skirtings,archs vanity framing  & plinths .",,2025-12-07,2025-12-11,4
198,"Joinery 1st fix -doors, frames ,skirtings,archs vanity framing  & plinths .",,2025-12-13,2025-12-16,2
198,"Joinery 1st fix -doors, frames ,skirtings,archs vanity framing  & plinths .",,2025-12-19,2025-12-24,4
198,"Joinery 1st fix -doors, frames ,skirtings,archs vanity framing  & plinths .",,2025-12-26,2025-12-29,2
198,"Joinery 1st fix -doors, frames ,skirtings,archs vanity framing  & plinths .",,2026-01-05,2026-01-06,2
198,"Joinery 1st fix -doors, frames ,skirtings,archs vanity framing  & plinths .",,2026-01-11,2026-01-13,2
198,"Joinery 1st fix -doors, frames ,skirtings,archs vanity framing  & plinths .",,2026-01-19,2026-01-21,3
198,"Joinery 1st fix -doors, frames ,skirtings,archs vanity framing  & plinths .",,2026-01-25,2026-04-01,48
198,"Joinery 1st fix -doors, frames ,skirtings,archs vanity framing  & plinths .",,2026-04-04,2026-04-05,1
198,"Joinery 1st fix -doors, frames ,skirtings,archs vanity framing  & plinths .",,2026-04-11,2026-04-12,1
198,"Joinery 1st fix -doors, frames ,skirtings,archs vanity framing  & plinths .",,2026-04-18,2026-04-19,1
198,"Joinery 1st fix -doors, frames ,skirtings,archs vanity framing  & plinths .",,2026-04-25,2026-04-26,1
198,"Joinery 1st fix -doors, frames ,skirtings,archs vanity framing  & plinths .",,2026-05-01,2026-05-02,1
198,"Joinery 1st fix -doors, frames ,skirtings,archs vanity framing  & plinths .",,2026-05-08,2026-05-09,1
198,"Joinery 1st fix -doors, frames ,skirtings,archs vanity framing  & plinths .",,2026-05-15,2026-05-16,1
198,"Joinery 1st fix -doors, frames ,skirtings,archs vanity framing  & plinths .",,2026-05-22,2026-05-23,1
198,"Joinery 1st fix -doors, frames ,skirtings,archs vanity framing  & plinths .",,2026-05-29,2026-05-30,1
198,"Joinery 1st fix -doors, frames ,skirtings,archs vanity framing  & plinths .",,2026-06-06,2026-06-07,1
198,"Joinery 1st fix -doors, frames ,skirtings,archs vanity framing  & plinths .",,2026-06-13,2026-06-14,1
198,"Joinery 1st fix -doors, frames ,skirtings,archs vanity framing  & plinths .",,2026-06-20,2026-06-21,1
,Floor and wall tiling,,2025-12-07,2025-12-11,4
,Floor and wall tiling,,2025-12-13,2025-12-16,2
,Floor and wall tiling,,2025-12-19,2025-12-24,4
,Floor and wall tiling,,2025-12-26,2025-12-29,2
,Floor and wall tiling,,2026-01-05,2026-01-06,2
,Floor and wall tiling,,2026-01-11,2026-01-13,2
,Floor and wall tiling,,2026-01-19,2026-01-21,3
,Floor and wall tiling,,2026-01-25,2026-04-01,48
,Floor and wall tiling,,2026-04-04,2026-04-05,1
,Floor and wall tiling,,2026-04-11,2026-04-12,1
,Floor and wall tiling,,2026-04-18,2026-04-19,1
,Floor and wall tiling,,2026-04-25,2026-04-26,1
,Floor and wall tiling,,2026-05-01,2026-05-02,1
,Floor and wall tiling,,2026-05-08,2026-05-09,1
,Floor and wall tiling,,2026-05-15,2026-05-16,1
,Floor and wall tiling,,2026-05-22,2026-05-23,1
,Floor and wall tiling,,2026-05-29,2026-05-30,1
,Floor and wall tiling,,2026-06-06,2026-06-07,1
,Floor and wall tiling,,2026-06-13,2026-06-14,1
,Floor and wall tiling,,2026-06-20,2026-06-21,1
199,Control point 4 CP 4,,2025-12-07,2025-12-11,4
199,Control point 4 CP 4,,2025-12-13,2025-12-16,2
199,Control point 4 CP 4,,2025-12-19,2025-12-24,4
199,Control point 4 CP 4,,2025-12-26,2025-12-29,2
199,Control point 4 CP 4,,2026-01-05,2026-01-06,2
199,Control point 4 CP 4,,2026-01-11,2026-01-13,2
199,Control point 4 CP 4,,2026-01-19,2026-01-21,3
199,Control point 4 CP 4,,2026-01-25,2026-04-01,48
199,Control point 4 CP 4,,2026-04-04,2026-04-05,1
199,Control point 4 CP 4,,2026-04-11,2026-04-12,1
199,Control point 4 CP 4,,2026-04-18,2026-04-19,1
199,Control point 4 CP 4,,2026-04-25,2026-04-26,1
199,Control point 4 CP 4,,2026-05-01,2026-05-02,1
199,Control point 4 CP 4,,2026-05-08,2026-05-09,1
199,Control point 4 CP 4,,2026-05-15,2026-05-16,1
199,Control point 4 CP 4,,2026-05-22,2026-05-23,1
199,Control point 4 CP 4,,2026-05-29,2026-05-30,1
199,Control point 4 CP 4,,2026-06-06,2026-06-07,1
199,Control point 4 CP 4,,2026-06-13,2026-06-14,1
199,Control point 4 CP 4,,2026-06-20,2026-06-21,1
200,service cupbaord -plywood flooring,,2025-12-07,2025-12-11,4
200,service cupbaord -plywood flooring,,2025-12-13,2025-12-16,2
200,service cupbaord -plywood flooring,,2025-12-19,2025-12-24,4
200,service cupbaord -plywood flooring,,2025-12-26,2025-12-29,2
200,service cupbaord -plywood flooring,,2026-01-05,2026-01-06,2
200,service cupbaord -plywood flooring,,2026-01-11,2026-01-13,2
200,service cupbaord -plywood flooring,,2026-01-19,2026-01-21,3
200,service cupbaord -plywood flooring,,2026-01-25,2026-04-01,48
200,service cupbaord -plywood flooring,,2026-04-04,2026-04-05,1
200,service cupbaord -plywood flooring,,2026-04-11,2026-04-12,1
200,service cupbaord -plywood flooring,,2026-04-18,2026-04-19,1
200,service cupbaord -plywood flooring,,2026-04-25,2026-04-26,1
200,service cupbaord -plywood flooring,,2026-05-01,2026-05-02,1
200,service cupbaord -plywood flooring,,2026-05-08,2026-05-09,1
200,service cupbaord -plywood flooring,,2026-05-15,2026-05-16,1
200,service cupbaord -plywood flooring,,2026-05-22,2026-05-23,1
200,service cupbaord -plywood flooring,,2026-05-29,2026-05-30,1
200,service cupbaord -plywood flooring,,2026-06-06,2026-06-07,1
200,service cupbaord -plywood flooring,,2026-06-13,2026-06-14,1
200,service cupbaord -plywood flooring,,2026-06-20,2026-06-21,1
201,service cupboard decoration,,2025-12-07,2025-12-11,4
201,service cupboard decoration,,2025-12-13,2025-12-16,2
201,service cupboard decoration,,2025-12-19,2025-12-24,4
201,service cupboard decoration,,2025-12-26,2026-01-02,6
201,service cupboard decoration,,2026-01-05,2026-01-06,2
201,service cupboard decoration,,2026-01-11,2026-01-13,2
201,service cupboard decoration,,2026-01-19,2026-01-21,3
201,service cupboard decoration,,2026-01-25,2026-04-01,48
201,service cupboard decoration,,2026-04-04,2026-04-05,1
201,service cupboard decoration,,2026-04-11,2026-04-12,1
201,service cupboard decoration,,2026-04-18,2026-04-19,1
201,service cupboard decoration,,2026-04-25,2026-04-26,1
201,service cupboard decoration,,2026-05-01,2026-05-02,1
201,service cupboard decoration,,2026-05-08,2026-05-09,1
201,service cupboard decoration,,2026-05-15,2026-05-16,1
201,service cupboard decoration,,2026-05-22,2026-05-23,1
201,service cupboard decoration,,2026-05-29,2026-05-30,1
201,service cupboard decoration,,2026-06-06,2026-06-07,1
201,service cupboard decoration,,2026-06-13,2026-06-14,1
201,service cupboard decoration,,2026-06-20,2026-06-21,1
202,service cupboard cylinder MVHR pipework installation & ducts,,2025-12-07,2025-12-11,4
202,service cupboard cylinder MVHR pipework installation & ducts,,2025-12-13,2025-12-16,2
202,service cupboard cylinder MVHR pipework installation & ducts,,2025-12-19,2025-12-24,4
202,service cupboard cylinder MVHR pipework installation & ducts,,2025-12-26,2025-12-29,2
202,service cupboard cylinder MVHR pipework installation & ducts,,2026-01-03,2026-01-09,5
202,service cupboard cylinder MVHR pipework installation & ducts,,2026-01-11,2026-01-13,2
202,service cupboard cylinder MVHR pipework installation & ducts,,2026-01-19,2026-01-20,2
202,service cupboard cylinder MVHR pipework installation & ducts,,2026-01-25,2026-04-01,48
202,service cupboard cylinder MVHR pipework installation & ducts,,2026-04-04,2026-04-05,1
202,service cupboard cylinder MVHR pipework installation & ducts,,2026-04-11,2026-04-12,1
202,service cupboard cylinder MVHR pipework installation & ducts,,2026-04-18,2026-04-19,1
202,service cupboard cylinder MVHR pipework installation & ducts,,2026-04-25,2026-04-26,1
202,service cupboard cylinder MVHR pipework installation & ducts,,2026-05-01,2026-05-02,1
202,service cupboard cylinder MVHR pipework installation & ducts,,2026-05-08,2026-05-09,1
202,service cupboard cylinder MVHR pipework installation & ducts,,2026-05-15,2026-05-16,1
202,service cupboard cylinder MVHR pipework installation & ducts,,2026-05-22,2026-05-23,1
202,service cupboard cylinder MVHR pipework installation & ducts,,2026-05-29,2026-05-30,1
202,service cupboard cylinder MVHR pipework installation & ducts,,2026-06-06,2026-06-07,1
202,service cupboard cylinder MVHR pipework installation & ducts,,2026-06-13,2026-06-14,1
202,service cupboard cylinder MVHR pipework installation & ducts,,2026-06-20,2026-06-21,1
,Amtico flooring /Bathrooms,,2025-12-07,2025-12-11,4
,Amtico flooring /Bathrooms,,2025-12-13,2025-12-16,2
,Amtico flooring /Bathrooms,,2025-12-19,2025-12-24,4
,Amtico flooring /Bathrooms,,2025-12-26,2025-12-29,2
,Amtico flooring /Bathrooms,,2026-01-03,2026-01-09,5
,Amtico flooring /Bathrooms,,2026-01-11,2026-01-13,2
,Amtico flooring /Bathrooms,,2026-01-19,2026-01-20,2
,Amtico flooring /Bathrooms,,2026-01-25,2026-04-01,48
,Amtico flooring /Bathrooms,,2026-04-04,2026-04-05,1
,Amtico flooring /Bathrooms,,2026-04-11,2026-04-12,1
,Amtico flooring /Bathrooms,,2026-04-18,2026-04-19,1
,Amtico flooring /Bathrooms,,2026-04-25,2026-04-26,1
,Amtico flooring /Bathrooms,,2026-05-01,2026-05-02,1
,Amtico flooring /Bathrooms,,2026-05-08,2026-05-09,1
,Amtico flooring /Bathrooms,,2026-05-15,2026-05-16,1
,Amtico flooring /Bathrooms,,2026-05-22,2026-05-23,1
,Amtico flooring /Bathrooms,,2026-05-29,2026-05-30,1
,Amtico flooring /Bathrooms,,2026-06-06,2026-06-07,1
,Amtico flooring /Bathrooms,,2026-06-13,2026-06-14,1
,Amtico flooring /Bathrooms,,2026-06-20,2026-06-21,1
203,Plumbing second fix sanitaryware & pressure testing,,2025-12-07,2025-12-11,4
203,Plumbing second fix sanitaryware & pressure testing,,2025-12-13,2025-12-16,2
203,Plumbing second fix sanitaryware & pressure testing,,2025-12-19,2025-12-24,4
203,Plumbing second fix sanitaryware & pressure testing,,2025-12-26,2025-12-29,2
203,Plumbing second fix sanitaryware & pressure testing,,2026-01-05,2026-01-07,3
203,Plumbing second fix sanitaryware & pressure testing,,2026-01-11,2026-01-13,2
203,Plumbing second fix sanitaryware & pressure testing,,2026-01-19,2026-01-20,2
203,Plumbing second fix sanitaryware & pressure testing,,2026-01-23,2026-04-01,49
203,Plumbing second fix sanitaryware & pressure testing,,2026-04-04,2026-04-05,1
203,Plumbing second fix sanitaryware & pressure testing,,2026-04-11,2026-04-12,1
203,Plumbing second fix sanitaryware & pressure testing,,2026-04-18,2026-04-19,1
203,Plumbing second fix sanitaryware & pressure testing,,2026-04-25,2026-04-26,1
203,Plumbing second fix sanitaryware & pressure testing,,2026-05-01,2026-05-02,1
203,Plumbing second fix sanitaryware & pressure testing,,2026-05-08,2026-05-09,1
203,Plumbing second fix sanitaryware & pressure testing,,2026-05-15,2026-05-16,1
203,Plumbing second fix sanitaryware & pressure testing,,2026-05-22,2026-05-23,1
203,Plumbing second fix sanitaryware & pressure testing,,2026-05-29,2026-05-30,1
203,Plumbing second fix sanitaryware & pressure testing,,2026-06-06,2026-06-07,1
203,Plumbing second fix sanitaryware & pressure testing,,2026-06-13,2026-06-14,1
203,Plumbing second fix sanitaryware & pressure testing,,2026-06-20,2026-06-21,1
,Electrical 2nd fix & live testing,,2025-12-07,2025-12-11,4
,Electrical 2nd fix & live testing,,2025-12-13,2025-12-16,2
,Electrical 2nd fix & live testing,,2025-12-19,2025-12-24,4
,Electrical 2nd fix & live testing,,2025-12-26,2025-12-29,2
,Electrical 2nd fix & live testing,,2026-01-05,2026-01-07,3
,Electrical 2nd fix & live testing,,2026-01-11,2026-01-13,2
,Electrical 2nd fix & live testing,,2026-01-19,2026-04-01,53
,Electrical 2nd fix & live testing,,2026-04-04,2026-04-05,1
,Electrical 2nd fix & live testing,,2026-04-11,2026-04-12,1
,Electrical 2nd fix & live testing,,2026-04-18,2026-04-19,1
,Electrical 2nd fix & live testing,,2026-04-25,2026-04-26,1
,Electrical 2nd fix & live testing,,2026-05-01,2026-05-02,1
,Electrical 2nd fix & live testing,,2026-05-08,2026-05-09,1
,Electrical 2nd fix & live testing,,2026-05-15,2026-05-16,1
,Electrical 2nd fix & live testing,,2026-05-22,2026-05-23,1
,Electrical 2nd fix & live testing,,2026-05-29,2026-05-30,1
,Electrical 2nd fix & live testing,,2026-06-06,2026-06-07,1
,Electrical 2nd fix & live testing,,2026-06-13,2026-06-14,1
,Electrical 2nd fix & live testing,,2026-06-20,2026-06-21,1
204,Builders clean,,2025-12-07,2025-12-11,4
204,Builders clean,,2025-12-13,2025-12-16,2
204,Builders clean,,2025-12-19,2025-12-24,4
204,Builders clean,,2025-12-26,2025-12-29,2
204,Builders clean,,2026-01-05,2026-01-07,3
204,Builders clean,,2026-01-12,2026-01-13,2
204,Builders clean,,2026-01-16,2026-04-01,54
204,Builders clean,,2026-04-04,2026-04-05,1
204,Builders clean,,2026-04-11,2026-04-12,1
204,Builders clean,,2026-04-18,2026-04-19,1
204,Builders clean,,2026-04-25,2026-04-26,1
204,Builders clean,,2026-05-01,2026-05-02,1
204,Builders clean,,2026-05-08,2026-05-09,1
204,Builders clean,,2026-05-15,2026-05-16,1
204,Builders clean,,2026-05-22,2026-05-23,1
204,Builders clean,,2026-05-29,2026-05-30,1
204,Builders clean,,2026-06-06,2026-06-07,1
204,Builders clean,,2026-06-13,2026-06-14,1
204,Builders clean,,2026-06-20,2026-06-21,1
205,Pre -dec -snagging,,2025-12-07,2025-12-11,4
205,Pre -dec -snagging,,2025-12-13,2025-12-16,2
205,Pre -dec -snagging,,2025-12-19,2025-12-24,4
205,Pre -dec -snagging,,2025-12-26,2025-12-29,2
205,Pre -dec -snagging,,2026-01-05,2026-01-07,3
205,Pre -dec -snagging,,2026-01-11,2026-01-13,2
205,Pre -dec -snagging,,2026-01-17,2026-01-23,5
205,Pre -dec -snagging,,2026-01-25,2026-04-01,48
205,Pre -dec -snagging,,2026-04-04,2026-04-05,1
205,Pre -dec -snagging,,2026-04-11,2026-04-12,1
205,Pre -dec -snagging,,2026-04-18,2026-04-19,1
205,Pre -dec -snagging,,2026-04-25,2026-04-26,1
205,Pre -dec -snagging,,2026-05-01,2026-05-02,1
205,Pre -dec -snagging,,2026-05-08,2026-05-09,1
205,Pre -dec -snagging,,2026-05-15,2026-05-16,1
205,Pre -dec -snagging,,2026-05-22,2026-05-23,1
205,Pre -dec -snagging,,2026-05-29,2026-05-30,1
205,Pre -dec -snagging,,2026-06-06,2026-06-07,1
205,Pre -dec -snagging,,2026-06-13,2026-06-14,1
205,Pre -dec -snagging,,2026-06-20,2026-06-21,1
206,Decoration,,2025-12-07,2025-12-11,4
206,Decoration,,2025-12-13,2025-12-16,2
206,Decoration,,2025-12-19,2025-12-24,4
206,Decoration,,2025-12-26,2025-12-29,2
206,Decoration,,2026-01-05,2026-01-07,3
206,Decoration,,2026-01-11,2026-01-13,2
206,Decoration,,2026-01-19,2026-01-21,3
206,Decoration,,2026-01-25,2026-04-01,48
206,Decoration,,2026-04-04,2026-04-05,1
206,Decoration,,2026-04-11,2026-04-12,1
206,Decoration,,2026-04-18,2026-04-19,1
206,Decoration,,2026-04-25,2026-04-26,1
206,Decoration,,2026-05-01,2026-05-02,1
206,Decoration,,2026-05-08,2026-05-09,1
206,Decoration,,2026-05-12,2026-05-18,5
206,Decoration,,2026-05-22,2026-05-23,1
206,Decoration,,2026-05-29,2026-05-30,1
206,Decoration,,2026-06-06,2026-06-07,1
206,Decoration,,2026-06-13,2026-06-14,1
206,Decoration,,2026-06-20,2026-06-21,1
207,Amtico flooring /Carpets,,2025-12-07,2025-12-11,4
207,Amtico flooring /Carpets,,2025-12-13,2025-12-16,2
207,Amtico flooring /Carpets,,2025-12-19,2025-12-24,4
207,Amtico flooring /Carpets,,2025-12-26,2025-12-29,2
207,Amtico flooring /Carpets,,2026-01-05,2026-01-07,3
207,Amtico flooring /Carpets,,2026-01-11,2026-01-13,2
207,Amtico flooring /Carpets,,2026-01-19,2026-01-21,3
207,Amtico flooring /Carpets,,2026-01-25,2026-04-01,48
207,Amtico flooring /Carpets,,2026-04-04,2026-04-05,1
207,Amtico flooring /Carpets,,2026-04-11,2026-04-12,1
207,Amtico flooring /Carpets,,2026-04-18,2026-04-19,1
207,Amtico flooring /Carpets,,2026-04-25,2026-04-26,1
207,Amtico flooring /Carpets,,2026-05-01,2026-05-02,1
207,Amtico flooring /Carpets,,2026-05-08,2026-05-09,1
207,Amtico flooring /Carpets,,2026-05-15,2026-05-16,1
207,Amtico flooring /Carpets,,2026-05-19,2026-05-23,4
207,Amtico flooring /Carpets,,2026-05-29,2026-05-30,1
207,Amtico flooring /Carpets,,2026-06-06,2026-06-07,1
207,Amtico flooring /Carpets,,2026-06-13,2026-06-14,1
207,Amtico flooring /Carpets,,2026-06-20,2026-06-21,1
208,De snag all trades,,2025-12-07,2025-12-11,4
208,De snag all trades,,2025-12-13,2025-12-16,2
208,De snag all trades,,2025-12-19,2025-12-24,4
208,De snag all trades,,2025-12-26,2025-12-29,2
208,De snag all trades,,2026-01-05,2026-01-07,3
208,De snag all trades,,2026-01-11,2026-01-13,2
208,De snag all trades,,2026-01-19,2026-01-21,3
208,De snag all trades,,2026-01-25,2026-04-01,48
208,De snag all trades,,2026-04-04,2026-04-05,1
208,De snag all trades,,2026-04-11,2026-04-12,1
208,De snag all trades,,2026-04-18,2026-04-19,1
208,De snag all trades,,2026-04-25,2026-04-26,1
208,De snag all trades,,2026-05-01,2026-05-02,1
208,De snag all trades,,2026-05-08,2026-05-09,1
208,De snag all trades,,2026-05-15,2026-05-16,1
208,De snag all trades,,2026-05-22,2026-05-30,6
208,De snag all trades,,2026-06-06,2026-06-07,1
208,De snag all trades,,2026-06-13,2026-06-14,1
208,De snag all trades,,2026-06-20,2026-06-21,1
209,Sparkle clean,,2025-12-07,2025-12-11,4
209,Sparkle clean,,2025-12-13,2025-12-16,2
209,Sparkle clean,,2025-12-19,2025-12-24,4
209,Sparkle clean,,2025-12-26,2025-12-29,2
209,Sparkle clean,,2026-01-05,2026-01-07,3
209,Sparkle clean,,2026-01-11,2026-01-13,2
209,Sparkle clean,,2026-01-19,2026-01-21,3
209,Sparkle clean,,2026-01-25,2026-04-01,48
209,Sparkle clean,,2026-04-04,2026-04-05,1
209,Sparkle clean,,2026-04-11,2026-04-12,1
209,Sparkle clean,,2026-04-18,2026-04-19,1
209,Sparkle clean,,2026-04-25,2026-04-26,1
209,Sparkle clean,,2026-05-01,2026-05-02,1
209,Sparkle clean,,2026-05-08,2026-05-09,1
209,Sparkle clean,,2026-05-15,2026-05-16,1
209,Sparkle clean,,2026-05-22,2026-05-23,1
209,Sparkle clean,,2026-05-29,2026-06-07,6
209,Sparkle clean,,2026-06-13,2026-06-14,1
209,Sparkle clean,,2026-06-20,2026-06-21,1
210,Mastic,,2025-12-07,2025-12-11,4
210,Mastic,,2025-12-13,2025-12-16,2
210,Mastic,,2025-12-19,2025-12-24,4
210,Mastic,,2025-12-26,2025-12-29,2
210,Mastic,,2026-01-05,2026-01-07,3
210,Mastic,,2026-01-11,2026-01-13,2
210,Mastic,,2026-01-19,2026-01-21,3
210,Mastic,,2026-01-25,2026-04-01,48
210,Mastic,,2026-04-04,2026-04-05,1
210,Mastic,,2026-04-11,2026-04-12,1
210,Mastic,,2026-04-18,2026-04-19,1
210,Mastic,,2026-04-25,2026-04-26,1
210,Mastic,,2026-05-01,2026-05-02,1
210,Mastic,,2026-05-08,2026-05-09,1
210,Mastic,,2026-05-15,2026-05-16,1
210,Mastic,,2026-05-22,2026-05-23,1
210,Mastic,,2026-05-29,2026-05-30,1
210,Mastic,,2026-06-06,2026-06-09,2
210,Mastic,,2026-06-13,2026-06-14,1
210,Mastic,,2026-06-20,2026-06-21,1
211,Handover to client,,2025-12-07,2025-12-11,4
211,Handover to client,,2025-12-13,2025-12-16,2
211,Handover to client,,2025-12-19,2025-12-24,4
211,Handover to client,,2025-12-26,2025-12-29,2
211,Handover to client,,2026-01-05,2026-01-07,3
211,Handover to client,,2026-01-11,2026-01-13,2
211,Handover to client,,2026-01-19,2026-01-21,3
211,Handover to client,,2026-01-25,2026-04-01,48
211,Handover to client,,2026-04-04,2026-04-05,1
211,Handover to client,,2026-04-11,2026-04-12,1
211,Handover to client,,2026-04-18,2026-04-19,1
211,Handover to client,,2026-04-25,2026-04-26,1
211,Handover to client,,2026-05-01,2026-05-02,1
211,Handover to client,,2026-05-08,2026-05-09,1
211,Handover to client,,2026-05-15,2026-05-16,1
211,Handover to client,,2026-05-22,2026-05-23,1
211,Handover to client,,2026-05-29,2026-05-30,1
211,Handover to client,,2026-06-06,2026-06-07,1
211,Handover to client,,2026-06-13,2026-06-14,1
211,Handover to client,,2026-06-20,2026-06-21,1
212,Level 7Apartment fit out -cluster 1,,2025-12-07,2025-12-11,4
212,Level 7Apartment fit out -cluster 1,,2025-12-13,2025-12-16,2
212,Level 7Apartment fit out -cluster 1,,2025-12-19,2025-12-24,4
212,Level 7Apartment fit out -cluster 1,,2025-12-26,2025-12-29,2
212,Level 7Apartment fit out -cluster 1,,2026-01-05,2026-01-07,3
212,Level 7Apartment fit out -cluster 1,,2026-01-11,2026-01-13,2
212,Level 7Apartment fit out -cluster 1,,2026-01-19,2026-01-21,3
212,Level 7Apartment fit out -cluster 1,,2026-01-25,2026-04-01,48
212,Level 7Apartment fit out -cluster 1,,2026-04-04,2026-04-05,1
212,Level 7Apartment fit out -cluster 1,,2026-04-11,2026-04-12,1
212,Level 7Apartment fit out -cluster 1,,2026-04-18,2026-04-19,1
212,Level 7Apartment fit out -cluster 1,,2026-04-25,2026-04-26,1
212,Level 7Apartment fit out -cluster 1,,2026-05-01,2026-05-02,1
212,Level 7Apartment fit out -cluster 1,,2026-05-08,2026-05-09,1
212,Level 7Apartment fit out -cluster 1,,2026-05-15,2026-05-16,1
212,Level 7Apartment fit out -cluster 1,,2026-05-22,2026-05-23,1
212,Level 7Apartment fit out -cluster 1,,2026-05-29,2026-05-30,1
212,Level 7Apartment fit out -cluster 1,,2026-06-06,2026-06-07,1
212,Level 7Apartment fit out -cluster 1,,2026-06-13,2026-06-14,1
212,Level 7Apartment fit out -cluster 1,,2026-06-20,2026-06-21,1
213,1st fix electrical back boxes   Edencroft,,2025-12-07,2025-12-11,4
213,1st fix electrical back boxes   Edencroft,,2025-12-13,2025-12-16,2
213,1st fix electrical back boxes   Edencroft,,2025-12-19,2025-12-24,4
213,1st fix electrical back boxes   Edencroft,,2025-12-26,2025-12-29,2
213,1st fix electrical back boxes   Edencroft,,2026-01-05,2026-01-07,3
213,1st fix electrical back boxes   Edencroft,,2026-01-11,2026-01-13,2
213,1st fix electrical back boxes   Edencroft,,2026-01-19,2026-01-21,3
213,1st fix electrical back boxes   Edencroft,,2026-01-25,2026-04-01,48
213,1st fix electrical back boxes   Edencroft,,2026-04-04,2026-04-05,1
213,1st fix electrical back boxes   Edencroft,,2026-04-11,2026-04-12,1
213,1st fix electrical back boxes   Edencroft,,2026-04-18,2026-04-19,1
213,1st fix electrical back boxes   Edencroft,,2026-04-25,2026-04-26,1
213,1st fix electrical back boxes   Edencroft,,2026-05-01,2026-05-02,1
213,1st fix electrical back boxes   Edencroft,,2026-05-08,2026-05-09,1
213,1st fix electrical back boxes   Edencroft,,2026-05-15,2026-05-16,1
213,1st fix electrical back boxes   Edencroft,,2026-05-22,2026-05-23,1
213,1st fix electrical back boxes   Edencroft,,2026-05-29,2026-05-30,1
213,1st fix electrical back boxes   Edencroft,,2026-06-06,2026-06-07,1
213,1st fix electrical back boxes   Edencroft,,2026-06-13,2026-06-14,1
213,1st fix electrical back boxes   Edencroft,,2026-06-20,2026-06-21,1
214,1st fix partitions/pattreses one side,,2025-12-07,2025-12-11,4
214,1st fix partitions/pattreses one side,,2025-12-13,2025-12-16,2
214,1st fix partitions/pattreses one side,,2025-12-19,2025-12-24,4
214,1st fix partitions/pattreses one side,,2025-12-26,2025-12-29,2
214,1st fix partitions/pattreses one side,,2026-01-05,2026-01-07,3
214,1st fix partitions/pattreses one side,,2026-01-11,2026-01-13,2
214,1st fix partitions/pattreses one side,,2026-01-19,2026-01-21,3
214,1st fix partitions/pattreses one side,,2026-01-25,2026-04-01,48
214,1st fix partitions/pattreses one side,,2026-04-04,2026-04-05,1
214,1st fix partitions/pattreses one side,,2026-04-11,2026-04-12,1
214,1st fix partitions/pattreses one side,,2026-04-18,2026-04-19,1
214,1st fix partitions/pattreses one side,,2026-04-25,2026-04-26,1
214,1st fix partitions/pattreses one side,,2026-05-01,2026-05-02,1
214,1st fix partitions/pattreses one side,,2026-05-08,2026-05-09,1
214,1st fix partitions/pattreses one side,,2026-05-15,2026-05-16,1
214,1st fix partitions/pattreses one side,,2026-05-22,2026-05-23,1
214,1st fix partitions/pattreses one side,,2026-05-29,2026-05-30,1
214,1st fix partitions/pattreses one side,,2026-06-06,2026-06-07,1
214,1st fix partitions/pattreses one side,,2026-06-13,2026-06-14,1
214,1st fix partitions/pattreses one side,,2026-06-20,2026-06-21,1
215,First fix wire -ceilings/walls,,2025-12-07,2025-12-11,4
215,First fix wire -ceilings/walls,,2025-12-13,2025-12-16,2
215,First fix wire -ceilings/walls,,2025-12-19,2025-12-24,4
215,First fix wire -ceilings/walls,,2025-12-26,2025-12-29,2
215,First fix wire -ceilings/walls,,2026-01-05,2026-01-07,3
215,First fix wire -ceilings/walls,,2026-01-11,2026-01-13,2
215,First fix wire -ceilings/walls,,2026-01-19,2026-01-21,3
215,First fix wire -ceilings/walls,,2026-01-25,2026-04-01,48
215,First fix wire -ceilings/walls,,2026-04-04,2026-04-05,1
215,First fix wire -ceilings/walls,,2026-04-11,2026-04-12,1
215,First fix wire -ceilings/walls,,2026-04-18,2026-04-19,1
215,First fix wire -ceilings/walls,,2026-04-25,2026-04-26,1
215,First fix wire -ceilings/walls,,2026-05-01,2026-05-02,1
215,First fix wire -ceilings/walls,,2026-05-08,2026-05-09,1
215,First fix wire -ceilings/walls,,2026-05-15,2026-05-16,1
215,First fix wire -ceilings/walls,,2026-05-22,2026-05-23,1
215,First fix wire -ceilings/walls,,2026-05-29,2026-05-30,1
215,First fix wire -ceilings/walls,,2026-06-06,2026-06-07,1
215,First fix wire -ceilings/walls,,2026-06-13,2026-06-14,1
215,First fix wire -ceilings/walls,,2026-06-20,2026-06-21,1
216,first fix plumbing,,2025-12-07,2025-12-11,4
216,first fix plumbing,,2025-12-13,2025-12-16,2
216,first fix plumbing,,2025-12-19,2025-12-24,4
216,first fix plumbing,,2025-12-26,2025-12-29,2
216,first fix plumbing,,2026-01-05,2026-01-07,3
216,first fix plumbing,,2026-01-11,2026-01-13,2
216,first fix plumbing,,2026-01-19,2026-01-21,3
216,first fix plumbing,,2026-01-25,2026-04-01,48
216,first fix plumbing,,2026-04-04,2026-04-05,1
216,first fix plumbing,,2026-04-11,2026-04-12,1
216,first fix plumbing,,2026-04-18,2026-04-19,1
216,first fix plumbing,,2026-04-25,2026-04-26,1
216,first fix plumbing,,2026-05-01,2026-05-02,1
216,first fix plumbing,,2026-05-08,2026-05-09,1
216,first fix plumbing,,2026-05-15,2026-05-16,1
216,first fix plumbing,,2026-05-22,2026-05-23,1
216,first fix plumbing,,2026-05-29,2026-05-30,1
216,first fix plumbing,,2026-06-06,2026-06-07,1
216,first fix plumbing,,2026-06-13,2026-06-14,1
216,first fix plumbing,,2026-06-20,2026-06-21,1
217,SVP & RWP install,,2025-12-07,2025-12-11,4
217,SVP & RWP install,,2025-12-13,2025-12-16,2
217,SVP & RWP install,,2025-12-19,2025-12-24,4
217,SVP & RWP install,,2025-12-26,2025-12-29,2
217,SVP & RWP install,,2026-01-05,2026-01-07,3
217,SVP & RWP install,,2026-01-11,2026-01-13,2
217,SVP & RWP install,,2026-01-19,2026-01-21,3
217,SVP & RWP install,,2026-01-25,2026-04-01,48
217,SVP & RWP install,,2026-04-04,2026-04-05,1
217,SVP & RWP install,,2026-04-11,2026-04-12,1
217,SVP & RWP install,,2026-04-18,2026-04-19,1
217,SVP & RWP install,,2026-04-25,2026-04-26,1
217,SVP & RWP install,,2026-05-01,2026-05-02,1
217,SVP & RWP install,,2026-05-08,2026-05-09,1
217,SVP & RWP install,,2026-05-15,2026-05-16,1
217,SVP & RWP install,,2026-05-22,2026-05-23,1
217,SVP & RWP install,,2026-05-29,2026-05-30,1
217,SVP & RWP install,,2026-06-06,2026-06-07,1
217,SVP & RWP install,,2026-06-13,2026-06-14,1
217,SVP & RWP install,,2026-06-20,2026-06-21,1
218,Firestop to RWP & SVP,,2025-12-07,2025-12-11,4
218,Firestop to RWP & SVP,,2025-12-13,2025-12-16,2
218,Firestop to RWP & SVP,,2025-12-19,2025-12-24,4
218,Firestop to RWP & SVP,,2025-12-26,2025-12-29,2
218,Firestop to RWP & SVP,,2026-01-05,2026-01-07,3
218,Firestop to RWP & SVP,,2026-01-11,2026-01-13,2
218,Firestop to RWP & SVP,,2026-01-19,2026-01-21,3
218,Firestop to RWP & SVP,,2026-01-25,2026-04-01,48
218,Firestop to RWP & SVP,,2026-04-04,2026-04-05,1
218,Firestop to RWP & SVP,,2026-04-11,2026-04-12,1
218,Firestop to RWP & SVP,,2026-04-18,2026-04-19,1
218,Firestop to RWP & SVP,,2026-04-25,2026-04-26,1
218,Firestop to RWP & SVP,,2026-05-01,2026-05-02,1
218,Firestop to RWP & SVP,,2026-05-08,2026-05-09,1
218,Firestop to RWP & SVP,,2026-05-15,2026-05-16,1
218,Firestop to RWP & SVP,,2026-05-22,2026-05-23,1
218,Firestop to RWP & SVP,,2026-05-29,2026-05-30,1
218,Firestop to RWP & SVP,,2026-06-06,2026-06-07,1
218,Firestop to RWP & SVP,,2026-06-13,2026-06-14,1
218,Firestop to RWP & SVP,,2026-06-20,2026-06-21,1
219,CONTROL POINT 2 (CP2),,2025-12-07,2025-12-11,4
219,CONTROL POINT 2 (CP2),,2025-12-13,2025-12-16,2
219,CONTROL POINT 2 (CP2),,2025-12-19,2025-12-24,4
219,CONTROL POINT 2 (CP2),,2025-12-26,2025-12-29,2
219,CONTROL POINT 2 (CP2),,2026-01-05,2026-01-07,3
219,CONTROL POINT 2 (CP2),,2026-01-11,2026-01-13,2
219,CONTROL POINT 2 (CP2),,2026-01-19,2026-01-21,3
219,CONTROL POINT 2 (CP2),,2026-01-25,2026-04-01,48
219,CONTROL POINT 2 (CP2),,2026-04-04,2026-04-05,1
219,CONTROL POINT 2 (CP2),,2026-04-11,2026-04-12,1
219,CONTROL POINT 2 (CP2),,2026-04-18,2026-04-19,1
219,CONTROL POINT 2 (CP2),,2026-04-25,2026-04-26,1
219,CONTROL POINT 2 (CP2),,2026-05-01,2026-05-02,1
219,CONTROL POINT 2 (CP2),,2026-05-08,2026-05-09,1
219,CONTROL POINT 2 (CP2),,2026-05-15,2026-05-16,1
219,CONTROL POINT 2 (CP2),,2026-05-22,2026-05-23,1
219,CONTROL POINT 2 (CP2),,2026-05-29,2026-05-30,1
219,CONTROL POINT 2 (CP2),,2026-06-06,2026-06-07,1
219,CONTROL POINT 2 (CP2),,2026-06-13,2026-06-14,1
219,CONTROL POINT 2 (CP2),,2026-06-20,2026-06-21,1
220,Wall void closure checklist sign off,,2025-12-07,2025-12-11,4
220,Wall void closure checklist sign off,,2025-12-13,2025-12-16,2
220,Wall void closure checklist sign off,,2025-12-19,2025-12-24,4
220,Wall void closure checklist sign off,,2025-12-26,2025-12-29,2
220,Wall void closure checklist sign off,,2026-01-05,2026-01-07,3
220,Wall void closure checklist sign off,,2026-01-11,2026-01-13,2
220,Wall void closure checklist sign off,,2026-01-19,2026-01-21,3
220,Wall void closure checklist sign off,,2026-01-25,2026-04-01,48
220,Wall void closure checklist sign off,,2026-04-04,2026-04-05,1
220,Wall void closure checklist sign off,,2026-04-11,2026-04-12,1
220,Wall void closure checklist sign off,,2026-04-18,2026-04-19,1
220,Wall void closure checklist sign off,,2026-04-25,2026-04-26,1
220,Wall void closure checklist sign off,,2026-05-01,2026-05-02,1
220,Wall void closure checklist sign off,,2026-05-08,2026-05-09,1
220,Wall void closure checklist sign off,,2026-05-15,2026-05-16,1
220,Wall void closure checklist sign off,,2026-05-22,2026-05-23,1
220,Wall void closure checklist sign off,,2026-05-29,2026-05-30,1
220,Wall void closure checklist sign off,,2026-06-06,2026-06-07,1
220,Wall void closure checklist sign off,,2026-06-13,2026-06-14,1
220,Wall void closure checklist sign off,,2026-06-20,2026-06-21,1
221,2nd fix Partitions - insulation and board,,2025-12-07,2025-12-11,4
221,2nd fix Partitions - insulation and board,,2025-12-13,2025-12-16,2
221,2nd fix Partitions - insulation and board,,2025-12-19,2025-12-24,4
221,2nd fix Partitions - insulation and board,,2025-12-26,2025-12-29,2
221,2nd fix Partitions - insulation and board,,2026-01-05,2026-01-07,3
221,2nd fix Partitions - insulation and board,,2026-01-11,2026-01-13,2
221,2nd fix Partitions - insulation and board,,2026-01-19,2026-01-21,3
221,2nd fix Partitions - insulation and board,,2026-01-25,2026-04-01,48
221,2nd fix Partitions - insulation and board,,2026-04-04,2026-04-05,1
221,2nd fix Partitions - insulation and board,,2026-04-11,2026-04-12,1
221,2nd fix Partitions - insulation and board,,2026-04-18,2026-04-19,1
221,2nd fix Partitions - insulation and board,,2026-04-25,2026-04-26,1
221,2nd fix Partitions - insulation and board,,2026-05-01,2026-05-02,1
221,2nd fix Partitions - insulation and board,,2026-05-08,2026-05-09,1
221,2nd fix Partitions - insulation and board,,2026-05-15,2026-05-16,1
221,2nd fix Partitions - insulation and board,,2026-05-22,2026-05-23,1
221,2nd fix Partitions - insulation and board,,2026-05-29,2026-05-30,1
221,2nd fix Partitions - insulation and board,,2026-06-06,2026-06-07,1
221,2nd fix Partitions - insulation and board,,2026-06-13,2026-06-14,1
221,2nd fix Partitions - insulation and board,,2026-06-20,2026-06-21,1
222,Install Vents/ducts,,2025-12-07,2025-12-11,4
222,Install Vents/ducts,,2025-12-13,2025-12-16,2
222,Install Vents/ducts,,2025-12-19,2025-12-24,4
222,Install Vents/ducts,,2025-12-26,2025-12-29,2
222,Install Vents/ducts,,2026-01-05,2026-01-07,3
222,Install Vents/ducts,,2026-01-11,2026-01-13,2
222,Install Vents/ducts,,2026-01-19,2026-01-21,3
222,Install Vents/ducts,,2026-01-25,2026-04-01,48
222,Install Vents/ducts,,2026-04-04,2026-04-05,1
222,Install Vents/ducts,,2026-04-11,2026-04-12,1
222,Install Vents/ducts,,2026-04-18,2026-04-19,1
222,Install Vents/ducts,,2026-04-25,2026-04-26,1
222,Install Vents/ducts,,2026-05-01,2026-05-02,1
222,Install Vents/ducts,,2026-05-08,2026-05-09,1
222,Install Vents/ducts,,2026-05-15,2026-05-16,1
222,Install Vents/ducts,,2026-05-22,2026-05-23,1
222,Install Vents/ducts,,2026-05-29,2026-05-30,1
222,Install Vents/ducts,,2026-06-06,2026-06-07,1
222,Install Vents/ducts,,2026-06-13,2026-06-14,1
222,Install Vents/ducts,,2026-06-20,2026-06-21,1
,CONTROL POINT 3 (CP3),,2025-12-07,2025-12-11,4
,CONTROL POINT 3 (CP3),,2025-12-13,2025-12-16,2
,CONTROL POINT 3 (CP3),,2025-12-19,2025-12-24,4
,CONTROL POINT 3 (CP3),,2025-12-26,2025-12-29,2
,CONTROL POINT 3 (CP3),,2026-01-05,2026-01-07,3
,CONTROL POINT 3 (CP3),,2026-01-11,2026-01-13,2
,CONTROL POINT 3 (CP3),,2026-01-19,2026-01-21,3
,CONTROL POINT 3 (CP3),,2026-01-25,2026-04-01,48
,CONTROL POINT 3 (CP3),,2026-04-04,2026-04-05,1
,CONTROL POINT 3 (CP3),,2026-04-11,2026-04-12,1
,CONTROL POINT 3 (CP3),,2026-04-18,2026-04-19,1
,CONTROL POINT 3 (CP3),,2026-04-25,2026-04-26,1
,CONTROL POINT 3 (CP3),,2026-05-01,2026-05-02,1
,CONTROL POINT 3 (CP3),,2026-05-08,2026-05-09,1
,CONTROL POINT 3 (CP3),,2026-05-15,2026-05-16,1
,CONTROL POINT 3 (CP3),,2026-05-22,2026-05-23,1
,CONTROL POINT 3 (CP3),,2026-05-29,2026-05-30,1
,CONTROL POINT 3 (CP3),,2026-06-06,2026-06-07,1
,CONTROL POINT 3 (CP3),,2026-06-13,2026-06-14,1
,CONTROL POINT 3 (CP3),,2026-06-20,2026-06-21,1
223,Ceiling void closure checklist sign off,,2025-12-07,2025-12-11,4
223,Ceiling void closure checklist sign off,,2025-12-13,2025-12-16,2
223,Ceiling void closure checklist sign off,,2025-12-19,2025-12-24,4
223,Ceiling void closure checklist sign off,,2025-12-26,2025-12-29,2
223,Ceiling void closure checklist sign off,,2026-01-05,2026-01-07,3
223,Ceiling void closure checklist sign off,,2026-01-11,2026-01-13,2
223,Ceiling void closure checklist sign off,,2026-01-19,2026-01-21,3
223,Ceiling void closure checklist sign off,,2026-01-25,2026-04-01,48
223,Ceiling void closure checklist sign off,,2026-04-04,2026-04-05,1
223,Ceiling void closure checklist sign off,,2026-04-11,2026-04-12,1
223,Ceiling void closure checklist sign off,,2026-04-18,2026-04-19,1
223,Ceiling void closure checklist sign off,,2026-04-25,2026-04-26,1
223,Ceiling void closure checklist sign off,,2026-05-01,2026-05-02,1
223,Ceiling void closure checklist sign off,,2026-05-08,2026-05-09,1
223,Ceiling void closure checklist sign off,,2026-05-15,2026-05-16,1
223,Ceiling void closure checklist sign off,,2026-05-22,2026-05-23,1
223,Ceiling void closure checklist sign off,,2026-05-29,2026-05-30,1
223,Ceiling void closure checklist sign off,,2026-06-06,2026-06-07,1
223,Ceiling void closure checklist sign off,,2026-06-13,2026-06-14,1
223,Ceiling void closure checklist sign off,,2026-06-20,2026-06-21,1
224,Ceilings metal only,,2025-12-07,2025-12-11,4
224,Ceilings metal only,,2025-12-13,2025-12-16,2
224,Ceilings metal only,,2025-12-19,2025-12-24,4
224,Ceilings metal only,,2025-12-26,2025-12-29,2
224,Ceilings metal only,,2026-01-05,2026-01-07,3
224,Ceilings metal only,,2026-01-11,2026-01-13,2
224,Ceilings metal only,,2026-01-19,2026-01-21,3
224,Ceilings metal only,,2026-01-25,2026-04-01,48
224,Ceilings metal only,,2026-04-04,2026-04-05,1
224,Ceilings metal only,,2026-04-11,2026-04-12,1
224,Ceilings metal only,,2026-04-18,2026-04-19,1
224,Ceilings metal only,,2026-04-25,2026-04-26,1
224,Ceilings metal only,,2026-05-01,2026-05-02,1
224,Ceilings metal only,,2026-05-08,2026-05-09,1
224,Ceilings metal only,,2026-05-15,2026-05-16,1
224,Ceilings metal only,,2026-05-22,2026-05-23,1
224,Ceilings metal only,,2026-05-29,2026-05-30,1
224,Ceilings metal only,,2026-06-06,2026-06-07,1
224,Ceilings metal only,,2026-06-13,2026-06-14,1
224,Ceilings metal only,,2026-06-20,2026-06-21,1
225,Sprinkler 1st fix & test,,2025-12-07,2025-12-11,4
225,Sprinkler 1st fix & test,,2025-12-13,2025-12-16,2
225,Sprinkler 1st fix & test,,2025-12-19,2025-12-24,4
225,Sprinkler 1st fix & test,,2025-12-26,2025-12-29,2
225,Sprinkler 1st fix & test,,2026-01-05,2026-01-07,3
225,Sprinkler 1st fix & test,,2026-01-11,2026-01-13,2
225,Sprinkler 1st fix & test,,2026-01-19,2026-01-21,3
225,Sprinkler 1st fix & test,,2026-01-25,2026-04-01,48
225,Sprinkler 1st fix & test,,2026-04-04,2026-04-05,1
225,Sprinkler 1st fix & test,,2026-04-11,2026-04-12,1
225,Sprinkler 1st fix & test,,2026-04-18,2026-04-19,1
225,Sprinkler 1st fix & test,,2026-04-25,2026-04-26,1
225,Sprinkler 1st fix & test,,2026-05-01,2026-05-02,1
225,Sprinkler 1st fix & test,,2026-05-08,2026-05-09,1
225,Sprinkler 1st fix & test,,2026-05-15,2026-05-16,1
225,Sprinkler 1st fix & test,,2026-05-22,2026-05-23,1
225,Sprinkler 1st fix & test,,2026-05-29,2026-05-30,1
225,Sprinkler 1st fix & test,,2026-06-06,2026-06-07,1
225,Sprinkler 1st fix & test,,2026-06-13,2026-06-14,1
225,Sprinkler 1st fix & test,,2026-06-20,2026-06-21,1
226,Ceilings -  board (cut holes for lights),,2025-12-07,2025-12-11,4
226,Ceilings -  board (cut holes for lights),,2025-12-13,2025-12-16,2
226,Ceilings -  board (cut holes for lights),,2025-12-19,2025-12-24,4
226,Ceilings -  board (cut holes for lights),,2025-12-26,2025-12-29,2
226,Ceilings -  board (cut holes for lights),,2026-01-05,2026-01-07,3
226,Ceilings -  board (cut holes for lights),,2026-01-11,2026-01-13,2
226,Ceilings -  board (cut holes for lights),,2026-01-19,2026-01-21,3
226,Ceilings -  board (cut holes for lights),,2026-01-25,2026-04-01,48
226,Ceilings -  board (cut holes for lights),,2026-04-04,2026-04-05,1
226,Ceilings -  board (cut holes for lights),,2026-04-11,2026-04-12,1
226,Ceilings -  board (cut holes for lights),,2026-04-18,2026-04-19,1
226,Ceilings -  board (cut holes for lights),,2026-04-25,2026-04-26,1
226,Ceilings -  board (cut holes for lights),,2026-05-01,2026-05-02,1
226,Ceilings -  board (cut holes for lights),,2026-05-08,2026-05-09,1
226,Ceilings -  board (cut holes for lights),,2026-05-15,2026-05-16,1
226,Ceilings -  board (cut holes for lights),,2026-05-22,2026-05-23,1
226,Ceilings -  board (cut holes for lights),,2026-05-29,2026-05-30,1
226,Ceilings -  board (cut holes for lights),,2026-06-06,2026-06-07,1
226,Ceilings -  board (cut holes for lights),,2026-06-13,2026-06-14,1
226,Ceilings -  board (cut holes for lights),,2026-06-20,2026-06-21,1
227,Plaster spray,,2025-12-07,2025-12-11,4
227,Plaster spray,,2025-12-13,2025-12-16,2
227,Plaster spray,,2025-12-19,2025-12-24,4
227,Plaster spray,,2025-12-26,2025-12-29,2
227,Plaster spray,,2026-01-05,2026-01-07,3
227,Plaster spray,,2026-01-11,2026-01-13,2
227,Plaster spray,,2026-01-19,2026-01-21,3
227,Plaster spray,,2026-01-25,2026-04-01,48
227,Plaster spray,,2026-04-04,2026-04-05,1
227,Plaster spray,,2026-04-11,2026-04-12,1
227,Plaster spray,,2026-04-18,2026-04-19,1
227,Plaster spray,,2026-04-25,2026-04-26,1
227,Plaster spray,,2026-05-01,2026-05-02,1
227,Plaster spray,,2026-05-08,2026-05-09,1
227,Plaster spray,,2026-05-22,2026-05-23,1
227,Plaster spray,,2026-05-29,2026-05-30,1
227,Plaster spray,,2026-06-06,2026-06-07,1
227,Plaster spray,,2026-06-13,2026-06-14,1
227,Plaster spray,,2026-06-20,2026-06-21,1
228,Levveling screed /smoothing compound,,2025-12-07,2025-12-11,4
228,Levveling screed /smoothing compound,,2025-12-13,2025-12-16,2
228,Levveling screed /smoothing compound,,2025-12-19,2025-12-24,4
228,Levveling screed /smoothing compound,,2025-12-26,2025-12-29,2
228,Levveling screed /smoothing compound,,2026-01-05,2026-01-07,3
228,Levveling screed /smoothing compound,,2026-01-11,2026-01-13,2
228,Levveling screed /smoothing compound,,2026-01-19,2026-01-21,3
228,Levveling screed /smoothing compound,,2026-01-25,2026-04-01,48
228,Levveling screed /smoothing compound,,2026-04-04,2026-04-05,1
228,Levveling screed /smoothing compound,,2026-04-11,2026-04-12,1
228,Levveling screed /smoothing compound,,2026-04-18,2026-04-19,1
228,Levveling screed /smoothing compound,,2026-04-25,2026-04-26,1
228,Levveling screed /smoothing compound,,2026-05-01,2026-05-02,1
228,Levveling screed /smoothing compound,,2026-05-08,2026-05-09,1
228,Levveling screed /smoothing compound,,2026-05-29,2026-05-30,1
228,Levveling screed /smoothing compound,,2026-06-06,2026-06-07,1
228,Levveling screed /smoothing compound,,2026-06-13,2026-06-14,1
228,Levveling screed /smoothing compound,,2026-06-20,2026-06-21,1
229,Drying out,,2025-12-07,2025-12-11,4
229,Drying out,,2025-12-13,2025-12-16,2
229,Drying out,,2025-12-19,2025-12-24,4
229,Drying out,,2025-12-26,2025-12-29,2
229,Drying out,,2026-01-05,2026-01-07,3
229,Drying out,,2026-01-11,2026-01-13,2
229,Drying out,,2026-01-19,2026-01-21,3
229,Drying out,,2026-01-25,2026-04-01,48
229,Drying out,,2026-04-04,2026-04-05,1
229,Drying out,,2026-04-11,2026-04-12,1
229,Drying out,,2026-04-18,2026-04-19,1
229,Drying out,,2026-04-25,2026-04-26,1
229,Drying out,,2026-05-01,2026-05-02,1
229,Drying out,,2026-05-08,2026-05-09,1
229,Drying out,,2026-05-29,2026-05-30,1
229,Drying out,,2026-06-06,2026-06-07,1
229,Drying out,,2026-06-13,2026-06-14,1
229,Drying out,,2026-06-20,2026-06-21,1
230,Mist coat,,2025-12-07,2025-12-11,4
230,Mist coat,,2025-12-13,2025-12-16,2
230,Mist coat,,2025-12-19,2025-12-24,4
230,Mist coat,,2025-12-26,2025-12-29,2
230,Mist coat,,2026-01-05,2026-01-07,3
230,Mist coat,,2026-01-11,2026-01-13,2
230,Mist coat,,2026-01-19,2026-01-21,3
230,Mist coat,,2026-01-25,2026-04-01,48
230,Mist coat,,2026-04-04,2026-04-05,1
230,Mist coat,,2026-04-11,2026-04-12,1
230,Mist coat,,2026-04-18,2026-04-19,1
230,Mist coat,,2026-04-25,2026-04-26,1
230,Mist coat,,2026-05-01,2026-05-02,1
230,Mist coat,,2026-05-08,2026-05-09,1
230,Mist coat,,2026-05-29,2026-05-30,1
230,Mist coat,,2026-06-06,2026-06-07,1
230,Mist coat,,2026-06-13,2026-06-14,1
230,Mist coat,,2026-06-20,2026-06-21,1
231,"Kitchen 1st fix,units tops & appliances",,2025-12-07,2025-12-11,4
231,"Kitchen 1st fix,units tops & appliances",,2025-12-13,2025-12-16,2
231,"Kitchen 1st fix,units tops & appliances",,2025-12-19,2025-12-24,4
231,"Kitchen 1st fix,units tops & appliances",,2025-12-26,2025-12-29,2
231,"Kitchen 1st fix,units tops & appliances",,2026-01-05,2026-01-07,3
231,"Kitchen 1st fix,units tops & appliances",,2026-01-11,2026-01-13,2
231,"Kitchen 1st fix,units tops & appliances",,2026-01-19,2026-01-21,3
231,"Kitchen 1st fix,units tops & appliances",,2026-01-25,2026-04-01,48
231,"Kitchen 1st fix,units tops & appliances",,2026-04-04,2026-04-05,1
231,"Kitchen 1st fix,units tops & appliances",,2026-04-11,2026-04-12,1
231,"Kitchen 1st fix,units tops & appliances",,2026-04-18,2026-04-19,1
231,"Kitchen 1st fix,units tops & appliances",,2026-04-25,2026-04-26,1
231,"Kitchen 1st fix,units tops & appliances",,2026-05-01,2026-05-02,1
231,"Kitchen 1st fix,units tops & appliances",,2026-05-08,2026-05-09,1
231,"Kitchen 1st fix,units tops & appliances",,2026-05-29,2026-05-30,1
231,"Kitchen 1st fix,units tops & appliances",,2026-06-06,2026-06-07,1
231,"Kitchen 1st fix,units tops & appliances",,2026-06-13,2026-06-14,1
232,"Joinery 1st fix -doors, frames ,skirtings,archs vanity framing  & plinths .",,2025-12-07,2025-12-11,4
232,"Joinery 1st fix -doors, frames ,skirtings,archs vanity framing  & plinths .",,2025-12-13,2025-12-16,2
232,"Joinery 1st fix -doors, frames ,skirtings,archs vanity framing  & plinths .",,2025-12-19,2025-12-24,4
232,"Joinery 1st fix -doors, frames ,skirtings,archs vanity framing  & plinths .",,2025-12-26,2026-01-07,9
232,"Joinery 1st fix -doors, frames ,skirtings,archs vanity framing  & plinths .",,2026-01-11,2026-01-13,2
232,"Joinery 1st fix -doors, frames ,skirtings,archs vanity framing  & plinths .",,2026-01-19,2026-01-21,3
232,"Joinery 1st fix -doors, frames ,skirtings,archs vanity framing  & plinths .",,2026-01-25,2026-04-01,48
232,"Joinery 1st fix -doors, frames ,skirtings,archs vanity framing  & plinths .",,2026-04-04,2026-04-05,1
232,"Joinery 1st fix -doors, frames ,skirtings,archs vanity framing  & plinths .",,2026-04-11,2026-04-12,1
232,"Joinery 1st fix -doors, frames ,skirtings,archs vanity framing  & plinths .",,2026-04-18,2026-04-19,1
232,"Joinery 1st fix -doors, frames ,skirtings,archs vanity framing  & plinths .",,2026-04-25,2026-04-26,1
232,"Joinery 1st fix -doors, frames ,skirtings,archs vanity framing  & plinths .",,2026-05-01,2026-05-02,1
232,"Joinery 1st fix -doors, frames ,skirtings,archs vanity framing  & plinths .",,2026-05-08,2026-05-09,1
232,"Joinery 1st fix -doors, frames ,skirtings,archs vanity framing  & plinths .",,2026-05-29,2026-05-30,1
232,"Joinery 1st fix -doors, frames ,skirtings,archs vanity framing  & plinths .",,2026-06-06,2026-06-07,1
233,Floor and wall tiling JD tiling,,2025-12-07,2025-12-11,4
233,Floor and wall tiling JD tiling,,2025-12-13,2025-12-16,2
233,Floor and wall tiling JD tiling,,2025-12-19,2025-12-24,4
233,Floor and wall tiling JD tiling,,2025-12-26,2025-12-29,2
233,Floor and wall tiling JD tiling,,2026-01-05,2026-01-13,7
233,Floor and wall tiling JD tiling,,2026-01-19,2026-01-21,3
233,Floor and wall tiling JD tiling,,2026-01-25,2026-04-01,48
233,Floor and wall tiling JD tiling,,2026-04-04,2026-04-05,1
233,Floor and wall tiling JD tiling,,2026-04-11,2026-04-12,1
233,Floor and wall tiling JD tiling,,2026-04-18,2026-04-19,1
233,Floor and wall tiling JD tiling,,2026-04-25,2026-04-26,1
233,Floor and wall tiling JD tiling,,2026-05-01,2026-05-02,1
233,Floor and wall tiling JD tiling,,2026-05-08,2026-05-09,1
233,Floor and wall tiling JD tiling,,2026-05-29,2026-05-30,1
233,Floor and wall tiling JD tiling,,2026-06-06,2026-06-07,1
234,Control point 4 CP 4,,2025-12-07,2025-12-11,4
234,Control point 4 CP 4,,2025-12-13,2025-12-16,2
234,Control point 4 CP 4,,2025-12-19,2025-12-24,4
234,Control point 4 CP 4,,2025-12-26,2025-12-29,2
234,Control point 4 CP 4,,2026-01-05,2026-01-07,3
234,Control point 4 CP 4,,2026-01-11,2026-04-01,58
234,Control point 4 CP 4,,2026-04-04,2026-04-05,1
234,Control point 4 CP 4,,2026-04-11,2026-04-12,1
234,Control point 4 CP 4,,2026-04-18,2026-04-19,1
234,Control point 4 CP 4,,2026-04-25,2026-04-26,1
234,Control point 4 CP 4,,2026-05-01,2026-05-02,1
234,Control point 4 CP 4,,2026-05-08,2026-05-09,1
234,Control point 4 CP 4,,2026-05-29,2026-05-30,1
234,Control point 4 CP 4,,2026-06-06,2026-06-07,1
235,service cupbaord -plywood flooring,,2025-12-07,2025-12-11,4
235,service cupbaord -plywood flooring,,2025-12-13,2025-12-16,2
235,service cupbaord -plywood flooring,,2025-12-19,2025-12-24,4
235,service cupbaord -plywood flooring,,2025-12-26,2025-12-29,2
235,service cupbaord -plywood flooring,,2026-01-05,2026-01-07,3
235,service cupbaord -plywood flooring,,2026-01-11,2026-01-13,2
235,service cupbaord -plywood flooring,,2026-01-19,2026-04-01,53
235,service cupbaord -plywood flooring,,2026-04-04,2026-04-05,1
235,service cupbaord -plywood flooring,,2026-04-11,2026-04-12,1
235,service cupbaord -plywood flooring,,2026-04-18,2026-04-19,1
235,service cupbaord -plywood flooring,,2026-04-25,2026-04-26,1
235,service cupbaord -plywood flooring,,2026-05-01,2026-05-02,1
235,service cupbaord -plywood flooring,,2026-05-08,2026-05-09,1
235,service cupbaord -plywood flooring,,2026-05-29,2026-05-30,1
235,service cupbaord -plywood flooring,,2026-06-06,2026-06-07,1
236,service cupboard decoration,,2025-12-07,2025-12-11,4
236,service cupboard decoration,,2025-12-13,2025-12-16,2
236,service cupboard decoration,,2025-12-19,2025-12-24,4
236,service cupboard decoration,,2025-12-26,2025-12-29,2
236,service cupboard decoration,,2026-01-05,2026-01-07,3
236,service cupboard decoration,,2026-01-11,2026-01-13,2
236,service cupboard decoration,,2026-01-19,2026-01-21,3
236,service cupboard decoration,,2026-01-25,2026-04-01,48
236,service cupboard decoration,,2026-04-04,2026-04-05,1
236,service cupboard decoration,,2026-04-11,2026-04-12,1
236,service cupboard decoration,,2026-04-18,2026-04-19,1
236,service cupboard decoration,,2026-04-25,2026-04-26,1
236,service cupboard decoration,,2026-05-01,2026-05-02,1
236,service cupboard decoration,,2026-05-08,2026-05-09,1
236,service cupboard decoration,,2026-05-29,2026-05-30,1
236,service cupboard decoration,,2026-06-06,2026-06-07,1
237,service cupboard cylinder MVHR pipework installation & ducts,,2025-12-07,2025-12-11,4
237,service cupboard cylinder MVHR pipework installation & ducts,,2025-12-13,2025-12-16,2
237,service cupboard cylinder MVHR pipework installation & ducts,,2025-12-19,2025-12-24,4
237,service cupboard cylinder MVHR pipework installation & ducts,,2025-12-26,2025-12-29,2
237,service cupboard cylinder MVHR pipework installation & ducts,,2026-01-05,2026-01-07,3
237,service cupboard cylinder MVHR pipework installation & ducts,,2026-01-11,2026-01-13,2
237,service cupboard cylinder MVHR pipework installation & ducts,,2026-01-19,2026-01-21,3
237,service cupboard cylinder MVHR pipework installation & ducts,,2026-01-25,2026-04-01,48
237,service cupboard cylinder MVHR pipework installation & ducts,,2026-04-04,2026-04-05,1
237,service cupboard cylinder MVHR pipework installation & ducts,,2026-04-11,2026-04-12,1
237,service cupboard cylinder MVHR pipework installation & ducts,,2026-04-18,2026-04-19,1
237,service cupboard cylinder MVHR pipework installation & ducts,,2026-04-25,2026-04-26,1
237,service cupboard cylinder MVHR pipework installation & ducts,,2026-05-01,2026-05-02,1
237,service cupboard cylinder MVHR pipework installation & ducts,,2026-05-08,2026-05-09,1
237,service cupboard cylinder MVHR pipework installation & ducts,,2026-05-29,2026-05-30,1
237,service cupboard cylinder MVHR pipework installation & ducts,,2026-06-06,2026-06-07,1
,Amtico flooring /Bathrooms,,2025-12-07,2025-12-11,4
,Amtico flooring /Bathrooms,,2025-12-13,2025-12-16,2
,Amtico flooring /Bathrooms,,2025-12-19,2025-12-24,4
,Amtico flooring /Bathrooms,,2025-12-26,2025-12-29,2
,Amtico flooring /Bathrooms,,2026-01-05,2026-01-07,3
,Amtico flooring /Bathrooms,,2026-01-11,2026-01-13,2
,Amtico flooring /Bathrooms,,2026-01-19,2026-01-21,3
,Amtico flooring /Bathrooms,,2026-01-25,2026-04-01,48
,Amtico flooring /Bathrooms,,2026-04-04,2026-04-05,1
,Amtico flooring /Bathrooms,,2026-04-11,2026-04-12,1
,Amtico flooring /Bathrooms,,2026-04-18,2026-04-19,1
,Amtico flooring /Bathrooms,,2026-04-25,2026-04-26,1
,Amtico flooring /Bathrooms,,2026-05-01,2026-05-02,1
,Amtico flooring /Bathrooms,,2026-05-08,2026-05-09,1
,Amtico flooring /Bathrooms,,2026-05-29,2026-05-30,1
,Amtico flooring /Bathrooms,,2026-06-06,2026-06-07,1
238,Plumbing second fix sanitaryware & pressure testing,,2025-12-07,2025-12-11,4
238,Plumbing second fix sanitaryware & pressure testing,,2025-12-13,2025-12-16,2
238,Plumbing second fix sanitaryware & pressure testing,,2025-12-19,2025-12-24,4
238,Plumbing second fix sanitaryware & pressure testing,,2025-12-26,2025-12-29,2
238,Plumbing second fix sanitaryware & pressure testing,,2026-01-05,2026-01-07,3
238,Plumbing second fix sanitaryware & pressure testing,,2026-01-11,2026-01-13,2
238,Plumbing second fix sanitaryware & pressure testing,,2026-01-19,2026-01-21,3
238,Plumbing second fix sanitaryware & pressure testing,,2026-01-25,2026-04-01,48
238,Plumbing second fix sanitaryware & pressure testing,,2026-04-04,2026-04-05,1
238,Plumbing second fix sanitaryware & pressure testing,,2026-04-11,2026-04-12,1
238,Plumbing second fix sanitaryware & pressure testing,,2026-04-18,2026-04-19,1
238,Plumbing second fix sanitaryware & pressure testing,,2026-04-25,2026-04-26,1
238,Plumbing second fix sanitaryware & pressure testing,,2026-05-01,2026-05-02,1
238,Plumbing second fix sanitaryware & pressure testing,,2026-05-08,2026-05-09,1
238,Plumbing second fix sanitaryware & pressure testing,,2026-05-29,2026-05-30,1
238,Plumbing second fix sanitaryware & pressure testing,,2026-06-06,2026-06-07,1
239,Electrical 2nd fix & live testing,,2025-12-07,2025-12-11,4
239,Electrical 2nd fix & live testing,,2025-12-13,2025-12-16,2
239,Electrical 2nd fix & live testing,,2025-12-19,2025-12-24,4
239,Electrical 2nd fix & live testing,,2025-12-26,2025-12-29,2
239,Electrical 2nd fix & live testing,,2026-01-05,2026-01-07,3
239,Electrical 2nd fix & live testing,,2026-01-11,2026-01-13,2
239,Electrical 2nd fix & live testing,,2026-01-19,2026-01-21,3
239,Electrical 2nd fix & live testing,,2026-01-25,2026-04-01,48
239,Electrical 2nd fix & live testing,,2026-04-04,2026-04-05,1
239,Electrical 2nd fix & live testing,,2026-04-11,2026-04-12,1
239,Electrical 2nd fix & live testing,,2026-04-18,2026-04-19,1
239,Electrical 2nd fix & live testing,,2026-04-25,2026-04-26,1
239,Electrical 2nd fix & live testing,,2026-05-01,2026-05-02,1
239,Electrical 2nd fix & live testing,,2026-05-08,2026-05-09,1
239,Electrical 2nd fix & live testing,,2026-05-29,2026-05-30,1
239,Electrical 2nd fix & live testing,,2026-06-06,2026-06-07,1
240,Builders clean,,2025-12-07,2025-12-11,4
240,Builders clean,,2025-12-13,2025-12-16,2
240,Builders clean,,2025-12-19,2025-12-24,4
240,Builders clean,,2025-12-26,2025-12-29,2
240,Builders clean,,2026-01-05,2026-01-07,3
240,Builders clean,,2026-01-11,2026-01-13,2
240,Builders clean,,2026-01-19,2026-01-21,3
240,Builders clean,,2026-01-25,2026-04-01,48
240,Builders clean,,2026-04-04,2026-04-05,1
240,Builders clean,,2026-04-11,2026-04-12,1
240,Builders clean,,2026-04-18,2026-04-19,1
240,Builders clean,,2026-04-25,2026-04-26,1
240,Builders clean,,2026-05-01,2026-05-02,1
240,Builders clean,,2026-05-08,2026-05-09,1
240,Builders clean,,2026-05-29,2026-05-30,1
240,Builders clean,,2026-06-06,2026-06-07,1
241,Pre -dec -snagging,,2025-12-07,2025-12-11,4
241,Pre -dec -snagging,,2025-12-13,2025-12-16,2
241,Pre -dec -snagging,,2025-12-19,2025-12-24,4
241,Pre -dec -snagging,,2025-12-26,2025-12-29,2
241,Pre -dec -snagging,,2026-01-05,2026-01-07,3
241,Pre -dec -snagging,,2026-01-11,2026-01-13,2
241,Pre -dec -snagging,,2026-01-19,2026-01-21,3
241,Pre -dec -snagging,,2026-01-25,2026-04-01,48
241,Pre -dec -snagging,,2026-04-04,2026-04-05,1
241,Pre -dec -snagging,,2026-04-11,2026-04-12,1
241,Pre -dec -snagging,,2026-04-18,2026-04-19,1
241,Pre -dec -snagging,,2026-04-25,2026-04-26,1
241,Pre -dec -snagging,,2026-05-01,2026-05-02,1
241,Pre -dec -snagging,,2026-05-08,2026-05-09,1
241,Pre -dec -snagging,,2026-05-29,2026-05-30,1
241,Pre -dec -snagging,,2026-06-06,2026-06-07,1
242,Decoration,,2025-12-07,2025-12-11,4
242,Decoration,,2025-12-13,2025-12-16,2
242,Decoration,,2025-12-19,2025-12-24,4
242,Decoration,,2025-12-26,2025-12-29,2
242,Decoration,,2026-01-05,2026-01-07,3
242,Decoration,,2026-01-11,2026-01-13,2
242,Decoration,,2026-01-19,2026-01-21,3
242,Decoration,,2026-01-25,2026-04-01,48
242,Decoration,,2026-04-04,2026-04-05,1
242,Decoration,,2026-04-11,2026-04-12,1
242,Decoration,,2026-04-18,2026-04-19,1
242,Decoration,,2026-04-25,2026-04-26,1
242,Decoration,,2026-05-01,2026-05-02,1
242,Decoration,,2026-05-08,2026-05-09,1
242,Decoration,,2026-05-29,2026-05-30,1
242,Decoration,,2026-06-06,2026-06-07,1
243,Amtico flooring /Carpets,,2025-12-07,2025-12-11,4
243,Amtico flooring /Carpets,,2025-12-13,2025-12-16,2
243,Amtico flooring /Carpets,,2025-12-19,2025-12-24,4
243,Amtico flooring /Carpets,,2025-12-26,2025-12-29,2
243,Amtico flooring /Carpets,,2026-01-05,2026-01-07,3
243,Amtico flooring /Carpets,,2026-01-11,2026-01-13,2
243,Amtico flooring /Carpets,,2026-01-19,2026-01-21,3
243,Amtico flooring /Carpets,,2026-01-25,2026-04-01,48
243,Amtico flooring /Carpets,,2026-04-04,2026-04-05,1
243,Amtico flooring /Carpets,,2026-04-11,2026-04-12,1
243,Amtico flooring /Carpets,,2026-04-18,2026-04-19,1
243,Amtico flooring /Carpets,,2026-04-25,2026-04-26,1
243,Amtico flooring /Carpets,,2026-05-01,2026-05-02,1
243,Amtico flooring /Carpets,,2026-05-08,2026-05-09,1
243,Amtico flooring /Carpets,,2026-05-29,2026-05-30,1
243,Amtico flooring /Carpets,,2026-06-06,2026-06-07,1
244,De snag all trades,,2025-12-07,2025-12-11,4
244,De snag all trades,,2025-12-13,2025-12-16,2
244,De snag all trades,,2025-12-19,2025-12-24,4
244,De snag all trades,,2025-12-26,2025-12-29,2
244,De snag all trades,,2026-01-05,2026-01-07,3
244,De snag all trades,,2026-01-11,2026-01-13,2
244,De snag all trades,,2026-01-19,2026-01-21,3
244,De snag all trades,,2026-01-25,2026-04-01,48
244,De snag all trades,,2026-04-04,2026-04-05,1
244,De snag all trades,,2026-04-11,2026-04-12,1
244,De snag all trades,,2026-04-18,2026-04-19,1
244,De snag all trades,,2026-04-25,2026-04-26,1
244,De snag all trades,,2026-05-01,2026-05-02,1
244,De snag all trades,,2026-05-08,2026-05-09,1
244,De snag all trades,,2026-05-29,2026-05-30,1
244,De snag all trades,,2026-06-06,2026-06-07,1
245,Sparkle clean,,2025-12-07,2025-12-11,4
245,Sparkle clean,,2025-12-13,2025-12-16,2
245,Sparkle clean,,2025-12-19,2025-12-24,4
245,Sparkle clean,,2025-12-26,2025-12-29,2
245,Sparkle clean,,2026-01-05,2026-01-07,3
245,Sparkle clean,,2026-01-11,2026-01-13,2
245,Sparkle clean,,2026-01-19,2026-01-21,3
245,Sparkle clean,,2026-01-25,2026-04-01,48
245,Sparkle clean,,2026-04-04,2026-04-05,1
245,Sparkle clean,,2026-04-11,2026-04-12,1
245,Sparkle clean,,2026-04-18,2026-04-19,1
245,Sparkle clean,,2026-04-25,2026-04-26,1
245,Sparkle clean,,2026-05-01,2026-05-02,1
245,Sparkle clean,,2026-05-08,2026-05-09,1
245,Sparkle clean,,2026-05-29,2026-05-30,1
245,Sparkle clean,,2026-06-06,2026-06-07,1
246,Mastic,,2025-12-07,2025-12-11,4
246,Mastic,,2025-12-13,2025-12-16,2
246,Mastic,,2025-12-19,2025-12-24,4
246,Mastic,,2025-12-26,2025-12-29,2
246,Mastic,,2026-01-05,2026-01-07,3
246,Mastic,,2026-01-11,2026-01-13,2
246,Mastic,,2026-01-19,2026-01-21,3
246,Mastic,,2026-01-25,2026-04-01,48
246,Mastic,,2026-04-04,2026-04-05,1
246,Mastic,,2026-04-11,2026-04-12,1
246,Mastic,,2026-04-18,2026-04-19,1
246,Mastic,,2026-04-25,2026-04-26,1
246,Mastic,,2026-05-01,2026-05-02,1
246,Mastic,,2026-05-08,2026-05-09,1
246,Mastic,,2026-05-29,2026-05-30,1
246,Mastic,,2026-06-06,2026-06-07,1
247,Handover to client,,2025-12-07,2025-12-11,4
247,Handover to client,,2025-12-13,2025-12-16,2
247,Handover to client,,2025-12-19,2025-12-24,4
247,Handover to client,,2025-12-26,2025-12-29,2
247,Handover to client,,2026-01-05,2026-01-07,3
247,Handover to client,,2026-01-11,2026-01-13,2
247,Handover to client,,2026-01-19,2026-01-21,3
247,Handover to client,,2026-01-25,2026-04-01,48
247,Handover to client,,2026-04-04,2026-04-05,1
247,Handover to client,,2026-04-11,2026-04-12,1
247,Handover to client,,2026-04-18,2026-04-19,1
247,Handover to client,,2026-04-25,2026-04-26,1
247,Handover to client,,2026-05-01,2026-05-02,1
247,Handover to client,,2026-05-08,2026-05-09,1
247,Handover to client,,2026-05-29,2026-05-30,1
247,Handover to client,,2026-06-06,2026-06-07,1
248,Level 7Apartment fit out -cluster 2,,2025-12-07,2025-12-11,4
248,Level 7Apartment fit out -cluster 2,,2025-12-13,2025-12-16,2
248,Level 7Apartment fit out -cluster 2,,2025-12-19,2025-12-24,4
248,Level 7Apartment fit out -cluster 2,,2025-12-26,2025-12-29,2
248,Level 7Apartment fit out -cluster 2,,2026-01-05,2026-01-07,3
248,Level 7Apartment fit out -cluster 2,,2026-01-11,2026-01-13,2
248,Level 7Apartment fit out -cluster 2,,2026-01-19,2026-01-21,3
248,Level 7Apartment fit out -cluster 2,,2026-01-25,2026-04-01,48
248,Level 7Apartment fit out -cluster 2,,2026-04-04,2026-04-05,1
248,Level 7Apartment fit out -cluster 2,,2026-04-11,2026-04-12,1
248,Level 7Apartment fit out -cluster 2,,2026-04-18,2026-04-19,1
248,Level 7Apartment fit out -cluster 2,,2026-04-25,2026-04-26,1
248,Level 7Apartment fit out -cluster 2,,2026-05-01,2026-05-02,1
248,Level 7Apartment fit out -cluster 2,,2026-05-08,2026-05-09,1
248,Level 7Apartment fit out -cluster 2,,2026-05-29,2026-05-30,1
248,Level 7Apartment fit out -cluster 2,,2026-06-06,2026-06-07,1
249,1st fix electrical back boxes   Edencroft,,2025-12-07,2025-12-11,4
249,1st fix electrical back boxes   Edencroft,,2025-12-13,2025-12-16,2
249,1st fix electrical back boxes   Edencroft,,2025-12-19,2025-12-24,4
249,1st fix electrical back boxes   Edencroft,,2025-12-26,2025-12-29,2
249,1st fix electrical back boxes   Edencroft,,2026-01-05,2026-01-07,3
249,1st fix electrical back boxes   Edencroft,,2026-01-11,2026-01-13,2
249,1st fix electrical back boxes   Edencroft,,2026-01-19,2026-01-21,3
249,1st fix electrical back boxes   Edencroft,,2026-01-25,2026-04-01,48
249,1st fix electrical back boxes   Edencroft,,2026-04-04,2026-04-05,1
249,1st fix electrical back boxes   Edencroft,,2026-04-11,2026-04-12,1
249,1st fix electrical back boxes   Edencroft,,2026-04-18,2026-04-19,1
249,1st fix electrical back boxes   Edencroft,,2026-04-25,2026-04-26,1
249,1st fix electrical back boxes   Edencroft,,2026-05-01,2026-05-02,1
249,1st fix electrical back boxes   Edencroft,,2026-05-08,2026-05-09,1
249,1st fix electrical back boxes   Edencroft,,2026-05-29,2026-05-30,1
249,1st fix electrical back boxes   Edencroft,,2026-06-06,2026-06-07,1
250,1st fix partitions/pattreses one side,,2025-12-07,2025-12-11,4
250,1st fix partitions/pattreses one side,,2025-12-13,2025-12-16,2
250,1st fix partitions/pattreses one side,,2025-12-19,2025-12-24,4
250,1st fix partitions/pattreses one side,,2025-12-26,2025-12-29,2
250,1st fix partitions/pattreses one side,,2026-01-05,2026-01-07,3
250,1st fix partitions/pattreses one side,,2026-01-11,2026-01-13,2
250,1st fix partitions/pattreses one side,,2026-01-19,2026-01-21,3
250,1st fix partitions/pattreses one side,,2026-01-25,2026-04-01,48
250,1st fix partitions/pattreses one side,,2026-04-04,2026-04-05,1
250,1st fix partitions/pattreses one side,,2026-04-11,2026-04-12,1
250,1st fix partitions/pattreses one side,,2026-04-18,2026-04-19,1
250,1st fix partitions/pattreses one side,,2026-04-25,2026-04-26,1
250,1st fix partitions/pattreses one side,,2026-05-01,2026-05-02,1
250,1st fix partitions/pattreses one side,,2026-05-08,2026-05-09,1
250,1st fix partitions/pattreses one side,,2026-05-29,2026-05-30,1
250,1st fix partitions/pattreses one side,,2026-06-06,2026-06-07,1
251,First fix wire -ceilings/walls,,2025-12-07,2025-12-11,4
251,First fix wire -ceilings/walls,,2025-12-13,2025-12-16,2
251,First fix wire -ceilings/walls,,2025-12-19,2025-12-24,4
251,First fix wire -ceilings/walls,,2025-12-26,2025-12-29,2
251,First fix wire -ceilings/walls,,2026-01-05,2026-01-07,3
251,First fix wire -ceilings/walls,,2026-01-11,2026-01-13,2
251,First fix wire -ceilings/walls,,2026-01-19,2026-01-21,3
251,First fix wire -ceilings/walls,,2026-01-25,2026-04-01,48
251,First fix wire -ceilings/walls,,2026-04-04,2026-04-05,1
251,First fix wire -ceilings/walls,,2026-04-11,2026-04-12,1
251,First fix wire -ceilings/walls,,2026-04-18,2026-04-19,1
251,First fix wire -ceilings/walls,,2026-04-25,2026-04-26,1
251,First fix wire -ceilings/walls,,2026-05-01,2026-05-02,1
251,First fix wire -ceilings/walls,,2026-05-08,2026-05-09,1
251,First fix wire -ceilings/walls,,2026-05-29,2026-05-30,1
251,First fix wire -ceilings/walls,,2026-06-06,2026-06-07,1
252,first fix plumbing,,2025-12-07,2025-12-11,4
252,first fix plumbing,,2025-12-13,2025-12-16,2
252,first fix plumbing,,2025-12-19,2025-12-24,4
252,first fix plumbing,,2025-12-26,2025-12-29,2
252,first fix plumbing,,2026-01-05,2026-01-07,3
252,first fix plumbing,,2026-01-11,2026-01-13,2
252,first fix plumbing,,2026-01-19,2026-01-21,3
252,first fix plumbing,,2026-01-25,2026-04-01,48
252,first fix plumbing,,2026-04-04,2026-04-05,1
252,first fix plumbing,,2026-04-11,2026-04-12,1
252,first fix plumbing,,2026-04-18,2026-04-19,1
252,first fix plumbing,,2026-04-25,2026-04-26,1
252,first fix plumbing,,2026-05-01,2026-05-02,1
252,first fix plumbing,,2026-05-08,2026-05-09,1
252,first fix plumbing,,2026-05-29,2026-05-30,1
252,first fix plumbing,,2026-06-06,2026-06-07,1
253,SVP & RWP install,,2025-12-07,2025-12-11,4
253,SVP & RWP install,,2025-12-13,2025-12-16,2
253,SVP & RWP install,,2025-12-19,2025-12-24,4
253,SVP & RWP install,,2025-12-26,2025-12-29,2
253,SVP & RWP install,,2026-01-05,2026-01-07,3
253,SVP & RWP install,,2026-01-11,2026-01-13,2
253,SVP & RWP install,,2026-01-19,2026-01-21,3
253,SVP & RWP install,,2026-01-25,2026-04-05,50
253,SVP & RWP install,,2026-04-11,2026-04-12,1
253,SVP & RWP install,,2026-04-18,2026-04-19,1
253,SVP & RWP install,,2026-04-25,2026-04-26,1
253,SVP & RWP install,,2026-05-01,2026-05-02,1
253,SVP & RWP install,,2026-05-08,2026-05-09,1
253,SVP & RWP install,,2026-05-29,2026-05-30,1
253,SVP & RWP install,,2026-06-06,2026-06-07,1
254,Firestop to RWP & SVP,,2025-12-07,2025-12-11,4
254,Firestop to RWP & SVP,,2025-12-13,2025-12-16,2
254,Firestop to RWP & SVP,,2025-12-19,2025-12-24,4
254,Firestop to RWP & SVP,,2025-12-26,2025-12-29,2
254,Firestop to RWP & SVP,,2026-01-05,2026-01-07,3
254,Firestop to RWP & SVP,,2026-01-11,2026-01-13,2
254,Firestop to RWP & SVP,,2026-01-19,2026-01-21,3
254,Firestop to RWP & SVP,,2026-01-25,2026-04-05,50
254,Firestop to RWP & SVP,,2026-04-11,2026-04-12,1
254,Firestop to RWP & SVP,,2026-04-18,2026-04-19,1
254,Firestop to RWP & SVP,,2026-04-25,2026-04-26,1
254,Firestop to RWP & SVP,,2026-05-01,2026-05-02,1
254,Firestop to RWP & SVP,,2026-05-08,2026-05-09,1
254,Firestop to RWP & SVP,,2026-05-29,2026-05-30,1
254,Firestop to RWP & SVP,,2026-06-06,2026-06-07,1
,CONTROL POINT 2 (CP2),,2025-12-07,2025-12-11,4
,CONTROL POINT 2 (CP2),,2025-12-13,2025-12-16,2
,CONTROL POINT 2 (CP2),,2025-12-19,2025-12-24,4
,CONTROL POINT 2 (CP2),,2025-12-26,2025-12-29,2
,CONTROL POINT 2 (CP2),,2026-01-05,2026-01-07,3
,CONTROL POINT 2 (CP2),,2026-01-11,2026-01-13,2
,CONTROL POINT 2 (CP2),,2026-01-19,2026-01-21,3
,CONTROL POINT 2 (CP2),,2026-01-25,2026-04-05,50
,CONTROL POINT 2 (CP2),,2026-04-11,2026-04-12,1
,CONTROL POINT 2 (CP2),,2026-04-18,2026-04-19,1
,CONTROL POINT 2 (CP2),,2026-04-25,2026-04-26,1
,CONTROL POINT 2 (CP2),,2026-05-01,2026-05-02,1
,CONTROL POINT 2 (CP2),,2026-05-08,2026-05-09,1
,CONTROL POINT 2 (CP2),,2026-05-29,2026-05-30,1
,CONTROL POINT 2 (CP2),,2026-06-06,2026-06-07,1
255,Wall void closure checklist sign off,,2025-12-07,2025-12-11,4
255,Wall void closure checklist sign off,,2025-12-13,2025-12-16,2
255,Wall void closure checklist sign off,,2025-12-19,2025-12-24,4
255,Wall void closure checklist sign off,,2025-12-26,2025-12-29,2
255,Wall void closure checklist sign off,,2026-01-05,2026-01-07,3
255,Wall void closure checklist sign off,,2026-01-11,2026-01-13,2
255,Wall void closure checklist sign off,,2026-01-19,2026-01-21,3
255,Wall void closure checklist sign off,,2026-01-25,2026-04-01,48
255,Wall void closure checklist sign off,,2026-04-04,2026-04-05,1
255,Wall void closure checklist sign off,,2026-04-11,2026-04-12,1
255,Wall void closure checklist sign off,,2026-04-18,2026-04-19,1
255,Wall void closure checklist sign off,,2026-04-25,2026-04-26,1
255,Wall void closure checklist sign off,,2026-05-01,2026-05-02,1
255,Wall void closure checklist sign off,,2026-05-08,2026-05-09,1
255,Wall void closure checklist sign off,,2026-05-29,2026-05-30,1
255,Wall void closure checklist sign off,,2026-06-06,2026-06-07,1
256,2nd fix Partitions - insulation and board,,2025-12-07,2025-12-11,4
256,2nd fix Partitions - insulation and board,,2025-12-13,2025-12-16,2
256,2nd fix Partitions - insulation and board,,2025-12-19,2025-12-24,4
256,2nd fix Partitions - insulation and board,,2025-12-26,2025-12-29,2
256,2nd fix Partitions - insulation and board,,2026-01-05,2026-01-07,3
256,2nd fix Partitions - insulation and board,,2026-01-11,2026-01-13,2
256,2nd fix Partitions - insulation and board,,2026-01-19,2026-01-21,3
256,2nd fix Partitions - insulation and board,,2026-01-25,2026-04-01,48
256,2nd fix Partitions - insulation and board,,2026-04-04,2026-04-05,1
256,2nd fix Partitions - insulation and board,,2026-04-11,2026-04-12,1
256,2nd fix Partitions - insulation and board,,2026-04-18,2026-04-19,1
256,2nd fix Partitions - insulation and board,,2026-04-25,2026-04-26,1
256,2nd fix Partitions - insulation and board,,2026-05-01,2026-05-02,1
256,2nd fix Partitions - insulation and board,,2026-05-08,2026-05-09,1
256,2nd fix Partitions - insulation and board,,2026-05-29,2026-05-30,1
256,2nd fix Partitions - insulation and board,,2026-06-06,2026-06-07,1
257,Install Vents/ducts,,2025-12-07,2025-12-11,4
257,Install Vents/ducts,,2025-12-13,2025-12-16,2
257,Install Vents/ducts,,2025-12-19,2025-12-24,4
257,Install Vents/ducts,,2025-12-26,2025-12-29,2
257,Install Vents/ducts,,2026-01-05,2026-01-07,3
257,Install Vents/ducts,,2026-01-11,2026-01-21,8
257,Install Vents/ducts,,2026-01-25,2026-04-01,48
257,Install Vents/ducts,,2026-04-04,2026-04-05,1
257,Install Vents/ducts,,2026-04-11,2026-04-12,1
257,Install Vents/ducts,,2026-04-18,2026-04-19,1
257,Install Vents/ducts,,2026-04-25,2026-04-26,1
257,Install Vents/ducts,,2026-05-01,2026-05-02,1
257,Install Vents/ducts,,2026-05-08,2026-05-09,1
257,Install Vents/ducts,,2026-05-29,2026-05-30,1
257,Install Vents/ducts,,2026-06-06,2026-06-07,1
258,CONTROL POINT 3 (CP3),,2025-12-07,2025-12-11,4
258,CONTROL POINT 3 (CP3),,2025-12-13,2025-12-16,2
258,CONTROL POINT 3 (CP3),,2025-12-19,2025-12-24,4
258,CONTROL POINT 3 (CP3),,2025-12-26,2025-12-29,2
258,CONTROL POINT 3 (CP3),,2026-01-05,2026-01-07,3
258,CONTROL POINT 3 (CP3),,2026-01-11,2026-01-13,2
258,CONTROL POINT 3 (CP3),,2026-01-19,2026-04-01,53
258,CONTROL POINT 3 (CP3),,2026-04-04,2026-04-05,1
258,CONTROL POINT 3 (CP3),,2026-04-11,2026-04-12,1
258,CONTROL POINT 3 (CP3),,2026-04-18,2026-04-19,1
258,CONTROL POINT 3 (CP3),,2026-04-25,2026-04-26,1
258,CONTROL POINT 3 (CP3),,2026-05-01,2026-05-02,1
258,CONTROL POINT 3 (CP3),,2026-05-08,2026-05-09,1
258,CONTROL POINT 3 (CP3),,2026-05-29,2026-05-30,1
258,CONTROL POINT 3 (CP3),,2026-06-06,2026-06-07,1
259,Ceiling void closure checklist sign off,,2025-12-07,2025-12-11,4
259,Ceiling void closure checklist sign off,,2025-12-13,2025-12-16,2
259,Ceiling void closure checklist sign off,,2025-12-19,2025-12-24,4
259,Ceiling void closure checklist sign off,,2025-12-26,2025-12-29,2
259,Ceiling void closure checklist sign off,,2026-01-05,2026-01-07,3
259,Ceiling void closure checklist sign off,,2026-01-11,2026-01-13,2
259,Ceiling void closure checklist sign off,,2026-01-19,2026-01-21,3
259,Ceiling void closure checklist sign off,,2026-01-25,2026-04-01,48
259,Ceiling void closure checklist sign off,,2026-04-04,2026-04-05,1
259,Ceiling void closure checklist sign off,,2026-04-11,2026-04-12,1
259,Ceiling void closure checklist sign off,,2026-04-18,2026-04-19,1
259,Ceiling void closure checklist sign off,,2026-04-25,2026-04-26,1
259,Ceiling void closure checklist sign off,,2026-05-01,2026-05-02,1
259,Ceiling void closure checklist sign off,,2026-05-08,2026-05-09,1
259,Ceiling void closure checklist sign off,,2026-05-29,2026-05-30,1
259,Ceiling void closure checklist sign off,,2026-06-06,2026-06-07,1
260,Ceilings metal only,,2025-12-07,2025-12-11,4
260,Ceilings metal only,,2025-12-13,2025-12-16,2
260,Ceilings metal only,,2025-12-19,2025-12-24,4
260,Ceilings metal only,,2025-12-26,2025-12-29,2
260,Ceilings metal only,,2026-01-05,2026-01-07,3
260,Ceilings metal only,,2026-01-11,2026-01-13,2
260,Ceilings metal only,,2026-01-19,2026-01-21,3
260,Ceilings metal only,,2026-01-25,2026-04-01,48
260,Ceilings metal only,,2026-04-04,2026-04-05,1
260,Ceilings metal only,,2026-04-11,2026-04-12,1
260,Ceilings metal only,,2026-04-18,2026-04-19,1
260,Ceilings metal only,,2026-04-25,2026-04-26,1
260,Ceilings metal only,,2026-05-01,2026-05-02,1
260,Ceilings metal only,,2026-05-08,2026-05-09,1
260,Ceilings metal only,,2026-06-06,2026-06-07,1
261,Sprinkler 1st fix & test,,2025-12-07,2025-12-11,4
261,Sprinkler 1st fix & test,,2025-12-13,2025-12-16,2
261,Sprinkler 1st fix & test,,2025-12-19,2025-12-24,4
261,Sprinkler 1st fix & test,,2025-12-26,2025-12-29,2
261,Sprinkler 1st fix & test,,2026-01-05,2026-01-07,3
261,Sprinkler 1st fix & test,,2026-01-11,2026-01-13,2
261,Sprinkler 1st fix & test,,2026-01-19,2026-01-21,3
261,Sprinkler 1st fix & test,,2026-01-25,2026-04-01,48
261,Sprinkler 1st fix & test,,2026-04-04,2026-04-05,1
261,Sprinkler 1st fix & test,,2026-04-11,2026-04-12,1
261,Sprinkler 1st fix & test,,2026-04-18,2026-04-19,1
261,Sprinkler 1st fix & test,,2026-04-25,2026-04-26,1
261,Sprinkler 1st fix & test,,2026-05-01,2026-05-02,1
261,Sprinkler 1st fix & test,,2026-05-08,2026-05-09,1
261,Sprinkler 1st fix & test,,2026-06-06,2026-06-07,1
262,Ceilings -  board (cut holes for lights),,2025-12-07,2025-12-11,4
262,Ceilings -  board (cut holes for lights),,2025-12-13,2025-12-16,2
262,Ceilings -  board (cut holes for lights),,2025-12-19,2025-12-24,4
262,Ceilings -  board (cut holes for lights),,2025-12-26,2025-12-29,2
262,Ceilings -  board (cut holes for lights),,2026-01-05,2026-01-07,3
262,Ceilings -  board (cut holes for lights),,2026-01-11,2026-01-13,2
262,Ceilings -  board (cut holes for lights),,2026-01-19,2026-01-21,3
262,Ceilings -  board (cut holes for lights),,2026-01-25,2026-04-01,48
262,Ceilings -  board (cut holes for lights),,2026-04-04,2026-04-05,1
262,Ceilings -  board (cut holes for lights),,2026-04-11,2026-04-12,1
262,Ceilings -  board (cut holes for lights),,2026-04-18,2026-04-19,1
262,Ceilings -  board (cut holes for lights),,2026-04-25,2026-04-26,1
262,Ceilings -  board (cut holes for lights),,2026-05-01,2026-05-02,1
262,Ceilings -  board (cut holes for lights),,2026-05-08,2026-05-09,1
262,Ceilings -  board (cut holes for lights),,2026-06-06,2026-06-07,1
263,Plaster spray,,2025-12-07,2025-12-11,4
263,Plaster spray,,2025-12-13,2025-12-16,2
263,Plaster spray,,2025-12-19,2025-12-24,4
263,Plaster spray,,2025-12-26,2025-12-29,2
263,Plaster spray,,2026-01-05,2026-01-07,3
263,Plaster spray,,2026-01-11,2026-01-13,2
263,Plaster spray,,2026-01-19,2026-01-21,3
263,Plaster spray,,2026-01-25,2026-04-01,48
263,Plaster spray,,2026-04-04,2026-04-05,1
263,Plaster spray,,2026-04-11,2026-04-12,1
263,Plaster spray,,2026-04-18,2026-04-19,1
263,Plaster spray,,2026-04-25,2026-04-26,1
263,Plaster spray,,2026-05-01,2026-05-02,1
263,Plaster spray,,2026-05-08,2026-05-09,1
263,Plaster spray,,2026-06-06,2026-06-07,1
264,Levveling screed /smoothing compound,,2025-12-07,2025-12-11,4
264,Levveling screed /smoothing compound,,2025-12-13,2025-12-16,2
264,Levveling screed /smoothing compound,,2025-12-19,2025-12-24,4
264,Levveling screed /smoothing compound,,2025-12-26,2025-12-29,2
264,Levveling screed /smoothing compound,,2026-01-05,2026-01-07,3
264,Levveling screed /smoothing compound,,2026-01-11,2026-01-13,2
264,Levveling screed /smoothing compound,,2026-01-19,2026-01-21,3
264,Levveling screed /smoothing compound,,2026-01-25,2026-04-01,48
264,Levveling screed /smoothing compound,,2026-04-04,2026-04-05,1
264,Levveling screed /smoothing compound,,2026-04-11,2026-04-12,1
264,Levveling screed /smoothing compound,,2026-04-18,2026-04-19,1
264,Levveling screed /smoothing compound,,2026-04-25,2026-04-26,1
264,Levveling screed /smoothing compound,,2026-05-01,2026-05-02,1
264,Levveling screed /smoothing compound,,2026-05-08,2026-05-09,1
264,Levveling screed /smoothing compound,,2026-06-06,2026-06-07,1
265,Drying out,,2025-12-07,2025-12-11,4
265,Drying out,,2025-12-13,2025-12-16,2
265,Drying out,,2025-12-19,2025-12-24,4
265,Drying out,,2025-12-26,2025-12-29,2
265,Drying out,,2026-01-05,2026-01-07,3
265,Drying out,,2026-01-11,2026-01-13,2
265,Drying out,,2026-01-19,2026-01-21,3
265,Drying out,,2026-01-25,2026-04-01,48
265,Drying out,,2026-04-04,2026-04-05,1
265,Drying out,,2026-04-11,2026-04-12,1
265,Drying out,,2026-04-18,2026-04-19,1
265,Drying out,,2026-04-25,2026-04-26,1
265,Drying out,,2026-05-01,2026-05-02,1
265,Drying out,,2026-05-08,2026-05-09,1
265,Drying out,,2026-06-06,2026-06-07,1
266,Mist coat,,2025-12-07,2025-12-11,4
266,Mist coat,,2025-12-13,2025-12-16,2
266,Mist coat,,2025-12-19,2025-12-24,4
266,Mist coat,,2025-12-26,2025-12-29,2
266,Mist coat,,2026-01-05,2026-01-07,3
266,Mist coat,,2026-01-11,2026-01-13,2
266,Mist coat,,2026-01-19,2026-01-21,3
266,Mist coat,,2026-01-25,2026-04-01,48
266,Mist coat,,2026-04-04,2026-04-05,1
266,Mist coat,,2026-04-11,2026-04-12,1
266,Mist coat,,2026-04-18,2026-04-19,1
266,Mist coat,,2026-04-25,2026-04-26,1
266,Mist coat,,2026-05-01,2026-05-02,1
266,Mist coat,,2026-05-08,2026-05-09,1
266,Mist coat,,2026-06-06,2026-06-07,1
267,"Kitchen 1st fix,units tops & appliances",,2025-12-07,2025-12-11,4
267,"Kitchen 1st fix,units tops & appliances",,2025-12-13,2025-12-16,2
267,"Kitchen 1st fix,units tops & appliances",,2025-12-19,2025-12-24,4
267,"Kitchen 1st fix,units tops & appliances",,2025-12-26,2025-12-29,2
267,"Kitchen 1st fix,units tops & appliances",,2026-01-05,2026-01-07,3
267,"Kitchen 1st fix,units tops & appliances",,2026-01-11,2026-01-13,2
267,"Kitchen 1st fix,units tops & appliances",,2026-01-19,2026-01-21,3
267,"Kitchen 1st fix,units tops & appliances",,2026-01-25,2026-04-01,48
267,"Kitchen 1st fix,units tops & appliances",,2026-04-04,2026-04-05,1
267,"Kitchen 1st fix,units tops & appliances",,2026-04-11,2026-04-12,1
267,"Kitchen 1st fix,units tops & appliances",,2026-04-18,2026-04-19,1
267,"Kitchen 1st fix,units tops & appliances",,2026-04-25,2026-04-26,1
267,"Kitchen 1st fix,units tops & appliances",,2026-05-01,2026-05-02,1
267,"Kitchen 1st fix,units tops & appliances",,2026-05-08,2026-05-09,1
267,"Kitchen 1st fix,units tops & appliances",,2026-06-06,2026-06-07,1
268,"Joinery 1st fix -doors, frames ,skirtings,archs vanity framing  & plinths .",,2025-12-07,2025-12-11,4
268,"Joinery 1st fix -doors, frames ,skirtings,archs vanity framing  & plinths .",,2025-12-13,2025-12-16,2
268,"Joinery 1st fix -doors, frames ,skirtings,archs vanity framing  & plinths .",,2025-12-19,2025-12-24,4
268,"Joinery 1st fix -doors, frames ,skirtings,archs vanity framing  & plinths .",,2025-12-26,2025-12-29,2
268,"Joinery 1st fix -doors, frames ,skirtings,archs vanity framing  & plinths .",,2026-01-05,2026-01-07,3
268,"Joinery 1st fix -doors, frames ,skirtings,archs vanity framing  & plinths .",,2026-01-11,2026-01-13,2
268,"Joinery 1st fix -doors, frames ,skirtings,archs vanity framing  & plinths .",,2026-01-19,2026-01-21,3
268,"Joinery 1st fix -doors, frames ,skirtings,archs vanity framing  & plinths .",,2026-01-25,2026-04-01,48
268,"Joinery 1st fix -doors, frames ,skirtings,archs vanity framing  & plinths .",,2026-04-04,2026-04-05,1
268,"Joinery 1st fix -doors, frames ,skirtings,archs vanity framing  & plinths .",,2026-04-11,2026-04-12,1
268,"Joinery 1st fix -doors, frames ,skirtings,archs vanity framing  & plinths .",,2026-04-18,2026-04-19,1
268,"Joinery 1st fix -doors, frames ,skirtings,archs vanity framing  & plinths .",,2026-04-25,2026-04-26,1
268,"Joinery 1st fix -doors, frames ,skirtings,archs vanity framing  & plinths .",,2026-05-01,2026-05-02,1
268,"Joinery 1st fix -doors, frames ,skirtings,archs vanity framing  & plinths .",,2026-05-08,2026-05-09,1
269,Floor and wall tiling JD tiling,,2025-12-07,2025-12-11,4
269,Floor and wall tiling JD tiling,,2025-12-13,2025-12-16,2
269,Floor and wall tiling JD tiling,,2025-12-19,2025-12-24,4
269,Floor and wall tiling JD tiling,,2025-12-26,2025-12-29,2
269,Floor and wall tiling JD tiling,,2026-01-05,2026-01-07,3
269,Floor and wall tiling JD tiling,,2026-01-11,2026-01-13,2
269,Floor and wall tiling JD tiling,,2026-01-19,2026-01-21,3
269,Floor and wall tiling JD tiling,,2026-01-25,2026-04-01,48
269,Floor and wall tiling JD tiling,,2026-04-04,2026-04-05,1
269,Floor and wall tiling JD tiling,,2026-04-11,2026-04-12,1
269,Floor and wall tiling JD tiling,,2026-04-18,2026-04-19,1
269,Floor and wall tiling JD tiling,,2026-04-25,2026-04-26,1
269,Floor and wall tiling JD tiling,,2026-05-01,2026-05-02,1
269,Floor and wall tiling JD tiling,,2026-05-08,2026-05-09,1
270,Control point 4 CP 4,,2025-12-07,2025-12-11,4
270,Control point 4 CP 4,,2025-12-13,2025-12-16,2
270,Control point 4 CP 4,,2025-12-19,2025-12-24,4
270,Control point 4 CP 4,,2025-12-26,2025-12-29,2
270,Control point 4 CP 4,,2026-01-05,2026-01-07,3
270,Control point 4 CP 4,,2026-01-11,2026-01-13,2
270,Control point 4 CP 4,,2026-01-19,2026-01-21,3
270,Control point 4 CP 4,,2026-01-25,2026-04-01,48
270,Control point 4 CP 4,,2026-04-04,2026-04-05,1
270,Control point 4 CP 4,,2026-04-11,2026-04-12,1
270,Control point 4 CP 4,,2026-04-18,2026-04-19,1
270,Control point 4 CP 4,,2026-04-25,2026-04-26,1
270,Control point 4 CP 4,,2026-05-01,2026-05-02,1
270,Control point 4 CP 4,,2026-05-08,2026-05-09,1
271,service cupbaord -plywood flooring,,2025-12-07,2025-12-11,4
271,service cupbaord -plywood flooring,,2025-12-13,2025-12-16,2
271,service cupbaord -plywood flooring,,2025-12-19,2025-12-24,4
271,service cupbaord -plywood flooring,,2025-12-26,2025-12-29,2
271,service cupbaord -plywood flooring,,2026-01-05,2026-01-07,3
271,service cupbaord -plywood flooring,,2026-01-11,2026-01-13,2
271,service cupbaord -plywood flooring,,2026-01-19,2026-01-21,3
271,service cupbaord -plywood flooring,,2026-01-25,2026-04-01,48
271,service cupbaord -plywood flooring,,2026-04-04,2026-04-05,1
271,service cupbaord -plywood flooring,,2026-04-11,2026-04-12,1
271,service cupbaord -plywood flooring,,2026-04-18,2026-04-19,1
271,service cupbaord -plywood flooring,,2026-04-25,2026-04-26,1
271,service cupbaord -plywood flooring,,2026-05-01,2026-05-02,1
271,service cupbaord -plywood flooring,,2026-05-08,2026-05-09,1
272,service cupboard decoration,,2025-12-07,2025-12-11,4
272,service cupboard decoration,,2025-12-13,2025-12-16,2
272,service cupboard decoration,,2025-12-19,2025-12-24,4
272,service cupboard decoration,,2025-12-26,2025-12-29,2
272,service cupboard decoration,,2026-01-05,2026-01-07,3
272,service cupboard decoration,,2026-01-11,2026-01-13,2
272,service cupboard decoration,,2026-01-19,2026-01-21,3
272,service cupboard decoration,,2026-01-25,2026-04-01,48
272,service cupboard decoration,,2026-04-04,2026-04-05,1
272,service cupboard decoration,,2026-04-11,2026-04-12,1
272,service cupboard decoration,,2026-04-18,2026-04-19,1
272,service cupboard decoration,,2026-04-25,2026-04-26,1
272,service cupboard decoration,,2026-05-01,2026-05-02,1
272,service cupboard decoration,,2026-05-08,2026-05-09,1
273,service cupboard cylinder MVHR pipework installation & ducts,,2025-12-07,2026-04-01,83
273,service cupboard cylinder MVHR pipework installation & ducts,,2026-04-04,2026-04-05,1
273,service cupboard cylinder MVHR pipework installation & ducts,,2026-04-11,2026-04-12,1
273,service cupboard cylinder MVHR pipework installation & ducts,,2026-04-18,2026-04-19,1
273,service cupboard cylinder MVHR pipework installation & ducts,,2026-04-25,2026-04-26,1
273,service cupboard cylinder MVHR pipework installation & ducts,,2026-05-01,2026-05-02,1
273,service cupboard cylinder MVHR pipework installation & ducts,,2026-05-08,2026-05-09,1
,Amtico flooring /Bathrooms,,2025-12-07,2026-04-01,83
,Amtico flooring /Bathrooms,,2026-04-04,2026-04-05,1
,Amtico flooring /Bathrooms,,2026-04-11,2026-04-12,1
,Amtico flooring /Bathrooms,,2026-04-18,2026-04-19,1
,Amtico flooring /Bathrooms,,2026-04-25,2026-04-26,1
,Amtico flooring /Bathrooms,,2026-05-01,2026-05-02,1
,Amtico flooring /Bathrooms,,2026-05-08,2026-05-09,1
274,Plumbing second fix sanitaryware & pressure testing,,2025-12-07,2026-04-01,83
274,Plumbing second fix sanitaryware & pressure testing,,2026-04-04,2026-04-05,1
274,Plumbing second fix sanitaryware & pressure testing,,2026-04-11,2026-04-12,1
274,Plumbing second fix sanitaryware & pressure testing,,2026-04-18,2026-04-19,1
274,Plumbing second fix sanitaryware & pressure testing,,2026-04-25,2026-04-26,1
274,Plumbing second fix sanitaryware & pressure testing,,2026-05-01,2026-05-02,1
274,Plumbing second fix sanitaryware & pressure testing,,2026-05-08,2026-05-09,1
275,Electrical 2nd fix & live testing,,2025-12-07,2026-04-05,85
275,Electrical 2nd fix & live testing,,2026-04-11,2026-04-12,1
275,Electrical 2nd fix & live testing,,2026-04-18,2026-04-19,1
275,Electrical 2nd fix & live testing,,2026-04-25,2026-04-26,1
275,Electrical 2nd fix & live testing,,2026-05-01,2026-05-02,1
275,Electrical 2nd fix & live testing,,2026-05-08,2026-05-09,1
276,Builders clean,,2025-12-07,2026-04-05,85
276,Builders clean,,2026-04-11,2026-04-19,5
276,Builders clean,,2026-04-25,2026-04-26,1
276,Builders clean,,2026-05-01,2026-05-02,1
276,Builders clean,,2026-05-08,2026-05-09,1
276,Builders clean,,2026-05-27,2026-06-01,4
277,Pre -dec -snagging,,2025-12-07,2026-04-05,85
277,Pre -dec -snagging,,2026-04-11,2026-04-19,5
277,Pre -dec -snagging,,2026-04-25,2026-04-26,1
277,Pre -dec -snagging,,2026-05-01,2026-05-02,1
277,Pre -dec -snagging,,2026-05-08,2026-05-09,1
277,Pre -dec -snagging,,2026-05-27,2026-06-01,4
278,Decoration,,2025-12-07,2026-04-05,85
278,Decoration,,2026-04-11,2026-04-19,5
278,Decoration,,2026-04-25,2026-04-26,1
278,Decoration,,2026-05-01,2026-05-02,1
278,Decoration,,2026-05-08,2026-05-09,1
278,Decoration,,2026-05-27,2026-06-01,4
279,Amtico flooring /Carpets,,2025-12-07,2026-04-01,83
279,Amtico flooring /Carpets,,2026-04-04,2026-04-05,1
279,Amtico flooring /Carpets,,2026-04-11,2026-06-01,36
280,De snag all trades,,2025-12-07,2026-04-01,83
280,De snag all trades,,2026-04-04,2026-04-05,1
280,De snag all trades,,2026-04-11,2026-06-01,36
281,Sparkle clean,,2025-12-07,2026-04-01,83
281,Sparkle clean,,2026-04-04,2026-04-05,1
281,Sparkle clean,,2026-04-11,2026-06-01,36
282,Mastic,,2025-12-07,2026-04-01,83
282,Mastic,,2026-04-04,2026-04-05,1
282,Mastic,,2026-04-11,2026-06-01,36
283,Handover to client,,2025-12-07,2026-04-01,83
283,Handover to client,,2026-04-04,2026-04-05,1
283,Handover to client,,2026-04-11,2026-06-01,36
,284,,2025-12-07,2026-04-01,83
,284,,2026-04-04,2026-04-05,1
,284,,2026-04-11,2026-06-01,36
,285,,2025-12-07,2026-04-01,83
,285,,2026-04-04,2026-04-05,1
,285,,2026-04-11,2026-06-01,36
,286,,2025-12-07,2026-04-01,83
,286,,2026-04-04,2026-04-05,1
,286,,2026-04-11,2026-06-01,36
,287,,2025-12-07,2026-04-01,83
,287,,2026-04-04,2026-04-05,1
,287,,2026-04-11,2026-06-01,36
,288,,2025-12-07,2026-04-01,83
,288,,2026-04-04,2026-04-05,1
,288,,2026-04-11,2026-06-01,36
,289,,2025-12-07,2026-04-01,83
,289,,2026-04-04,2026-04-05,1
,289,,2026-04-11,2026-06-01,36
,290,,2025-12-07,2026-04-01,83
,290,,2026-04-04,2026-04-05,1
,290,,2026-04-11,2026-06-01,36
,291,,2025-12-07,2026-04-01,83
,291,,2026-04-04,2026-04-05,1
,291,,2026-04-11,2026-06-01,36
,292,,2025-12-07,2026-04-01,83
,292,,2026-04-04,2026-04-05,1
,292,,2026-04-11,2026-06-01,36
,293,,2025-12-07,2026-04-01,83
,293,,2026-04-04,2026-04-05,1
,293,,2026-04-11,2026-06-01,36
,294,,2025-12-07,2026-04-01,83
,294,,2026-04-04,2026-04-05,1
,294,,2026-04-11,2026-06-01,36
,295,,2025-12-07,2026-04-01,83
,295,,2026-04-04,2026-04-05,1
,295,,2026-04-11,2026-06-01,36
,296,,2025-12-07,2026-04-01,83
,296,,2026-04-04,2026-04-05,1
,296,,2026-04-11,2026-06-01,36
,297,,2025-12-07,2026-04-01,83
,297,,2026-04-04,2026-04-05,1
,297,,2026-04-11,2026-06-01,36
,298,,2025-12-07,2026-04-01,83
,298,,2026-04-04,2026-04-05,1
,298,,2026-04-11,2026-06-01,36
,299,,2025-12-07,2026-04-01,83
,299,,2026-04-04,2026-04-05,1
,299,,2026-04-11,2026-06-01,36
,300,,2025-12-07,2026-04-01,83
,300,,2026-04-04,2026-04-05,1
,300,,2026-04-11,2026-06-01,36
,301,,2025-12-07,2026-04-01,83
,301,,2026-04-04,2026-04-05,1
,301,,2026-04-11,2026-06-01,36
,302,,2025-12-07,2026-04-01,83
,302,,2026-04-04,2026-04-05,1
,302,,2026-04-11,2026-06-01,36
,303,,2025-12-07,2026-04-01,83
,303,,2026-04-04,2026-04-05,1
,303,,2026-04-11,2026-06-01,36
,304,,2025-12-07,2026-04-01,83
,304,,2026-04-04,2026-04-05,1
,304,,2026-04-11,2026-06-01,36
,305,,2025-12-07,2026-04-01,83
,305,,2026-04-04,2026-04-05,1
,305,,2026-04-11,2026-06-01,36
